{
    "name": "root",
    "gauges": {
        "RobotBrain.Policy.Entropy.mean": {
            "value": 1.4489376544952393,
            "min": 1.4189382791519165,
            "max": 1.4507689476013184,
            "count": 424
        },
        "RobotBrain.Policy.Entropy.sum": {
            "value": 765.0390625,
            "min": 639.0897216796875,
            "max": 808.2908325195312,
            "count": 424
        },
        "RobotBrain.Step.mean": {
            "value": 211988.0,
            "min": 448.0,
            "max": 211988.0,
            "count": 424
        },
        "RobotBrain.Step.sum": {
            "value": 211988.0,
            "min": 448.0,
            "max": 211988.0,
            "count": 424
        },
        "RobotBrain.Policy.ExtrinsicValueEstimate.mean": {
            "value": -222.8278045654297,
            "min": -736.3765869140625,
            "max": 0.0,
            "count": 424
        },
        "RobotBrain.Policy.ExtrinsicValueEstimate.sum": {
            "value": -2005.4501953125,
            "min": -6627.38916015625,
            "max": 0.0,
            "count": 424
        },
        "RobotBrain.IsTraining.mean": {
            "value": 1.0,
            "min": 1.0,
            "max": 1.0,
            "count": 424
        },
        "RobotBrain.IsTraining.sum": {
            "value": 1.0,
            "min": 1.0,
            "max": 1.0,
            "count": 424
        },
        "HumanBehavior.Policy.Entropy.mean": {
            "value": 0.8088425993919373,
            "min": 0.7867261171340942,
            "max": 1.0953675508499146,
            "count": 204
        },
        "HumanBehavior.Policy.Entropy.sum": {
            "value": 7942.83447265625,
            "min": 7859.39404296875,
            "max": 10993.642578125,
            "count": 204
        },
        "HumanBehavior.Step.mean": {
            "value": 2039966.0,
            "min": 9957.0,
            "max": 2039966.0,
            "count": 204
        },
        "HumanBehavior.Step.sum": {
            "value": 2039966.0,
            "min": 9957.0,
            "max": 2039966.0,
            "count": 204
        },
        "HumanBehavior.Policy.ExtrinsicValueEstimate.mean": {
            "value": -11.471149444580078,
            "min": -25.886598587036133,
            "max": 5.082608699798584,
            "count": 204
        },
        "HumanBehavior.Policy.ExtrinsicValueEstimate.sum": {
            "value": -1846.8551025390625,
            "min": -4115.96923828125,
            "max": 813.2174072265625,
            "count": 204
        },
        "HumanBehavior.Environment.EpisodeLength.mean": {
            "value": 1083.7,
            "min": 461.42857142857144,
            "max": 3709.6,
            "count": 203
        },
        "HumanBehavior.Environment.EpisodeLength.sum": {
            "value": 10837.0,
            "min": 729.0,
            "max": 22627.0,
            "count": 203
        },
        "HumanBehavior.Environment.CumulativeReward.mean": {
            "value": -117.18653583526611,
            "min": -836.3735618591309,
            "max": 72.4785385131836,
            "count": 203
        },
        "HumanBehavior.Environment.CumulativeReward.sum": {
            "value": -1171.8653583526611,
            "min": -4481.589275360107,
            "max": 333.0151786804199,
            "count": 203
        },
        "HumanBehavior.Policy.ExtrinsicReward.mean": {
            "value": -117.18653583526611,
            "min": -836.3735618591309,
            "max": 72.4785385131836,
            "count": 203
        },
        "HumanBehavior.Policy.ExtrinsicReward.sum": {
            "value": -1171.8653583526611,
            "min": -4481.589275360107,
            "max": 333.0151786804199,
            "count": 203
        },
        "HumanBehavior.IsTraining.mean": {
            "value": 1.0,
            "min": 1.0,
            "max": 1.0,
            "count": 204
        },
        "HumanBehavior.IsTraining.sum": {
            "value": 1.0,
            "min": 1.0,
            "max": 1.0,
            "count": 204
        },
        "RobotBrain.Environment.EpisodeLength.mean": {
            "value": 12.0,
            "min": 3.0,
            "max": 76.0,
            "count": 306
        },
        "RobotBrain.Environment.EpisodeLength.sum": {
            "value": 12.0,
            "min": 3.0,
            "max": 76.0,
            "count": 306
        },
        "RobotBrain.Environment.CumulativeReward.mean": {
            "value": 1128.21826171875,
            "min": -8898.8349609375,
            "max": 6849.55615234375,
            "count": 306
        },
        "RobotBrain.Environment.CumulativeReward.sum": {
            "value": 1128.21826171875,
            "min": -8898.8349609375,
            "max": 6849.55615234375,
            "count": 306
        },
        "RobotBrain.Policy.ExtrinsicReward.mean": {
            "value": 1128.21826171875,
            "min": -8898.8349609375,
            "max": 6849.55615234375,
            "count": 306
        },
        "RobotBrain.Policy.ExtrinsicReward.sum": {
            "value": 1128.21826171875,
            "min": -8898.8349609375,
            "max": 6849.55615234375,
            "count": 306
        },
        "HumanBehavior.Losses.PolicyLoss.mean": {
            "value": 0.01633198750205338,
            "min": 0.015771882981061934,
            "max": 0.03283203534471492,
            "count": 198
        },
        "HumanBehavior.Losses.PolicyLoss.sum": {
            "value": 0.01633198750205338,
            "min": 0.015771882981061934,
            "max": 0.03283203534471492,
            "count": 198
        },
        "HumanBehavior.Losses.ValueLoss.mean": {
            "value": 135.2520413716634,
            "min": 46.77534500757853,
            "max": 412.3170633951823,
            "count": 198
        },
        "HumanBehavior.Losses.ValueLoss.sum": {
            "value": 135.2520413716634,
            "min": 46.77534500757853,
            "max": 412.3170633951823,
            "count": 198
        },
        "HumanBehavior.Policy.LearningRate.mean": {
            "value": 0.00022370646293118758,
            "min": 0.00022370646293118758,
            "max": 0.0002996122126292625,
            "count": 198
        },
        "HumanBehavior.Policy.LearningRate.sum": {
            "value": 0.00022370646293118758,
            "min": 0.00022370646293118758,
            "max": 0.0002996122126292625,
            "count": 198
        },
        "HumanBehavior.Policy.Epsilon.mean": {
            "value": 0.1745688125000001,
            "min": 0.1745688125000001,
            "max": 0.1998707375000001,
            "count": 198
        },
        "HumanBehavior.Policy.Epsilon.sum": {
            "value": 0.1745688125000001,
            "min": 0.1745688125000001,
            "max": 0.1998707375000001,
            "count": 198
        },
        "HumanBehavior.Policy.Beta.mean": {
            "value": 0.005000000000000001,
            "min": 0.005000000000000001,
            "max": 0.005000000000000001,
            "count": 198
        },
        "HumanBehavior.Policy.Beta.sum": {
            "value": 0.005000000000000001,
            "min": 0.005000000000000001,
            "max": 0.005000000000000001,
            "count": 198
        },
        "RobotBrain.Losses.PolicyLoss.mean": {
            "value": 0.02287253987354537,
            "min": 0.016942064060519138,
            "max": 0.028167820628732444,
            "count": 20
        },
        "RobotBrain.Losses.PolicyLoss.sum": {
            "value": 0.02287253987354537,
            "min": 0.016942064060519138,
            "max": 0.028167820628732444,
            "count": 20
        },
        "RobotBrain.Losses.ValueLoss.mean": {
            "value": 56578.560872395836,
            "min": 21720.734635416666,
            "max": 173698.51041666666,
            "count": 20
        },