{
    "name": "root",
    "gauges": {
        "HumanBehavior.Policy.Entropy.mean": {
            "value": 1.0572956800460815,
            "min": 0.9165850877761841,
            "max": 1.093374490737915,
            "count": 460
        },
        "HumanBehavior.Policy.Entropy.sum": {
            "value": 10825.650390625,
            "min": 7808.080078125,
            "max": 11342.501953125,
            "count": 460
        },
        "HumanBehavior.Step.mean": {
            "value": 5819964.0,
            "min": 1229966.0,
            "max": 5819964.0,
            "count": 460
        },
        "HumanBehavior.Step.sum": {
            "value": 5819964.0,
            "min": 1229966.0,
            "max": 5819964.0,
            "count": 460
        },
        "HumanBehavior.Policy.ExtrinsicValueEstimate.mean": {
            "value": -7.029966831207275,
            "min": -31.372291564941406,
            "max": 27.04489517211914,
            "count": 460
        },
        "HumanBehavior.Policy.ExtrinsicValueEstimate.sum": {
            "value": -1181.034423828125,
            "min": -5124.4482421875,
            "max": 4435.36279296875,
            "count": 460
        },
        "HumanBehavior.Environment.EpisodeLength.mean": {
            "value": 410.4736842105263,
            "min": 258.1515151515151,
            "max": 1531.0,
            "count": 460
        },
        "HumanBehavior.Environment.EpisodeLength.sum": {
            "value": 7799.0,
            "min": 896.0,
            "max": 19687.0,
            "count": 460
        },
        "HumanBehavior.Environment.CumulativeReward.mean": {
            "value": -25.210507148190548,
            "min": -121.75384836196899,
            "max": 104.35140886306763,
            "count": 460
        },
        "HumanBehavior.Environment.CumulativeReward.sum": {
            "value": -478.9996358156204,
            "min": -1992.9888843297958,
            "max": 532.4272324442863,
            "count": 460
        },
        "HumanBehavior.Policy.ExtrinsicReward.mean": {
            "value": -25.210507148190548,
            "min": -121.75384836196899,
            "max": 104.35140886306763,
            "count": 460
        },
        "HumanBehavior.Policy.ExtrinsicReward.sum": {
            "value": -478.9996358156204,
            "min": -1992.9888843297958,
            "max": 532.4272324442863,
            "count": 460
        },
        "HumanBehavior.IsTraining.mean": {
            "value": 1.0,
            "min": 1.0,
            "max": 1.0,
            "count": 460
        },
        "HumanBehavior.IsTraining.sum": {
            "value": 1.0,
            "min": 1.0,
            "max": 1.0,
            "count": 460
        },
        "RobotBrain.Policy.Entropy.mean": {
            "value": 1.428848385810852,
            "min": 1.4172933101654053,
            "max": 1.4288485050201416,
            "count": 466
        },
        "RobotBrain.Policy.Entropy.sum": {
            "value": 702.993408203125,
            "min": 532.90234375,
            "max": 867.0178833007812,
            "count": 466
        },
        "RobotBrain.Step.mean": {
            "value": 289487.0,
            "min": 56939.0,
            "max": 289487.0,
            "count": 466
        },
        "RobotBrain.Step.sum": {
            "value": 289487.0,
            "min": 56939.0,
            "max": 289487.0,
            "count": 466
        },
        "RobotBrain.Policy.ExtrinsicValueEstimate.mean": {
            "value": 335.50103759765625,
            "min": -143.70736694335938,
            "max": 706.7784423828125,
            "count": 466
        },
        "RobotBrain.Policy.ExtrinsicValueEstimate.sum": {
            "value": 2684.00830078125,
            "min": -1149.658935546875,
            "max": 6203.4755859375,
            "count": 466
        },
        "RobotBrain.Environment.EpisodeLength.mean": {
            "value": 178.0,
            "min": 2.0,
            "max": 651.0,
            "count": 412
        },
        "RobotBrain.Environment.EpisodeLength.sum": {
            "value": 178.0,
            "min": 2.0,
            "max": 651.0,
            "count": 412
        },
        "RobotBrain.Environment.CumulativeReward.mean": {
            "value": 3798.4907836914062,
            "min": -3810.5569458007812,
            "max": 9238.975219726562,
            "count": 414
        },
        "RobotBrain.Environment.CumulativeReward.sum": {
            "value": 3798.4907836914062,
            "min": -3810.5569458007812,
            "max": 20396.60791015625,
            "count": 414
        },
        "RobotBrain.Policy.ExtrinsicReward.mean": {
            "value": 3798.4907836914062,
            "min": -3810.5569458007812,
            "max": 9238.975219726562,
            "count": 414
        },
        "RobotBrain.Policy.ExtrinsicReward.sum": {
            "value": 3798.4907836914062,
            "min": -3810.5569458007812,
            "max": 20396.60791015625,
            "count": 414
        },
        "RobotBrain.IsTraining.mean": {
            "value": 1.0,
            "min": 1.0,
            "max": 1.0,
            "count": 466
        },
        "RobotBrain.IsTraining.sum": {
            "value": 1.0,
            "min": 1.0,
            "max": 1.0,
            "count": 466
        },
        "HumanBehavior.Losses.PolicyLoss.mean": {
            "value": 0.029703085652242105,
            "min": 0.01489020004713287,
            "max": 0.03305115526697288,
            "count": 441
        },
        "HumanBehavior.Losses.PolicyLoss.sum": {
            "value": 0.029703085652242105,
            "min": 0.01489020004713287,
            "max": 0.03305115526697288,
            "count": 441
        },
        "HumanBehavior.Losses.ValueLoss.mean": {
            "value": 18.235678577423094,
            "min": 1.7439315915107727,
            "max": 82.50623715718588,
            "count": 441
        },
        "HumanBehavior.Losses.ValueLoss.sum": {
            "value": 18.235678577423094,
            "min": 1.7439315915107727,
            "max": 82.50623715718588,
            "count": 441
        },
        "HumanBehavior.Policy.LearningRate.mean": {
            "value": 8.192276019243752e-05,
            "min": 8.192276019243752e-05,
            "max": 0.0002537549404150249,
            "count": 441
        },
        "HumanBehavior.Policy.LearningRate.sum": {
            "value": 8.192276019243752e-05,
            "min": 8.192276019243752e-05,
            "max": 0.0002537549404150249,
            "count": 441
        },
        "HumanBehavior.Policy.Epsilon.mean": {
            "value": 0.12730756250000003,
            "min": 0.12730756250000003,
            "max": 0.18458497499999998,
            "count": 441
        },
        "HumanBehavior.Policy.Epsilon.sum": {
            "value": 0.12730756250000003,
            "min": 0.12730756250000003,
            "max": 0.18458497499999998,
            "count": 441
        },
        "HumanBehavior.Policy.Beta.mean": {
            "value": 0.005000000000000001,
            "min": 0.005000000000000001,
            "max": 0.005000000000000001,
            "count": 441
        },
        "HumanBehavior.Policy.Beta.sum": {
            "value": 0.005000000000000001,
            "min": 0.005000000000000001,
            "max": 0.005000000000000001,
            "count": 441
        },
        "RobotBrain.Losses.PolicyLoss.mean": {
            "value": 0.03006251521098117,
            "min": 0.01613670641866823,
            "max": 0.031682058485845724,
            "count": 22
        },
        "RobotBrain.Losses.PolicyLoss.sum": {
            "value": 0.03006251521098117,
            "min": 0.01613670641866823,
            "max": 0.031682058485845724,
            "count": 22
        },
        "RobotBrain.Losses.ValueLoss.mean": {
            "value": 49981.127604166664,
            "min": 43776.805403645834,
            "max": 90972.04075520833,
            "count": 22
        },