{
    "name": "root",
    "gauges": {
        "RobotBrain.Policy.Entropy.mean": {
            "value": 1.4490145444869995,
            "min": 1.4189382791519165,
            "max": 1.4490145444869995,
            "count": 578
        },
        "RobotBrain.Policy.Entropy.sum": {
            "value": 767.9777221679688,
            "min": 654.2850341796875,
            "max": 777.0098876953125,
            "count": 578
        },
        "RobotBrain.Step.mean": {
            "value": 288987.0,
            "min": 459.0,
            "max": 288987.0,
            "count": 578
        },
        "RobotBrain.Step.sum": {
            "value": 288987.0,
            "min": 459.0,
            "max": 288987.0,
            "count": 578
        },
        "RobotBrain.Policy.ExtrinsicValueEstimate.mean": {
            "value": 11.469176292419434,
            "min": -70.95260620117188,
            "max": 874.44677734375,
            "count": 578
        },
        "RobotBrain.Policy.ExtrinsicValueEstimate.sum": {
            "value": 103.22258758544922,
            "min": -638.573486328125,
            "max": 8744.4677734375,
            "count": 578
        },
        "RobotBrain.Environment.EpisodeLength.mean": {
            "value": 15.0,
            "min": 3.0,
            "max": 36.0,
            "count": 565
        },
        "RobotBrain.Environment.EpisodeLength.sum": {
            "value": 15.0,
            "min": 3.0,
            "max": 43.0,
            "count": 565
        },
        "RobotBrain.Environment.CumulativeReward.mean": {
            "value": 3689.756591796875,
            "min": -5535.40234375,
            "max": 9434.255859375,
            "count": 563
        },
        "RobotBrain.Environment.CumulativeReward.sum": {
            "value": 3689.756591796875,
            "min": -5535.40234375,
            "max": 25601.66259765625,
            "count": 563
        },
        "RobotBrain.Policy.ExtrinsicReward.mean": {
            "value": 3689.756591796875,
            "min": -5535.40234375,
            "max": 9434.255859375,
            "count": 563
        },
        "RobotBrain.Policy.ExtrinsicReward.sum": {
            "value": 3689.756591796875,
            "min": -5535.40234375,
            "max": 25601.66259765625,
            "count": 563
        },
        "RobotBrain.IsTraining.mean": {
            "value": 1.0,
            "min": 1.0,
            "max": 1.0,
            "count": 578
        },
        "RobotBrain.IsTraining.sum": {
            "value": 1.0,
            "min": 1.0,
            "max": 1.0,
            "count": 578
        },
        "HumanBehavior.Policy.Entropy.mean": {
            "value": 1.0986119508743286,
            "min": 1.0986119508743286,
            "max": 1.0986119508743286,
            "count": 278
        },
        "HumanBehavior.Policy.Entropy.sum": {
            "value": 10546.6748046875,
            "min": 10546.6748046875,
            "max": 11249.7861328125,
            "count": 278
        },
        "HumanBehavior.Step.mean": {
            "value": 2779968.0,
            "min": 9984.0,
            "max": 2779968.0,
            "count": 278
        },
        "HumanBehavior.Step.sum": {
            "value": 2779968.0,
            "min": 9984.0,
            "max": 2779968.0,
            "count": 278
        },
        "HumanBehavior.Policy.ExtrinsicValueEstimate.mean": {
            "value": 0.0,
            "min": 0.0,
            "max": 0.0,
            "count": 278
        },
        "HumanBehavior.Policy.ExtrinsicValueEstimate.sum": {
            "value": 0.0,
            "min": 0.0,
            "max": 0.0,
            "count": 278
        },
        "HumanBehavior.IsTraining.mean": {
            "value": 1.0,
            "min": 1.0,
            "max": 1.0,
            "count": 278
        },
        "HumanBehavior.IsTraining.sum": {
            "value": 1.0,
            "min": 1.0,
            "max": 1.0,
            "count": 278
        },
        "HumanBehavior.Losses.PolicyLoss.mean": {
            "value": 0.0,
            "min": 0.0,
            "max": 0.0,
            "count": 255
        },
        "HumanBehavior.Losses.PolicyLoss.sum": {
            "value": 0.0,
            "min": 0.0,
            "max": 0.0,
            "count": 255
        },
        "HumanBehavior.Losses.ValueLoss.mean": {
            "value": 0.0,
            "min": 0.0,
            "max": 0.0,
            "count": 255
        },
        "HumanBehavior.Losses.ValueLoss.sum": {
            "value": 0.0,
            "min": 0.0,
            "max": 0.0,
            "count": 255
        },
        "HumanBehavior.Policy.LearningRate.mean": {
            "value": 0.0001959600346800001,
            "min": 0.0001959600346800001,
            "max": 0.00029959200013600004,
            "count": 255
        },
        "HumanBehavior.Policy.LearningRate.sum": {
            "value": 0.0001959600346800001,
            "min": 0.0001959600346800001,
            "max": 0.00029959200013600004,
            "count": 255
        },
        "HumanBehavior.Policy.Epsilon.mean": {
            "value": 0.16532000000000008,
            "min": 0.16532000000000008,
            "max": 0.19986399999999996,
            "count": 255
        },
        "HumanBehavior.Policy.Epsilon.sum": {
            "value": 0.16532000000000008,
            "min": 0.16532000000000008,
            "max": 0.19986399999999996,
            "count": 255
        },
        "HumanBehavior.Policy.Beta.mean": {
            "value": 0.005000000000000001,
            "min": 0.005000000000000001,
            "max": 0.005000000000000001,
            "count": 255
        },
        "HumanBehavior.Policy.Beta.sum": {
            "value": 0.005000000000000001,
            "min": 0.005000000000000001,
            "max": 0.005000000000000001,
            "count": 255
        },
        "RobotBrain.Losses.PolicyLoss.mean": {
            "value": 0.029370534714932242,
            "min": 0.01893904167227447,
            "max": 0.034047192179908356,
            "count": 28
        },
        "RobotBrain.Losses.PolicyLoss.sum": {
            "value": 0.029370534714932242,
            "min": 0.01893904167227447,
            "max": 0.034047192179908356,
            "count": 28
        },
        "RobotBrain.Losses.ValueLoss.mean": {
            "value": 104159.19661458333,
            "min": 96288.17096354166,
            "max": 297129.95546875,
            "count": 28
        },
        "RobotBrain.Losses.ValueLoss.sum": {
            "value": 104159.19661458333,
            "min": 96288.17096354166,
            "max": 297129.95546875,
            "count": 28
        },
        "RobotBrain.Policy.LearningRate.mean": {
            "value": 8.415457194850002e-05,
            "min": 8.415457194850002e-05,
            "max": 0.00029227875257374994,
            "count": 28
        },
        "RobotBrain.Policy.LearningRate.sum": {
            "value": 8.415457194850002e-05,
            "min": 8.415457194850002e-05,
            "max": 0.00029227875257374994,
            "count": 28
        },
        "RobotBrain.Policy.Epsilon.mean": {
            "value": 0.12805150000000007,
            "min": 0.12805150000000007,
            "max": 0.19742625000000008,
            "count": 28
        },
        "RobotBrain.Policy.Epsilon.sum": {
            "value": 0.12805150000000007,
            "min": 0.12805150000000007,
            "max": 0.19742625000000008,
            "count": 28
        },
        "RobotBrain.Policy.Beta.mean": {
            "value": 0.005000000000000001,
            "min": 0.005000000000000001,
            "max": 0.005000000000000001,
            "count": 28
        },
        "RobotBrain.Policy.Beta.sum": {
            "value": 0.005000000000000001,
            "min": 0.005000000000000001,
            "max": 0.005000000000000001,
            "count": 28
        }
    },
    "metadata": {
        "timer_format_version": "0.1.0",
        "start_time_seconds": "1760492882",