{"count":1,"self":1392.0893952,"total":5760.2989184,"children":{"InitializeActuators":{"count":106,"self":0.0011110999999999998,"total":0.0011110999999999998,"children":null},"InitializeSensors":{"count":106,"self":0.0020759999999999997,"total":0.0020759999999999997,"children":null},"AgentSendState":{"count":585734,"self":16.2870048,"total":158.00865059999998,"children":{"CollectObservations":{"count":6678355,"self":9.1769696,"total":9.1769698,"children":null},"WriteActionMask":{"count":6678355,"self":2.8666052,"total":2.8666050999999997,"children":null},"RequestDecision":{"count":6678355,"self":22.6867312,"total":129.67807159999998,"children":{"AgentInfo.ToProto":{"count":6678355,"self":11.0321152,"total":106.99134049999999,"children":{"GenerateSensorData":{"count":6678355,"self":95.9592256,"total":95.959224999999989,"children":null}}}}}}},"DecideAction":{"count":585734,"self":4171.718656,"total":4171.7184848,"children":null},"AgentAct":{"count":585734,"self":38.4460064,"total":38.4460056,"children":null},"AgentInfo.ToProto":{"count":2429,"self":0.0061736,"total":0.030935599999999997,"children":{"GenerateSensorData":{"count":2429,"self":0.024762,"total":0.024762,"children":null}}}},"gauges":{"HumanBehavior.CumulativeReward":{"count":2390,"max":2297.18726,"min":-67.58472,"runningAverage":303.156982,"value":-0.6171105,"weightedAverage":119.138237},"RobotBrain.CumulativeReward":{"count":39,"max":-63,"min":-148,"runningAverage":-106.307693,"value":-88,"weightedAverage":-90.61946}},"metadata":{"timer_format_version":"0.1.0","start_time_seconds":"1765631632","unity_version":"2021.3.43f1c1","command_line_arguments":"D:\\unity\\2021.3.43f1c1\\Editor\\Unity.exe -projectpath F:\\GitProgramManager\\MultiRobot_ARL_2025 -useHub -hubIPC -cloudEnvironment production -licensingIpc LicenseClient-forab -hubSessionId 55fc4c30-d70d-11f0-99f9-5fb04aecf98b -accessToken 3h-AjSjBEAgm_XyM19esAcwTOB0ItPVhV4nsS7jzkqk01ef","communication_protocol_version":"1.5.0","com.unity.ml-agents_version":"2.2.1-exp.1","scene_name":"ReinforceMentLearnining","end_time_seconds":"1765637392"}}