{
    "name": "root",
    "gauges": {
        "HumanBehavior.Policy.Entropy.mean": {
            "value": 1.0251368284225464,
            "min": 0.9864331483840942,
            "max": 1.0983901023864746,
            "count": 631
        },
        "HumanBehavior.Policy.Entropy.sum": {
            "value": 11610.69921875,
            "min": 8215.5556640625,
            "max": 13985.80078125,
            "count": 631
        },
        "HumanBehavior.Environment.EpisodeLength.mean": {
            "value": 2663.769230769231,
            "min": 25.0,
            "max": 3167.0,
            "count": 272
        },
        "HumanBehavior.Environment.EpisodeLength.sum": {
            "value": 138516.0,
            "min": 25.0,
            "max": 161397.0,
            "count": 272
        },
        "HumanBehavior.Step.mean": {
            "value": 6309985.0,
            "min": 9937.0,
            "max": 6309985.0,
            "count": 631
        },
        "HumanBehavior.Step.sum": {
            "value": 6309985.0,
            "min": 9937.0,
            "max": 6309985.0,
            "count": 631
        },
        "HumanBehavior.Policy.ExtrinsicValueEstimate.mean": {
            "value": 11.728361129760742,
            "min": -0.06307979673147202,
            "max": 18.088951110839844,
            "count": 631
        },
        "HumanBehavior.Policy.ExtrinsicValueEstimate.sum": {
            "value": 2146.2900390625,
            "min": -9.966608047485352,
            "max": 3274.10009765625,
            "count": 631
        },
        "HumanBehavior.Environment.CumulativeReward.mean": {
            "value": 298.3015972812875,
            "min": -50.45619612932205,
            "max": 1407.8828250169754,
            "count": 272
        },
        "HumanBehavior.Environment.CumulativeReward.sum": {
            "value": 15511.68305862695,
            "min": -94.5886372923851,
            "max": 28444.80685083568,
            "count": 272
        },
        "HumanBehavior.Policy.ExtrinsicReward.mean": {
            "value": 298.3015972812875,
            "min": -50.45619612932205,
            "max": 1407.8828250169754,
            "count": 272
        },
        "HumanBehavior.Policy.ExtrinsicReward.sum": {
            "value": 15511.68305862695,
            "min": -94.5886372923851,
            "max": 28444.80685083568,
            "count": 272
        },
        "HumanBehavior.IsTraining.mean": {
            "value": 0.0,
            "min": 0.0,
            "max": 1.0,
            "count": 631
        },
        "HumanBehavior.IsTraining.sum": {
            "value": 0.0,
            "min": 0.0,
            "max": 1.0,
            "count": 631
        },
        "HumanBehavior.Losses.PolicyLoss.mean": {
            "value": 0.02351598613895476,
            "min": 0.015195651057486733,
            "max": 0.034450055891647936,
            "count": 91
        },
        "HumanBehavior.Losses.PolicyLoss.sum": {
            "value": 0.02351598613895476,
            "min": 0.015195651057486733,
            "max": 0.034450055891647936,
            "count": 91
        },
        "HumanBehavior.Losses.ValueLoss.mean": {
            "value": 52.226295725504556,
            "min": 15.505632241566977,
            "max": 106.0435895284017,
            "count": 91
        },
        "HumanBehavior.Losses.ValueLoss.sum": {
            "value": 52.226295725504556,
            "min": 15.505632241566977,
            "max": 106.0435895284017,
            "count": 91
        },
        "HumanBehavior.Policy.LearningRate.mean": {
            "value": 2.1477992841000087e-06,
            "min": 2.1477992841000087e-06,
            "max": 0.00029650050116649995,
            "count": 91
        },
        "HumanBehavior.Policy.LearningRate.sum": {
            "value": 2.1477992841000087e-06,
            "min": 2.1477992841000087e-06,
            "max": 0.00029650050116649995,
            "count": 91
        },
        "HumanBehavior.Policy.Epsilon.mean": {
            "value": 0.1007159,
            "min": 0.1007159,
            "max": 0.1988335,
            "count": 91
        },
        "HumanBehavior.Policy.Epsilon.sum": {
            "value": 0.1007159,
            "min": 0.1007159,
            "max": 0.1988335,
            "count": 91
        },
        "HumanBehavior.Policy.Beta.mean": {
            "value": 0.010000000000000002,
            "min": 0.01,
            "max": 0.010000000000000002,
            "count": 91
        },
        "HumanBehavior.Policy.Beta.sum": {
            "value": 0.010000000000000002,
            "min": 0.01,
            "max": 0.010000000000000002,
            "count": 91
        },
        "RobotBrain.Policy.Entropy.mean": {
            "value": 1.5028845071792603,
            "min": 1.4189382791519165,
            "max": 1.5028845071792603,
            "count": 36
        },
        "RobotBrain.Policy.Entropy.sum": {
            "value": 14974.7412109375,
            "min": 14008.599609375,
            "max": 15217.4482421875,
            "count": 36
        },
        "RobotBrain.Step.mean": {
            "value": 359984.0,
            "min": 9988.0,
            "max": 359984.0,
            "count": 36
        },
        "RobotBrain.Step.sum": {
            "value": 359984.0,
            "min": 9988.0,
            "max": 359984.0,
            "count": 36
        },
        "RobotBrain.Policy.ExtrinsicBaselineEstimate.mean": {
            "value": -11.303553581237793,
            "min": -15.33935260772705,
            "max": 0.0022101823706179857,
            "count": 36
        },
        "RobotBrain.Policy.ExtrinsicBaselineEstimate.sum": {
            "value": -1774.657958984375,
            "min": -2392.93896484375,
            "max": 0.3469986319541931,
            "count": 36
        },
        "RobotBrain.Policy.ExtrinsicValueEstimate.mean": {
            "value": -11.202104568481445,
            "min": -16.12125587463379,
            "max": 0.002210192149505019,
            "count": 36
        },
        "RobotBrain.Policy.ExtrinsicValueEstimate.sum": {
            "value": -1758.7303466796875,
            "min": -2514.916015625,
            "max": 0.3470001816749573,
            "count": 36
        },
        "RobotBrain.Environment.EpisodeLength.mean": {
            "value": 88.0,
            "min": 66.0,
            "max": 113.0,
            "count": 36
        },
        "RobotBrain.Environment.EpisodeLength.sum": {
            "value": 88.0,
            "min": 66.0,
            "max": 184.0,
            "count": 36
        },
        "RobotBrain.Environment.CumulativeReward.mean": {
            "value": -100.0,
            "min": -148.0,
            "max": -63.0,
            "count": 36
        },
        "RobotBrain.Environment.CumulativeReward.sum": {
            "value": -100.0,
            "min": -261.0,
            "max": -63.0,
            "count": 36
        },
        "RobotBrain.Policy.ExtrinsicReward.mean": {
            "value": -265.0,
            "min": -571.0,
            "max": -225.0,
            "count": 36
        },
        "RobotBrain.Policy.ExtrinsicReward.sum": {
            "value": -265.0,
            "min": -851.0,
            "max": -225.0,
            "count": 36
        },
        "RobotBrain.IsTraining.mean": {
            "value": 1.0,
            "min": 1.0,
            "max": 1.0,
            "count": 36
        },
        "RobotBrain.IsTraining.sum": {
            "value": 1.0,
            "min": 1.0,
            "max": 1.0,
            "count": 36
        },
        "RobotBrain.Losses.PolicyLoss.mean": {
            "value": 0.016797311681633193,
            "min": 0.013069693627767266,
            "max": 0.019594942033290864,
            "count": 17
        },
        "RobotBrain.Losses.PolicyLoss.sum": {
            "value": 0.016797311681633193,
            "min": 0.013069693627767266,
            "max": 0.019594942033290864,
            "count": 17
        },