{
    "name": "root",
    "gauges": {
        "RobotBrain.Policy.Entropy.mean": {
            "value": 1.4220659732818604,
            "min": 1.416701316833496,
            "max": 1.4257097244262695,
            "count": 255
        },
        "RobotBrain.Policy.Entropy.sum": {
            "value": 551.7615966796875,
            "min": 545.9422607421875,
            "max": 902.4448852539062,
            "count": 255
        },
        "RobotBrain.Step.mean": {
            "value": 127439.0,
            "min": 448.0,
            "max": 127439.0,
            "count": 255
        },
        "RobotBrain.Step.sum": {
            "value": 127439.0,
            "min": 448.0,
            "max": 127439.0,
            "count": 255
        },
        "RobotBrain.Policy.ExtrinsicValueEstimate.mean": {
            "value": 0.010659866966307163,
            "min": -0.005597068462520838,
            "max": 0.3948161005973816,
            "count": 255
        },
        "RobotBrain.Policy.ExtrinsicValueEstimate.sum": {
            "value": 0.07461906969547272,
            "min": -0.0503736175596714,
            "max": 3.1585288047790527,
            "count": 255
        },
        "RobotBrain.IsTraining.mean": {
            "value": 1.0,
            "min": 1.0,
            "max": 1.0,
            "count": 255
        },
        "RobotBrain.IsTraining.sum": {
            "value": 1.0,
            "min": 1.0,
            "max": 1.0,
            "count": 255
        },
        "HumanBehavior.Policy.Entropy.mean": {
            "value": 0.7804306149482727,
            "min": 0.65229332447052,
            "max": 1.0986007452011108,
            "count": 226
        },
        "HumanBehavior.Policy.Entropy.sum": {
            "value": 9927.0771484375,
            "min": 5610.36767578125,
            "max": 15065.111328125,
            "count": 226
        },
        "HumanBehavior.Step.mean": {
            "value": 2259952.0,
            "min": 9945.0,
            "max": 2259952.0,
            "count": 226
        },
        "HumanBehavior.Step.sum": {
            "value": 2259952.0,
            "min": 9945.0,
            "max": 2259952.0,
            "count": 226
        },
        "HumanBehavior.Policy.ExtrinsicValueEstimate.mean": {
            "value": 2.6350481510162354,
            "min": 0.03385745733976364,
            "max": 4.8859663009643555,
            "count": 226
        },
        "HumanBehavior.Policy.ExtrinsicValueEstimate.sum": {
            "value": 411.0675048828125,
            "min": 5.281763076782227,
            "max": 796.4124755859375,
            "count": 226
        },
        "HumanBehavior.Environment.EpisodeLength.mean": {
            "value": 88.0,
            "min": 88.0,
            "max": 3182.02,
            "count": 64
        },
        "HumanBehavior.Environment.EpisodeLength.sum": {
            "value": 176.0,
            "min": 88.0,
            "max": 159101.0,
            "count": 64
        },
        "HumanBehavior.Environment.CumulativeReward.mean": {
            "value": 1.0761500597000122,
            "min": -25.73579740524292,
            "max": 204.0682881786488,
            "count": 65
        },
        "HumanBehavior.Environment.CumulativeReward.sum": {
            "value": 2.1523001194000244,
            "min": -42.300696194171906,
            "max": 5963.006307826312,
            "count": 65
        },
        "HumanBehavior.Policy.ExtrinsicReward.mean": {
            "value": 1.0761500597000122,
            "min": -25.73579740524292,
            "max": 204.0682881786488,
            "count": 65
        },
        "HumanBehavior.Policy.ExtrinsicReward.sum": {
            "value": 2.1523001194000244,
            "min": -42.300696194171906,
            "max": 5963.006307826312,
            "count": 65
        },
        "HumanBehavior.IsTraining.mean": {
            "value": 1.0,
            "min": 1.0,
            "max": 1.0,
            "count": 226
        },
        "HumanBehavior.IsTraining.sum": {
            "value": 1.0,
            "min": 1.0,
            "max": 1.0,
            "count": 226
        },
        "HumanBehavior.Losses.PolicyLoss.mean": {
            "value": 0.025968363127586516,
            "min": 0.01676006237976253,
            "max": 0.03213172731921077,
            "count": 204
        },
        "HumanBehavior.Losses.PolicyLoss.sum": {
            "value": 0.025968363127586516,
            "min": 0.01676006237976253,
            "max": 0.03213172731921077,
            "count": 204
        },
        "HumanBehavior.Losses.ValueLoss.mean": {
            "value": 10.530653823505748,
            "min": 1.9080433843262268,
            "max": 37.352831522623696,
            "count": 204
        },
        "HumanBehavior.Losses.ValueLoss.sum": {
            "value": 10.530653823505748,
            "min": 1.9080433843262268,
            "max": 37.352831522623696,
            "count": 204
        },
        "HumanBehavior.Policy.LearningRate.mean": {
            "value": 0.00021531422822859998,
            "min": 0.00021531422822859998,
            "max": 0.00029959826263391254,
            "count": 204
        },
        "HumanBehavior.Policy.LearningRate.sum": {
            "value": 0.00021531422822859998,
            "min": 0.00021531422822859998,
            "max": 0.00029959826263391254,
            "count": 204
        },
        "HumanBehavior.Policy.Epsilon.mean": {
            "value": 0.17177140000000002,
            "min": 0.17177140000000002,
            "max": 0.19986608750000007,
            "count": 204
        },
        "HumanBehavior.Policy.Epsilon.sum": {
            "value": 0.17177140000000002,
            "min": 0.17177140000000002,
            "max": 0.19986608750000007,
            "count": 204
        },
        "HumanBehavior.Policy.Beta.mean": {
            "value": 0.005,
            "min": 0.005,
            "max": 0.005000000000000001,
            "count": 204
        },
        "HumanBehavior.Policy.Beta.sum": {
            "value": 0.005,
            "min": 0.005,
            "max": 0.005000000000000001,
            "count": 204
        },
        "RobotBrain.Environment.EpisodeLength.mean": {
            "value": 33.0,
            "min": 28.0,
            "max": 40.0,
            "count": 13
        },
        "RobotBrain.Environment.EpisodeLength.sum": {
            "value": 33.0,
            "min": 28.0,
            "max": 40.0,
            "count": 13
        },
        "RobotBrain.Environment.CumulativeReward.mean": {
            "value": 5.0,
            "min": -6.0,
            "max": 8.0,
            "count": 13
        },
        "RobotBrain.Environment.CumulativeReward.sum": {
            "value": 5.0,
            "min": -6.0,
            "max": 8.0,
            "count": 13
        },
        "RobotBrain.Policy.ExtrinsicReward.mean": {
            "value": 5.0,
            "min": -6.0,
            "max": 8.0,
            "count": 13
        },
        "RobotBrain.Policy.ExtrinsicReward.sum": {
            "value": 5.0,
            "min": -6.0,
            "max": 8.0,
            "count": 13
        },
        "RobotBrain.Losses.PolicyLoss.mean": {
            "value": 0.022305250493809582,
            "min": 0.01893996838480234,
            "max": 0.02848624374407033,
            "count": 12
        },
        "RobotBrain.Losses.PolicyLoss.sum": {
            "value": 0.022305250493809582,
            "min": 0.01893996838480234,
            "max": 0.02848624374407033,
            "count": 12
        },
        "RobotBrain.Losses.ValueLoss.mean": {
            "value": 0.0035917364812121377,
            "min": 0.0009356380480274614,
            "max": 0.0708494088302056,
            "count": 12
        },
        "RobotBrain.Losses.ValueLoss.sum": {
            "value": 0.0035917364812121377,
            "min": 0.0009356380480274614,
            "max": 0.0708494088302056,
            "count": 12
        },