{
    "name": "root",
    "gauges": {
        "RobotBrain.Policy.Entropy.mean": {
            "value": 1.4521818161010742,
            "min": 1.418938398361206,
            "max": 1.4524071216583252,
            "count": 699
        },
        "RobotBrain.Policy.Entropy.sum": {
            "value": 717.3778076171875,
            "min": 595.46142578125,
            "max": 872.121826171875,
            "count": 699
        },
        "RobotBrain.Step.mean": {
            "value": 349491.0,
            "min": 463.0,
            "max": 349491.0,
            "count": 699
        },
        "RobotBrain.Step.sum": {
            "value": 349491.0,
            "min": 463.0,
            "max": 349491.0,
            "count": 699
        },
        "RobotBrain.Policy.ExtrinsicValueEstimate.mean": {
            "value": 53.63841247558594,
            "min": -29.44148826599121,
            "max": 461.6409606933594,
            "count": 699
        },
        "RobotBrain.Policy.ExtrinsicValueEstimate.sum": {
            "value": 429.1072998046875,
            "min": -264.973388671875,
            "max": 4154.7685546875,
            "count": 699
        },
        "RobotBrain.Environment.EpisodeLength.mean": {
            "value": 53.0,
            "min": 3.0,
            "max": 106.0,
            "count": 684
        },
        "RobotBrain.Environment.EpisodeLength.sum": {
            "value": 106.0,
            "min": 3.0,
            "max": 209.0,
            "count": 684
        },
        "RobotBrain.Environment.CumulativeReward.mean": {
            "value": 4735.64111328125,
            "min": -3781.5283203125,
            "max": 8514.9921875,
            "count": 686
        },
        "RobotBrain.Environment.CumulativeReward.sum": {
            "value": 9471.2822265625,
            "min": -3781.5283203125,
            "max": 22681.771484375,
            "count": 686
        },
        "RobotBrain.Policy.ExtrinsicReward.mean": {
            "value": 4735.64111328125,
            "min": -3781.5283203125,
            "max": 8514.9921875,
            "count": 686
        },
        "RobotBrain.Policy.ExtrinsicReward.sum": {
            "value": 9471.2822265625,
            "min": -3781.5283203125,
            "max": 22681.771484375,
            "count": 686
        },
        "RobotBrain.IsTraining.mean": {
            "value": 1.0,
            "min": 1.0,
            "max": 1.0,
            "count": 699
        },
        "RobotBrain.IsTraining.sum": {
            "value": 1.0,
            "min": 1.0,
            "max": 1.0,
            "count": 699
        },
        "HumanBehavior.Policy.Entropy.mean": {
            "value": 0.9500867128372192,
            "min": 0.8954702615737915,
            "max": 1.0954177379608154,
            "count": 285
        },
        "HumanBehavior.Policy.Entropy.sum": {
            "value": 9705.1357421875,
            "min": 8781.876953125,
            "max": 11250.5087890625,
            "count": 285
        },
        "HumanBehavior.Environment.EpisodeLength.mean": {
            "value": 223.73076923076923,
            "min": 73.46666666666667,
            "max": 298.55882352941177,
            "count": 285
        },
        "HumanBehavior.Environment.EpisodeLength.sum": {
            "value": 11634.0,
            "min": 6029.0,
            "max": 13560.0,
            "count": 285
        },
        "HumanBehavior.Step.mean": {
            "value": 2849939.0,
            "min": 9996.0,
            "max": 2849939.0,
            "count": 285
        },
        "HumanBehavior.Step.sum": {
            "value": 2849939.0,
            "min": 9996.0,
            "max": 2849939.0,
            "count": 285
        },
        "HumanBehavior.Policy.ExtrinsicValueEstimate.mean": {
            "value": -2.458752155303955,
            "min": -35.77587127685547,
            "max": 5.162220001220703,
            "count": 285
        },
        "HumanBehavior.Policy.ExtrinsicValueEstimate.sum": {
            "value": -442.5754089355469,
            "min": -6690.087890625,
            "max": 867.2529296875,
            "count": 285
        },
        "HumanBehavior.Environment.CumulativeReward.mean": {
            "value": -31.119568668878994,
            "min": -84.60888851050174,
            "max": 4.370145034790039,
            "count": 285
        },
        "HumanBehavior.Environment.CumulativeReward.sum": {
            "value": -1618.2175707817078,
            "min": -5174.09299325943,
            "max": 155.808180809021,
            "count": 285
        },
        "HumanBehavior.Policy.ExtrinsicReward.mean": {
            "value": -31.119568668878994,
            "min": -84.60888851050174,
            "max": 4.370145034790039,
            "count": 285
        },
        "HumanBehavior.Policy.ExtrinsicReward.sum": {
            "value": -1618.2175707817078,
            "min": -5174.09299325943,
            "max": 155.808180809021,
            "count": 285
        },
        "HumanBehavior.IsTraining.mean": {
            "value": 1.0,
            "min": 1.0,
            "max": 1.0,
            "count": 285
        },
        "HumanBehavior.IsTraining.sum": {
            "value": 1.0,
            "min": 1.0,
            "max": 1.0,
            "count": 285
        },
        "HumanBehavior.Losses.PolicyLoss.mean": {
            "value": 0.025780744074533384,
            "min": 0.01479228693060577,
            "max": 0.031819600705057384,
            "count": 275
        },
        "HumanBehavior.Losses.PolicyLoss.sum": {
            "value": 0.025780744074533384,
            "min": 0.01479228693060577,
            "max": 0.031819600705057384,
            "count": 275
        },
        "HumanBehavior.Losses.ValueLoss.mean": {
            "value": 90.03571459452311,
            "min": 19.59451764424642,
            "max": 210.21221110026042,
            "count": 275
        },
        "HumanBehavior.Losses.ValueLoss.sum": {
            "value": 90.03571459452311,
            "min": 19.59451764424642,
            "max": 210.21221110026042,
            "count": 275
        },
        "HumanBehavior.Policy.LearningRate.mean": {
            "value": 0.00019316066061312505,
            "min": 0.00019316066061312505,
            "max": 0.00029960595013135,
            "count": 275
        },
        "HumanBehavior.Policy.LearningRate.sum": {
            "value": 0.00019316066061312505,
            "min": 0.00019316066061312505,
            "max": 0.00029960595013135,
            "count": 275
        },
        "HumanBehavior.Policy.Epsilon.mean": {
            "value": 0.164386875,
            "min": 0.164386875,
            "max": 0.19986865,
            "count": 275
        },
        "HumanBehavior.Policy.Epsilon.sum": {
            "value": 0.164386875,
            "min": 0.164386875,
            "max": 0.19986865,
            "count": 275
        },
        "HumanBehavior.Policy.Beta.mean": {
            "value": 0.005000000000000001,
            "min": 0.005000000000000001,
            "max": 0.005000000000000001,
            "count": 275
        },
        "HumanBehavior.Policy.Beta.sum": {
            "value": 0.005000000000000001,
            "min": 0.005000000000000001,
            "max": 0.005000000000000001,
            "count": 275
        },
        "RobotBrain.Losses.PolicyLoss.mean": {
            "value": 0.019615738932043315,
            "min": 0.017843030889829,
            "max": 0.03260405045002699,
            "count": 34
        },
        "RobotBrain.Losses.PolicyLoss.sum": {
            "value": 0.019615738932043315,
            "min": 0.017843030889829,
            "max": 0.03260405045002699,
            "count": 34
        },
        "RobotBrain.Losses.ValueLoss.mean": {
            "value": 55769.3271484375,
            "min": 42605.005078125,
            "max": 181387.11510416667,
            "count": 34
        },
        "RobotBrain.Losses.ValueLoss.sum": {
            "value": 55769.3271484375,