{
    "name": "root",
    "gauges": {
        "RobotBrain.Policy.Entropy.mean": {
            "value": 1.4348610639572144,
            "min": 1.4306728839874268,
            "max": 1.4348610639572144,
            "count": 146
        },
        "RobotBrain.Policy.Entropy.sum": {
            "value": 667.2103881835938,
            "min": 569.4078369140625,
            "max": 768.7501831054688,
            "count": 146
        },
        "RobotBrain.Step.mean": {
            "value": 141458.0,
            "min": 68993.0,
            "max": 141458.0,
            "count": 146
        },
        "RobotBrain.Step.sum": {
            "value": 141458.0,
            "min": 68993.0,
            "max": 141458.0,
            "count": 146
        },
        "RobotBrain.Policy.ExtrinsicValueEstimate.mean": {
            "value": -34.83840560913086,
            "min": -314.5487365722656,
            "max": 13.685687065124512,
            "count": 146
        },
        "RobotBrain.Policy.ExtrinsicValueEstimate.sum": {
            "value": -313.545654296875,
            "min": -2830.938720703125,
            "max": 109.4854965209961,
            "count": 146
        },
        "RobotBrain.IsTraining.mean": {
            "value": 1.0,
            "min": 1.0,
            "max": 1.0,
            "count": 146
        },
        "RobotBrain.IsTraining.sum": {
            "value": 1.0,
            "min": 1.0,
            "max": 1.0,
            "count": 146
        },
        "HumanBehavior.Policy.Entropy.mean": {
            "value": 1.0266735553741455,
            "min": 0.8286466002464294,
            "max": 1.0615049600601196,
            "count": 71
        },
        "HumanBehavior.Policy.Entropy.sum": {
            "value": 9961.8134765625,
            "min": 5604.490234375,
            "max": 10803.998046875,
            "count": 71
        },
        "HumanBehavior.Step.mean": {
            "value": 1369997.0,
            "min": 669988.0,
            "max": 1369997.0,
            "count": 71
        },
        "HumanBehavior.Step.sum": {
            "value": 1369997.0,
            "min": 669988.0,
            "max": 1369997.0,
            "count": 71
        },
        "HumanBehavior.Policy.ExtrinsicValueEstimate.mean": {
            "value": -6.543989181518555,
            "min": -48.78901290893555,
            "max": 2.0368001461029053,
            "count": 71
        },
        "HumanBehavior.Policy.ExtrinsicValueEstimate.sum": {
            "value": -1171.3740234375,
            "min": -8538.0771484375,
            "max": 179.2384033203125,
            "count": 71
        },
        "HumanBehavior.Environment.EpisodeLength.mean": {
            "value": 289.8723404255319,
            "min": 149.66666666666666,
            "max": 489.36842105263156,
            "count": 71
        },
        "HumanBehavior.Environment.EpisodeLength.sum": {
            "value": 13624.0,
            "min": 898.0,
            "max": 14635.0,
            "count": 71
        },
        "HumanBehavior.Environment.CumulativeReward.mean": {
            "value": -38.95392746395535,
            "min": -134.12274622917175,
            "max": 3.059166967868805,
            "count": 71
        },
        "HumanBehavior.Environment.CumulativeReward.sum": {
            "value": -1752.9267358779907,
            "min": -4095.551927089691,
            "max": 73.42000722885132,
            "count": 71
        },
        "HumanBehavior.Policy.ExtrinsicReward.mean": {
            "value": -38.95392746395535,
            "min": -134.12274622917175,
            "max": 3.059166967868805,
            "count": 71
        },
        "HumanBehavior.Policy.ExtrinsicReward.sum": {
            "value": -1752.9267358779907,
            "min": -4095.551927089691,
            "max": 73.42000722885132,
            "count": 71
        },
        "HumanBehavior.IsTraining.mean": {
            "value": 1.0,
            "min": 1.0,
            "max": 1.0,
            "count": 71
        },
        "HumanBehavior.IsTraining.sum": {
            "value": 1.0,
            "min": 1.0,
            "max": 1.0,
            "count": 71
        },
        "RobotBrain.Environment.EpisodeLength.mean": {
            "value": 16.0,
            "min": 4.0,
            "max": 34.0,
            "count": 123
        },
        "RobotBrain.Environment.EpisodeLength.sum": {
            "value": 32.0,
            "min": 4.0,
            "max": 38.0,
            "count": 123
        },
        "RobotBrain.Environment.CumulativeReward.mean": {
            "value": 4851.5047607421875,
            "min": -4732.7265625,
            "max": 8449.07421875,
            "count": 121
        },
        "RobotBrain.Environment.CumulativeReward.sum": {
            "value": 9703.009521484375,
            "min": -4732.7265625,
            "max": 11934.098876953125,
            "count": 121
        },
        "RobotBrain.Policy.ExtrinsicReward.mean": {
            "value": 4851.5047607421875,
            "min": -4732.7265625,
            "max": 8449.07421875,
            "count": 121
        },
        "RobotBrain.Policy.ExtrinsicReward.sum": {
            "value": 9703.009521484375,
            "min": -4732.7265625,
            "max": 11934.098876953125,
            "count": 121
        },
        "HumanBehavior.Losses.PolicyLoss.mean": {
            "value": 0.018312992931654056,
            "min": 0.015569905533144872,
            "max": 0.030654462706297635,
            "count": 68
        },
        "HumanBehavior.Losses.PolicyLoss.sum": {
            "value": 0.018312992931654056,
            "min": 0.015569905533144872,
            "max": 0.030654462706297635,
            "count": 68
        },
        "HumanBehavior.Losses.ValueLoss.mean": {
            "value": 25.064118512471516,
            "min": 25.064118512471516,
            "max": 219.88929189046223,
            "count": 68
        },
        "HumanBehavior.Losses.ValueLoss.sum": {
            "value": 25.064118512471516,
            "min": 25.064118512471516,
            "max": 219.88929189046223,
            "count": 68
        },
        "HumanBehavior.Policy.LearningRate.mean": {
            "value": 0.00024878236707254995,
            "min": 0.00024878236707254995,
            "max": 0.0002746924209358625,
            "count": 68
        },
        "HumanBehavior.Policy.LearningRate.sum": {
            "value": 0.00024878236707254995,
            "min": 0.00024878236707254995,
            "max": 0.0002746924209358625,
            "count": 68
        },
        "HumanBehavior.Policy.Epsilon.mean": {
            "value": 0.18292745000000007,
            "min": 0.18292745000000007,
            "max": 0.19156413750000006,
            "count": 68
        },
        "HumanBehavior.Policy.Epsilon.sum": {
            "value": 0.18292745000000007,
            "min": 0.18292745000000007,
            "max": 0.19156413750000006,
            "count": 68
        },
        "HumanBehavior.Policy.Beta.mean": {
            "value": 0.005000000000000001,
            "min": 0.005000000000000001,
            "max": 0.005000000000000001,
            "count": 68
        },
        "HumanBehavior.Policy.Beta.sum": {
            "value": 0.005000000000000001,
            "min": 0.005000000000000001,
            "max": 0.005000000000000001,
            "count": 68
        },
        "RobotBrain.Losses.PolicyLoss.mean": {
            "value": 0.02040992203789453,
            "min": 0.016636226745322346,
            "max": 0.027850321431954702,
            "count": 7
        },
        "RobotBrain.Losses.PolicyLoss.sum": {
            "value": 0.02040992203789453,
            "min": 0.016636226745322346,
            "max": 0.027850321431954702,
            "count": 7
        },
        "RobotBrain.Losses.ValueLoss.mean": {
            "value": 67935.00794270834,
            "min": 41881.057877604166,
            "max": 126163.76536458333,
            "count": 7
        },