Episode,Time,AgentType,AgentId,X,Z,Health,HumanState,DirectLeaderId,TopLevelLeaderId,DirectFollowerCount
0,0.00,Robot,RobotControl(Clone)_-17146,-21.900,26.250,,,,,0
0,0.00,Robot,RobotControl(Clone)_-17164,37.500,67.500,,,,,0
0,0.00,Robot,RobotControl(Clone)_-17182,96.900,26.250,,,,,0
0,0.00,Human,HumanControl(Clone)_-16346,-0.900,7.500,0.000,0,,,
0,0.00,Human,HumanControl(Clone)_-16362,-9.900,26.250,0.000,0,,,
0,0.00,Human,HumanControl(Clone)_-16378,-0.900,45.000,0.000,0,,,
0,0.00,Human,HumanControl(Clone)_-16394,36.000,56.250,0.000,0,,,
0,0.00,Human,HumanControl(Clone)_-16410,6.300,26.250,0.000,0,,,
0,0.00,Human,HumanControl(Clone)_-16426,72.900,45.000,0.000,0,,,
0,0.00,Human,HumanControl(Clone)_-16442,81.900,26.250,0.000,0,,,
0,0.00,Human,HumanControl(Clone)_-16458,72.900,10.500,0.000,0,,,
0,0.00,Human,HumanControl(Clone)_-16474,72.900,3.000,0.000,0,,,
0,0.00,Human,HumanControl(Clone)_-16490,19.800,32.250,0.000,0,,,
0,0.00,Human,HumanControl(Clone)_-16506,36.000,33.750,0.000,0,,,
0,0.00,Human,HumanControl(Clone)_-16522,52.200,27.750,0.000,0,,,
0,0.00,Human,HumanControl(Clone)_-16538,19.800,15.000,0.000,0,,,
0,0.00,Human,HumanControl(Clone)_-16554,36.000,16.500,0.000,0,,,
0,0.00,Human,HumanControl(Clone)_-16570,11.700,3.000,0.000,0,,,
0,0.00,Human,HumanControl(Clone)_-16586,17.100,3.000,0.000,0,,,
0,0.00,Human,HumanControl(Clone)_-16602,23.400,3.000,0.000,0,,,
0,0.00,Human,HumanControl(Clone)_-16618,31.500,3.000,0.000,0,,,
0,0.00,Human,HumanControl(Clone)_-16634,38.700,3.000,0.000,0,,,
0,0.00,Human,HumanControl(Clone)_-16650,44.100,3.000,0.000,0,,,
0,0.00,Human,HumanControl(Clone)_-16666,49.500,3.000,0.000,0,,,
0,0.00,Human,HumanControl(Clone)_-16682,57.600,3.000,0.000,0,,,
0,0.00,Human,HumanControl(Clone)_-16698,36.000,8.250,0.000,0,,,
0,0.00,Human,HumanControl(Clone)_-16714,65.700,26.250,0.000,0,,,
0,0.00,Human,HumanControl(Clone)_-16730,34.132,37.065,0.000,0,,,
0,0.00,Human,HumanControl(Clone)_-16746,32.361,2.681,0.000,0,,,
0,0.00,Human,HumanControl(Clone)_-16762,16.345,12.799,0.000,0,,,
0,0.00,Human,HumanControl(Clone)_-16778,0.849,4.007,0.000,0,,,
0,0.00,Human,HumanControl(Clone)_-16794,17.267,15.254,0.000,0,,,
0,0.00,Human,HumanControl(Clone)_-16810,73.497,9.479,0.000,0,,,
0,0.00,Human,HumanControl(Clone)_-16826,44.128,9.013,0.000,0,,,
0,0.00,Human,HumanControl(Clone)_-16842,37.511,19.144,0.000,0,,,
0,0.00,Human,HumanControl(Clone)_-16858,48.697,24.711,0.000,0,,,
0,0.00,Human,HumanControl(Clone)_-16874,34.825,33.748,0.000,0,,,
0,0.00,Human,HumanControl(Clone)_-16890,-1.632,43.434,0.000,0,,,
0,0.00,Human,HumanControl(Clone)_-16906,-0.549,41.921,0.000,0,,,
0,0.00,Human,HumanControl(Clone)_-16922,26.067,57.801,0.000,0,,,
0,0.00,Human,HumanControl(Clone)_-16938,24.987,51.007,0.000,0,,,
0,0.00,Human,HumanControl(Clone)_-16954,-2.341,10.445,0.000,0,,,
0,0.00,Human,HumanControl(Clone)_-16970,36.447,14.078,0.000,0,,,
0,0.00,Human,HumanControl(Clone)_-16986,43.407,1.625,0.000,0,,,
0,0.00,Human,HumanControl(Clone)_-17002,64.749,34.285,0.000,0,,,
0,0.00,Human,HumanControl(Clone)_-17018,44.317,4.220,0.000,0,,,
0,0.00,Human,HumanControl(Clone)_-17034,-14.844,29.496,0.000,0,,,
0,0.00,Human,HumanControl(Clone)_-17050,35.270,59.792,0.000,0,,,
0,0.00,Human,HumanControl(Clone)_-17066,43.095,61.455,0.000,0,,,
0,0.00,Human,HumanControl(Clone)_-17082,-10.593,30.342,0.000,0,,,
0,0.00,Human,HumanControl(Clone)_-17098,44.718,1.885,0.000,0,,,
0,0.00,Human,HumanControl(Clone)_-17114,18.803,33.482,0.000,0,,,
0,0.00,Human,HumanControl(Clone)_-17130,30.147,7.534,0.000,0,,,
0,0.50,Robot,RobotControl(Clone)_-17146,-21.900,26.250,,,,,1
0,0.50,Robot,RobotControl(Clone)_-17164,37.500,66.900,,,,,1
0,0.50,Robot,RobotControl(Clone)_-17182,94.800,26.250,,,,,0
0,0.50,Human,HumanControl(Clone)_-16346,-0.900,7.500,100.000,0,,,
0,0.50,Human,HumanControl(Clone)_-16362,-9.900,26.250,100.000,0,,,
0,0.50,Human,HumanControl(Clone)_-16378,-0.900,45.000,100.000,0,,,
0,0.50,Human,HumanControl(Clone)_-16394,36.000,56.250,100.000,0,,,
0,0.50,Human,HumanControl(Clone)_-16410,6.300,26.250,100.000,0,,,
0,0.50,Human,HumanControl(Clone)_-16426,72.900,45.000,100.000,0,,,
0,0.50,Human,HumanControl(Clone)_-16442,81.900,26.250,100.000,1,,,
0,0.50,Human,HumanControl(Clone)_-16458,72.900,10.500,100.000,0,,,
0,0.50,Human,HumanControl(Clone)_-16474,72.900,3.000,100.000,0,,,
0,0.50,Human,HumanControl(Clone)_-16490,19.800,32.250,100.000,0,,,
0,0.50,Human,HumanControl(Clone)_-16506,36.000,33.750,100.000,0,,,
0,0.50,Human,HumanControl(Clone)_-16522,52.200,27.750,100.000,0,,,
0,0.50,Human,HumanControl(Clone)_-16538,19.800,15.000,100.000,0,,,
0,0.50,Human,HumanControl(Clone)_-16554,36.000,16.500,100.000,0,,,
0,0.50,Human,HumanControl(Clone)_-16570,11.700,3.000,100.000,0,,,
0,0.50,Human,HumanControl(Clone)_-16586,17.100,3.000,100.000,1,,,
0,0.50,Human,HumanControl(Clone)_-16602,23.400,3.000,100.000,0,,,
0,0.50,Human,HumanControl(Clone)_-16618,31.460,3.015,100.000,0,,,
0,0.50,Human,HumanControl(Clone)_-16634,38.700,3.000,100.000,1,,,
0,0.50,Human,HumanControl(Clone)_-16650,44.100,3.000,100.000,0,,,
0,0.50,Human,HumanControl(Clone)_-16666,49.500,3.000,100.000,0,,,
0,0.50,Human,HumanControl(Clone)_-16682,57.600,3.000,100.000,1,,,
0,0.50,Human,HumanControl(Clone)_-16698,36.000,8.250,100.000,0,,,
0,0.50,Human,HumanControl(Clone)_-16714,65.700,26.250,100.000,1,,,
0,0.50,Human,HumanControl(Clone)_-16730,34.132,37.065,100.000,0,,,
0,0.50,Human,HumanControl(Clone)_-16746,32.436,2.653,100.000,0,,,
0,0.50,Human,HumanControl(Clone)_-16762,16.345,12.799,100.000,0,,,
0,0.50,Human,HumanControl(Clone)_-16778,0.849,4.007,100.000,0,,,
0,0.50,Human,HumanControl(Clone)_-16794,17.267,15.254,100.000,0,,,
0,0.50,Human,HumanControl(Clone)_-16810,73.497,9.479,100.000,1,,,
0,0.50,Human,HumanControl(Clone)_-16826,44.128,9.013,100.000,0,,,
0,0.50,Human,HumanControl(Clone)_-16842,37.511,19.144,100.000,0,,,
0,0.50,Human,HumanControl(Clone)_-16858,48.697,24.711,100.000,0,,,
0,0.50,Human,HumanControl(Clone)_-16874,34.825,33.748,100.000,0,,,
0,0.50,Human,HumanControl(Clone)_-16890,-1.632,43.434,100.000,0,,,
0,0.50,Human,HumanControl(Clone)_-16906,-0.549,41.921,100.000,0,,,
0,0.50,Human,HumanControl(Clone)_-16922,26.067,57.801,100.000,0,,,
0,0.50,Human,HumanControl(Clone)_-16938,24.987,51.007,100.000,0,,,
0,0.50,Human,HumanControl(Clone)_-16954,-2.341,10.445,100.000,0,,,
0,0.50,Human,HumanControl(Clone)_-16970,36.447,14.078,100.000,0,,,
0,0.50,Human,HumanControl(Clone)_-16986,43.407,1.625,100.000,0,,,
0,0.50,Human,HumanControl(Clone)_-17002,64.749,34.285,100.000,0,,,
0,0.50,Human,HumanControl(Clone)_-17018,44.317,4.220,100.000,0,,,
0,0.50,Human,HumanControl(Clone)_-17034,-14.844,29.496,100.000,1,RobotControl(Clone)_-17146,,
0,0.50,Human,HumanControl(Clone)_-17050,35.270,59.792,100.000,0,,,
0,0.50,Human,HumanControl(Clone)_-17066,43.095,61.455,100.000,1,RobotControl(Clone)_-17164,,
0,0.50,Human,HumanControl(Clone)_-17082,-10.593,30.342,100.000,0,,,
0,0.50,Human,HumanControl(Clone)_-17098,44.718,1.885,100.000,0,,,
0,0.50,Human,HumanControl(Clone)_-17114,18.803,33.482,100.000,0,,,
0,0.50,Human,HumanControl(Clone)_-17130,30.147,7.534,100.000,0,,,
0,1.00,Robot,RobotControl(Clone)_-17146,-21.900,26.250,,,,,1
0,1.00,Robot,RobotControl(Clone)_-17164,36.928,64.699,,,,,1
0,1.00,Robot,RobotControl(Clone)_-17182,94.512,26.250,,,,,0
0,1.00,Human,HumanControl(Clone)_-16346,0.426,7.635,100.000,0,,,
0,1.00,Human,HumanControl(Clone)_-16362,-9.900,26.250,100.000,0,,,
0,1.00,Human,HumanControl(Clone)_-16378,-0.900,45.000,100.000,0,,,
0,1.00,Human,HumanControl(Clone)_-16394,36.000,56.250,100.000,0,,,
0,1.00,Human,HumanControl(Clone)_-16410,6.300,26.250,100.000,0,,,
0,1.00,Human,HumanControl(Clone)_-16426,72.900,45.000,100.000,0,,,
0,1.00,Human,HumanControl(Clone)_-16442,81.900,26.250,99.808,1,,,
0,1.00,Human,HumanControl(Clone)_-16458,72.900,10.500,100.000,0,,,
0,1.00,Human,HumanControl(Clone)_-16474,72.900,3.000,100.000,0,,,
0,1.00,Human,HumanControl(Clone)_-16490,19.800,32.250,99.808,0,,,
0,1.00,Human,HumanControl(Clone)_-16506,36.000,33.750,100.000,0,,,
0,1.00,Human,HumanControl(Clone)_-16522,52.200,27.750,99.808,0,,,
0,1.00,Human,HumanControl(Clone)_-16538,19.800,15.000,100.000,0,,,
0,1.00,Human,HumanControl(Clone)_-16554,36.000,16.500,99.378,1,,,
0,1.00,Human,HumanControl(Clone)_-16570,11.700,3.000,100.000,1,,,
0,1.00,Human,HumanControl(Clone)_-16586,17.100,3.000,100.000,1,,,
0,1.00,Human,HumanControl(Clone)_-16602,23.400,3.000,100.000,0,,,
0,1.00,Human,HumanControl(Clone)_-16618,31.428,3.028,100.000,0,,,
0,1.00,Human,HumanControl(Clone)_-16634,38.700,3.000,100.000,1,,,
0,1.00,Human,HumanControl(Clone)_-16650,44.100,3.000,100.000,1,,,
0,1.00,Human,HumanControl(Clone)_-16666,49.500,3.000,100.000,1,,,
0,1.00,Human,HumanControl(Clone)_-16682,57.600,3.000,100.000,1,,,
0,1.00,Human,HumanControl(Clone)_-16698,36.000,8.250,100.000,0,,,
0,1.00,Human,HumanControl(Clone)_-16714,65.700,26.250,99.808,1,,,
0,1.00,Human,HumanControl(Clone)_-16730,34.132,37.065,100.000,0,,,
0,1.00,Human,HumanControl(Clone)_-16746,32.538,2.614,100.000,0,,,
0,1.00,Human,HumanControl(Clone)_-16762,16.345,12.799,100.000,0,,,
0,1.00,Human,HumanControl(Clone)_-16778,0.849,4.007,100.000,0,,,
0,1.00,Human,HumanControl(Clone)_-16794,17.267,15.254,100.000,0,,,
0,1.00,Human,HumanControl(Clone)_-16810,73.497,9.479,100.000,1,,,
0,1.00,Human,HumanControl(Clone)_-16826,44.128,9.013,100.000,1,,,
0,1.00,Human,HumanControl(Clone)_-16842,37.511,19.144,100.000,0,,,
0,1.00,Human,HumanControl(Clone)_-16858,48.697,24.711,100.000,1,,,
0,1.00,Human,HumanControl(Clone)_-16874,34.825,33.748,100.000,0,,,
0,1.00,Human,HumanControl(Clone)_-16890,-1.632,43.434,100.000,1,,,
0,1.00,Human,HumanControl(Clone)_-16906,-0.549,41.921,100.000,0,,,
0,1.00,Human,HumanControl(Clone)_-16922,26.067,57.801,100.000,0,,,
0,1.00,Human,HumanControl(Clone)_-16938,24.987,51.007,100.000,0,,,
0,1.00,Human,HumanControl(Clone)_-16954,-2.341,10.445,100.000,0,,,
0,1.00,Human,HumanControl(Clone)_-16970,36.447,14.078,99.563,0,,,
0,1.00,Human,HumanControl(Clone)_-16986,43.407,1.625,100.000,0,,,
0,1.00,Human,HumanControl(Clone)_-17002,64.749,34.285,100.000,0,,,
0,1.00,Human,HumanControl(Clone)_-17018,44.317,4.220,100.000,0,,,
0,1.00,Human,HumanControl(Clone)_-17034,-14.844,29.496,100.000,1,RobotControl(Clone)_-17146,,
0,1.00,Human,HumanControl(Clone)_-17050,35.270,59.792,100.000,0,,,
0,1.00,Human,HumanControl(Clone)_-17066,43.095,61.455,100.000,1,RobotControl(Clone)_-17164,,
0,1.00,Human,HumanControl(Clone)_-17082,-10.593,30.342,100.000,1,,,
0,1.00,Human,HumanControl(Clone)_-17098,44.718,1.885,100.000,0,,,
0,1.00,Human,HumanControl(Clone)_-17114,18.803,33.482,100.000,0,,,
0,1.00,Human,HumanControl(Clone)_-17130,30.147,7.534,100.000,0,,,
0,1.50,Robot,RobotControl(Clone)_-17146,-21.900,26.250,,,,,1
0,1.50,Robot,RobotControl(Clone)_-17164,36.201,62.291,,,,,2
0,1.50,Robot,RobotControl(Clone)_-17182,94.662,26.250,,,,,0
0,1.50,Human,HumanControl(Clone)_-16346,6.196,7.871,100.000,0,,,
0,1.50,Human,HumanControl(Clone)_-16362,-9.900,26.250,100.000,0,,,
0,1.50,Human,HumanControl(Clone)_-16378,-0.900,45.000,100.000,0,,,
0,1.50,Human,HumanControl(Clone)_-16394,38.160,54.687,100.000,0,RobotControl(Clone)_-17164,,
0,1.50,Human,HumanControl(Clone)_-16410,6.300,26.250,99.808,1,,,
0,1.50,Human,HumanControl(Clone)_-16426,71.574,44.865,100.000,0,,,
0,1.50,Human,HumanControl(Clone)_-16442,81.900,26.250,99.408,1,,,
0,1.50,Human,HumanControl(Clone)_-16458,71.574,10.635,100.000,0,,,
0,1.50,Human,HumanControl(Clone)_-16474,72.900,3.000,100.000,0,,,
0,1.50,Human,HumanControl(Clone)_-16490,19.800,32.250,98.314,0,,,
0,1.50,Human,HumanControl(Clone)_-16506,36.000,33.750,100.000,0,,,
0,1.50,Human,HumanControl(Clone)_-16522,52.200,27.750,99.405,0,,,
0,1.50,Human,HumanControl(Clone)_-16538,19.800,15.000,100.000,1,,,
0,1.50,Human,HumanControl(Clone)_-16554,36.000,16.500,97.084,1,,,
0,1.50,Human,HumanControl(Clone)_-16570,11.700,3.000,100.000,1,,,
0,1.50,Human,HumanControl(Clone)_-16586,17.100,3.000,100.000,1,,,
0,1.50,Human,HumanControl(Clone)_-16602,23.400,3.000,100.000,0,,,
0,1.50,Human,HumanControl(Clone)_-16618,31.413,3.034,100.000,0,,,
0,1.50,Human,HumanControl(Clone)_-16634,38.700,3.000,100.000,1,,,
0,1.50,Human,HumanControl(Clone)_-16650,44.100,3.000,100.000,1,,,
0,1.50,Human,HumanControl(Clone)_-16666,49.500,3.000,100.000,1,,,
0,1.50,Human,HumanControl(Clone)_-16682,57.600,3.000,100.000,1,,,
0,1.50,Human,HumanControl(Clone)_-16698,36.000,8.250,100.000,1,,,
0,1.50,Human,HumanControl(Clone)_-16714,65.700,26.250,99.408,1,,,
0,1.50,Human,HumanControl(Clone)_-16730,34.132,37.065,100.000,0,,,
0,1.50,Human,HumanControl(Clone)_-16746,32.404,2.665,100.000,0,,,
0,1.50,Human,HumanControl(Clone)_-16762,16.345,12.799,100.000,0,,,
0,1.50,Human,HumanControl(Clone)_-16778,0.849,4.007,100.000,1,,,
0,1.50,Human,HumanControl(Clone)_-16794,17.267,15.254,100.000,0,,,
0,1.50,Human,HumanControl(Clone)_-16810,73.497,9.479,100.000,1,,,
0,1.50,Human,HumanControl(Clone)_-16826,44.128,9.013,100.000,1,HumanControl(Clone)_-16698,,
0,1.50,Human,HumanControl(Clone)_-16842,37.511,19.144,100.000,0,,,
0,1.50,Human,HumanControl(Clone)_-16858,48.697,24.711,100.000,1,,,
0,1.50,Human,HumanControl(Clone)_-16874,34.825,33.748,100.000,0,,,
0,1.50,Human,HumanControl(Clone)_-16890,-1.632,43.434,100.000,1,,,
0,1.50,Human,HumanControl(Clone)_-16906,-0.549,41.921,100.000,1,HumanControl(Clone)_-16890,,
0,1.50,Human,HumanControl(Clone)_-16922,26.067,57.801,99.808,1,,,
0,1.50,Human,HumanControl(Clone)_-16938,24.987,51.007,100.000,1,HumanControl(Clone)_-16922,,
0,1.50,Human,HumanControl(Clone)_-16954,-2.341,10.445,100.000,0,,,
0,1.50,Human,HumanControl(Clone)_-16970,36.447,14.078,97.796,0,,,
0,1.50,Human,HumanControl(Clone)_-16986,43.407,1.625,100.000,1,HumanControl(Clone)_-16650,,
0,1.50,Human,HumanControl(Clone)_-17002,64.749,34.285,100.000,0,,,
0,1.50,Human,HumanControl(Clone)_-17018,44.317,4.220,100.000,0,,,
0,1.50,Human,HumanControl(Clone)_-17034,-14.844,29.496,100.000,1,RobotControl(Clone)_-17146,,
0,1.50,Human,HumanControl(Clone)_-17050,35.270,59.792,100.000,0,,,
0,1.50,Human,HumanControl(Clone)_-17066,43.095,61.455,100.000,1,RobotControl(Clone)_-17164,,
0,1.50,Human,HumanControl(Clone)_-17082,-10.593,30.342,100.000,1,,,
0,1.50,Human,HumanControl(Clone)_-17098,44.718,1.885,100.000,0,,,
0,1.50,Human,HumanControl(Clone)_-17114,18.803,33.482,100.000,1,,,
0,1.50,Human,HumanControl(Clone)_-17130,30.147,7.534,100.000,1,HumanControl(Clone)_-16698,,
0,2.00,Robot,RobotControl(Clone)_-17146,-21.900,26.250,,,,,1
0,2.00,Robot,RobotControl(Clone)_-17164,35.807,61.103,,,,,3
0,2.00,Robot,RobotControl(Clone)_-17182,94.742,26.250,,,,,0
0,2.00,Human,HumanControl(Clone)_-16346,7.529,7.850,100.000,1,,,
0,2.00,Human,HumanControl(Clone)_-16362,-9.900,26.250,100.000,0,,,
0,2.00,Human,HumanControl(Clone)_-16378,-0.900,45.000,100.000,1,,,
0,2.00,Human,HumanControl(Clone)_-16394,39.259,53.932,100.000,1,RobotControl(Clone)_-17164,,
0,2.00,Human,HumanControl(Clone)_-16410,6.300,26.250,99.408,1,,,
0,2.00,Human,HumanControl(Clone)_-16426,64.314,45.410,100.000,1,,,
0,2.00,Human,HumanControl(Clone)_-16442,81.900,26.250,98.964,1,,,
0,2.00,Human,HumanControl(Clone)_-16458,70.247,10.771,100.000,1,HumanControl(Clone)_-16810,,
0,2.00,Human,HumanControl(Clone)_-16474,72.900,3.000,100.000,0,,,
0,2.00,Human,HumanControl(Clone)_-16490,19.749,30.918,97.243,0,,,
0,2.00,Human,HumanControl(Clone)_-16506,37.329,33.853,100.000,1,,,
0,2.00,Human,HumanControl(Clone)_-16522,52.200,27.750,99.001,1,HumanControl(Clone)_-16858,,
0,2.00,Human,HumanControl(Clone)_-16538,19.800,15.000,100.000,1,,,
0,2.00,Human,HumanControl(Clone)_-16554,36.000,16.500,94.155,1,,,
0,2.00,Human,HumanControl(Clone)_-16570,11.700,3.000,100.000,1,,,
0,2.00,Human,HumanControl(Clone)_-16586,17.100,3.000,100.000,1,,,
0,2.00,Human,HumanControl(Clone)_-16602,23.400,3.000,100.000,0,,,
0,2.00,Human,HumanControl(Clone)_-16618,31.406,3.037,100.000,1,,,
0,2.00,Human,HumanControl(Clone)_-16634,38.700,3.000,100.000,1,,,
0,2.00,Human,HumanControl(Clone)_-16650,44.100,3.000,100.000,1,,,
0,2.00,Human,HumanControl(Clone)_-16666,49.500,3.000,100.000,1,,,
0,2.00,Human,HumanControl(Clone)_-16682,57.600,3.000,100.000,1,,,
0,2.00,Human,HumanControl(Clone)_-16698,36.000,8.250,100.000,1,,,
0,2.00,Human,HumanControl(Clone)_-16714,65.700,26.250,99.006,1,,,
0,2.00,Human,HumanControl(Clone)_-16730,34.132,37.065,100.000,0,,,
0,2.00,Human,HumanControl(Clone)_-16746,32.426,2.656,100.000,0,,,
0,2.00,Human,HumanControl(Clone)_-16762,16.345,12.799,100.000,0,,,
0,2.00,Human,HumanControl(Clone)_-16778,0.849,4.007,100.000,1,,,
0,2.00,Human,HumanControl(Clone)_-16794,17.267,15.254,100.000,0,,,
0,2.00,Human,HumanControl(Clone)_-16810,73.497,9.479,100.000,1,,,
0,2.00,Human,HumanControl(Clone)_-16826,44.128,9.013,100.000,1,HumanControl(Clone)_-16698,,
0,2.00,Human,HumanControl(Clone)_-16842,37.511,19.144,100.000,0,,,
0,2.00,Human,HumanControl(Clone)_-16858,48.697,24.711,100.000,1,,,
0,2.00,Human,HumanControl(Clone)_-16874,34.825,33.748,100.000,0,,,
0,2.00,Human,HumanControl(Clone)_-16890,-1.632,43.434,100.000,1,,,
0,2.00,Human,HumanControl(Clone)_-16906,-0.549,41.921,100.000,1,HumanControl(Clone)_-16890,,
0,2.00,Human,HumanControl(Clone)_-16922,26.067,57.801,99.399,1,RobotControl(Clone)_-17164,,
0,2.00,Human,HumanControl(Clone)_-16938,24.987,51.007,100.000,1,HumanControl(Clone)_-16922,,
0,2.00,Human,HumanControl(Clone)_-16954,-2.341,10.445,100.000,0,,,
0,2.00,Human,HumanControl(Clone)_-16970,36.447,14.078,95.561,0,,,
0,2.00,Human,HumanControl(Clone)_-16986,43.407,1.625,100.000,1,HumanControl(Clone)_-16650,,
0,2.00,Human,HumanControl(Clone)_-17002,64.749,34.285,100.000,0,,,
0,2.00,Human,HumanControl(Clone)_-17018,44.317,4.220,100.000,1,HumanControl(Clone)_-16650,,
0,2.00,Human,HumanControl(Clone)_-17034,-14.844,29.496,100.000,1,RobotControl(Clone)_-17146,,
0,2.00,Human,HumanControl(Clone)_-17050,35.270,59.792,100.000,0,,,
0,2.00,Human,HumanControl(Clone)_-17066,43.095,61.455,100.000,1,RobotControl(Clone)_-17164,,
0,2.00,Human,HumanControl(Clone)_-17082,-10.593,30.342,100.000,1,,,
0,2.00,Human,HumanControl(Clone)_-17098,44.718,1.885,100.000,0,,,
0,2.00,Human,HumanControl(Clone)_-17114,18.803,33.482,100.000,1,,,
0,2.00,Human,HumanControl(Clone)_-17130,30.147,7.534,100.000,1,HumanControl(Clone)_-16698,,
0,2.50,Robot,RobotControl(Clone)_-17146,-21.900,26.250,,,,,1
0,2.50,Robot,RobotControl(Clone)_-17164,35.378,59.976,,,,,3
0,2.50,Robot,RobotControl(Clone)_-17182,94.789,26.249,,,,,0
0,2.50,Human,HumanControl(Clone)_-16346,6.979,11.136,100.000,1,,,
0,2.50,Human,HumanControl(Clone)_-16362,-9.900,26.250,100.000,0,,,
0,2.50,Human,HumanControl(Clone)_-16378,-0.900,45.000,100.000,1,HumanControl(Clone)_-16890,,
0,2.50,Human,HumanControl(Clone)_-16394,42.558,51.670,100.000,1,RobotControl(Clone)_-17164,,
0,2.50,Human,HumanControl(Clone)_-16410,6.300,26.250,99.008,1,,,
0,2.50,Human,HumanControl(Clone)_-16426,63.608,44.391,99.687,1,,,
0,2.50,Human,HumanControl(Clone)_-16442,81.900,26.250,97.971,1,,,
0,2.50,Human,HumanControl(Clone)_-16458,63.605,10.857,100.000,1,HumanControl(Clone)_-16810,,
0,2.50,Human,HumanControl(Clone)_-16474,72.900,3.000,100.000,0,,,
0,2.50,Human,HumanControl(Clone)_-16490,19.648,28.253,95.150,0,,,
0,2.50,Human,HumanControl(Clone)_-16506,47.564,34.104,99.619,1,HumanControl(Clone)_-16858,,
0,2.50,Human,HumanControl(Clone)_-16522,52.200,27.750,98.595,1,HumanControl(Clone)_-16858,,
0,2.50,Human,HumanControl(Clone)_-16538,21.798,14.911,100.000,1,,,
0,2.50,Human,HumanControl(Clone)_-16554,36.000,16.500,91.741,1,,,
0,2.50,Human,HumanControl(Clone)_-16570,11.700,9.891,99.888,1,,,
0,2.50,Human,HumanControl(Clone)_-16586,17.064,9.891,100.000,1,HumanControl(Clone)_-16570,,
0,2.50,Human,HumanControl(Clone)_-16602,22.494,9.891,99.886,1,,,
0,2.50,Human,HumanControl(Clone)_-16618,31.403,3.038,100.000,1,,,
0,2.50,Human,HumanControl(Clone)_-16634,38.700,3.000,100.000,1,,,
0,2.50,Human,HumanControl(Clone)_-16650,44.100,3.000,100.000,1,,,
0,2.50,Human,HumanControl(Clone)_-16666,49.500,3.000,100.000,1,,,
0,2.50,Human,HumanControl(Clone)_-16682,57.600,3.000,100.000,1,,,
0,2.50,Human,HumanControl(Clone)_-16698,36.000,8.250,100.000,1,,,
0,2.50,Human,HumanControl(Clone)_-16714,65.700,26.250,98.587,1,,,
0,2.50,Human,HumanControl(Clone)_-16730,34.132,37.065,100.000,1,,,
0,2.50,Human,HumanControl(Clone)_-16746,32.437,2.652,100.000,1,HumanControl(Clone)_-16618,,
0,2.50,Human,HumanControl(Clone)_-16762,16.345,12.799,100.000,0,,,
0,2.50,Human,HumanControl(Clone)_-16778,0.849,4.007,100.000,1,,,
0,2.50,Human,HumanControl(Clone)_-16794,17.267,15.254,100.000,1,HumanControl(Clone)_-16538,,
0,2.50,Human,HumanControl(Clone)_-16810,73.497,9.479,100.000,1,,,
0,2.50,Human,HumanControl(Clone)_-16826,44.128,9.013,100.000,1,HumanControl(Clone)_-16698,,
0,2.50,Human,HumanControl(Clone)_-16842,37.511,19.144,100.000,0,,,
0,2.50,Human,HumanControl(Clone)_-16858,48.697,24.711,100.000,1,,,
0,2.50,Human,HumanControl(Clone)_-16874,34.825,33.748,100.000,0,,,
0,2.50,Human,HumanControl(Clone)_-16890,-1.632,43.434,100.000,1,,,
0,2.50,Human,HumanControl(Clone)_-16906,-0.549,41.921,100.000,1,HumanControl(Clone)_-16890,,
0,2.50,Human,HumanControl(Clone)_-16922,26.067,57.801,98.839,1,RobotControl(Clone)_-17164,,
0,2.50,Human,HumanControl(Clone)_-16938,24.987,51.007,100.000,1,HumanControl(Clone)_-16922,,
0,2.50,Human,HumanControl(Clone)_-16954,-2.341,10.445,100.000,1,HumanControl(Clone)_-16778,,
0,2.50,Human,HumanControl(Clone)_-16970,36.447,14.078,93.547,1,HumanControl(Clone)_-16554,,
0,2.50,Human,HumanControl(Clone)_-16986,43.407,1.625,100.000,1,HumanControl(Clone)_-16650,,
0,2.50,Human,HumanControl(Clone)_-17002,64.749,34.285,100.000,0,,,
0,2.50,Human,HumanControl(Clone)_-17018,44.317,4.220,100.000,1,HumanControl(Clone)_-16650,,
0,2.50,Human,HumanControl(Clone)_-17034,-14.844,29.496,100.000,1,RobotControl(Clone)_-17146,,
0,2.50,Human,HumanControl(Clone)_-17050,34.875,59.095,100.000,1,,,
0,2.50,Human,HumanControl(Clone)_-17066,43.095,61.455,100.000,1,RobotControl(Clone)_-17164,,
0,2.50,Human,HumanControl(Clone)_-17082,-10.593,30.342,100.000,1,,,
0,2.50,Human,HumanControl(Clone)_-17098,44.718,1.885,100.000,0,,,
0,2.50,Human,HumanControl(Clone)_-17114,18.803,33.482,100.000,1,,,
0,2.50,Human,HumanControl(Clone)_-17130,30.147,7.534,100.000,1,HumanControl(Clone)_-16698,,
0,3.00,Robot,RobotControl(Clone)_-17146,-21.900,26.250,,,,,1
0,3.00,Robot,RobotControl(Clone)_-17164,35.367,60.098,,,,,3
0,3.00,Robot,RobotControl(Clone)_-17182,94.685,26.245,,,,,0
0,3.00,Human,HumanControl(Clone)_-16346,6.581,13.096,100.000,1,,,
0,3.00,Human,HumanControl(Clone)_-16362,-9.900,26.250,100.000,1,HumanControl(Clone)_-17082,,
0,3.00,Human,HumanControl(Clone)_-16378,-0.900,45.000,100.000,1,HumanControl(Clone)_-16890,,
0,3.00,Human,HumanControl(Clone)_-16394,44.207,50.539,100.000,1,RobotControl(Clone)_-17164,,
0,3.00,Human,HumanControl(Clone)_-16410,6.300,26.250,98.608,1,,,
0,3.00,Human,HumanControl(Clone)_-16426,63.677,42.391,99.274,1,,,
0,3.00,Human,HumanControl(Clone)_-16442,81.900,26.250,95.968,1,HumanControl(Clone)_-16714,,
0,3.00,Human,HumanControl(Clone)_-16458,63.637,12.218,99.776,1,HumanControl(Clone)_-16810,,
0,3.00,Human,HumanControl(Clone)_-16474,72.900,3.000,100.000,1,,,
0,3.00,Human,HumanControl(Clone)_-16490,19.597,26.921,94.572,1,HumanControl(Clone)_-17114,,
0,3.00,Human,HumanControl(Clone)_-16506,48.633,35.795,99.454,1,HumanControl(Clone)_-16858,,
0,3.00,Human,HumanControl(Clone)_-16522,52.200,27.750,98.174,1,HumanControl(Clone)_-16858,,
0,3.00,Human,HumanControl(Clone)_-16538,23.796,14.822,100.000,1,,,
0,3.00,Human,HumanControl(Clone)_-16554,36.000,16.500,89.316,1,HumanControl(Clone)_-16698,,
0,3.00,Human,HumanControl(Clone)_-16570,11.700,7.971,99.728,1,,,
0,3.00,Human,HumanControl(Clone)_-16586,17.100,7.971,100.000,1,HumanControl(Clone)_-16570,,
0,3.00,Human,HumanControl(Clone)_-16602,21.926,9.858,99.418,1,HumanControl(Clone)_-16618,,
0,3.00,Human,HumanControl(Clone)_-16618,30.094,9.804,98.434,1,,,
0,3.00,Human,HumanControl(Clone)_-16634,38.700,9.868,100.000,1,HumanControl(Clone)_-16618,,
0,3.00,Human,HumanControl(Clone)_-16650,44.100,3.000,100.000,1,,,
0,3.00,Human,HumanControl(Clone)_-16666,49.500,9.868,99.760,1,,,
0,3.00,Human,HumanControl(Clone)_-16682,57.600,9.868,99.760,1,HumanControl(Clone)_-16666,,
0,3.00,Human,HumanControl(Clone)_-16698,35.790,14.752,100.000,1,,,
0,3.00,Human,HumanControl(Clone)_-16714,72.565,26.250,98.413,1,,,
0,3.00,Human,HumanControl(Clone)_-16730,35.366,36.559,100.000,1,,,
0,3.00,Human,HumanControl(Clone)_-16746,32.442,2.650,100.000,1,HumanControl(Clone)_-16618,,
0,3.00,Human,HumanControl(Clone)_-16762,16.345,12.799,100.000,0,,,
0,3.00,Human,HumanControl(Clone)_-16778,0.849,4.007,100.000,1,,,
0,3.00,Human,HumanControl(Clone)_-16794,17.267,15.254,100.000,1,HumanControl(Clone)_-16538,,
0,3.00,Human,HumanControl(Clone)_-16810,73.497,9.479,100.000,1,,,
0,3.00,Human,HumanControl(Clone)_-16826,44.128,9.013,100.000,1,HumanControl(Clone)_-16698,,
0,3.00,Human,HumanControl(Clone)_-16842,37.511,19.144,100.000,1,HumanControl(Clone)_-16554,,
0,3.00,Human,HumanControl(Clone)_-16858,48.697,24.711,100.000,1,,,
0,3.00,Human,HumanControl(Clone)_-16874,34.825,33.748,100.000,1,HumanControl(Clone)_-16730,,
0,3.00,Human,HumanControl(Clone)_-16890,-1.632,43.434,100.000,1,,,
0,3.00,Human,HumanControl(Clone)_-16906,-0.549,41.921,100.000,1,HumanControl(Clone)_-16890,,
0,3.00,Human,HumanControl(Clone)_-16922,26.067,57.801,97.932,1,RobotControl(Clone)_-17164,,
0,3.00,Human,HumanControl(Clone)_-16938,24.987,51.007,100.000,1,HumanControl(Clone)_-16922,,
0,3.00,Human,HumanControl(Clone)_-16954,-2.341,10.445,100.000,1,HumanControl(Clone)_-16778,,
0,3.00,Human,HumanControl(Clone)_-16970,36.524,13.998,92.437,1,HumanControl(Clone)_-16554,,
0,3.00,Human,HumanControl(Clone)_-16986,43.407,1.625,100.000,1,HumanControl(Clone)_-16650,,
0,3.00,Human,HumanControl(Clone)_-17002,64.749,34.285,100.000,1,HumanControl(Clone)_-16426,,
0,3.00,Human,HumanControl(Clone)_-17018,44.317,4.220,100.000,1,HumanControl(Clone)_-16650,,
0,3.00,Human,HumanControl(Clone)_-17034,-14.844,29.496,100.000,1,RobotControl(Clone)_-17146,,
0,3.00,Human,HumanControl(Clone)_-17050,35.556,59.052,100.000,1,,,
0,3.00,Human,HumanControl(Clone)_-17066,43.095,61.455,100.000,1,RobotControl(Clone)_-17164,,
0,3.00,Human,HumanControl(Clone)_-17082,-10.593,30.342,100.000,1,,,
0,3.00,Human,HumanControl(Clone)_-17098,44.718,1.885,100.000,1,HumanControl(Clone)_-16650,,
0,3.00,Human,HumanControl(Clone)_-17114,18.803,33.482,100.000,1,,,
0,3.00,Human,HumanControl(Clone)_-17130,30.147,7.534,100.000,1,HumanControl(Clone)_-16698,,
0,3.50,Robot,RobotControl(Clone)_-17146,-21.900,26.250,,,,,1
0,3.50,Robot,RobotControl(Clone)_-17164,35.775,59.806,,,,,2
0,3.50,Robot,RobotControl(Clone)_-17182,94.737,26.248,,,,,0
0,3.50,Human,HumanControl(Clone)_-16346,5.782,17.015,100.000,1,,,
0,3.50,Human,HumanControl(Clone)_-16362,-9.900,26.250,100.000,1,HumanControl(Clone)_-17082,,
0,3.50,Human,HumanControl(Clone)_-16378,-0.900,45.000,100.000,1,HumanControl(Clone)_-16890,,
0,3.50,Human,HumanControl(Clone)_-16394,47.506,48.277,99.883,1,RobotControl(Clone)_-17164,,
0,3.50,Human,HumanControl(Clone)_-16410,6.300,26.250,98.208,1,HumanControl(Clone)_-16346,,
0,3.50,Human,HumanControl(Clone)_-16426,63.651,38.392,98.865,1,,,
0,3.50,Human,HumanControl(Clone)_-16442,81.900,26.250,92.852,1,HumanControl(Clone)_-16714,,
0,3.50,Human,HumanControl(Clone)_-16458,64.865,16.043,99.488,1,HumanControl(Clone)_-16810,,
0,3.50,Human,HumanControl(Clone)_-16474,72.900,3.000,100.000,1,,,
0,3.50,Human,HumanControl(Clone)_-16490,19.471,23.590,93.741,1,HumanControl(Clone)_-17114,,
0,3.50,Human,HumanControl(Clone)_-16506,50.195,39.477,99.454,1,HumanControl(Clone)_-16858,,
0,3.50,Human,HumanControl(Clone)_-16522,52.200,27.750,97.738,1,HumanControl(Clone)_-16858,,
0,3.50,Human,HumanControl(Clone)_-16538,27.792,14.643,100.000,1,,,
0,3.50,Human,HumanControl(Clone)_-16554,36.300,16.252,86.844,1,HumanControl(Clone)_-16698,,
0,3.50,Human,HumanControl(Clone)_-16570,11.700,7.945,99.728,1,,,
0,3.50,Human,HumanControl(Clone)_-16586,17.100,7.945,100.000,1,HumanControl(Clone)_-16570,,
0,3.50,Human,HumanControl(Clone)_-16602,24.790,9.420,99.376,1,HumanControl(Clone)_-16618,,
0,3.50,Human,HumanControl(Clone)_-16618,30.197,9.890,97.204,1,,,
0,3.50,Human,HumanControl(Clone)_-16634,38.700,7.961,100.000,1,HumanControl(Clone)_-16618,,
0,3.50,Human,HumanControl(Clone)_-16650,44.098,3.017,100.000,1,,,
0,3.50,Human,HumanControl(Clone)_-16666,49.500,7.961,99.728,1,,,
0,3.50,Human,HumanControl(Clone)_-16682,57.600,7.961,99.728,1,HumanControl(Clone)_-16666,,
0,3.50,Human,HumanControl(Clone)_-16698,35.555,16.943,100.000,1,,,
0,3.50,Human,HumanControl(Clone)_-16714,74.342,26.250,98.113,1,,,
0,3.50,Human,HumanControl(Clone)_-16730,39.067,35.042,100.000,1,,,
0,3.50,Human,HumanControl(Clone)_-16746,32.437,2.652,100.000,1,HumanControl(Clone)_-16618,,
0,3.50,Human,HumanControl(Clone)_-16762,16.345,12.799,100.000,1,HumanControl(Clone)_-16538,,
0,3.50,Human,HumanControl(Clone)_-16778,7.765,7.000,100.000,1,HumanControl(Clone)_-16346,,
0,3.50,Human,HumanControl(Clone)_-16794,19.262,15.114,100.000,1,HumanControl(Clone)_-16538,,
0,3.50,Human,HumanControl(Clone)_-16810,71.899,9.829,99.888,1,,,
0,3.50,Human,HumanControl(Clone)_-16826,42.148,9.295,100.000,1,HumanControl(Clone)_-16698,,
0,3.50,Human,HumanControl(Clone)_-16842,36.865,17.343,100.000,1,HumanControl(Clone)_-16554,,
0,3.50,Human,HumanControl(Clone)_-16858,47.412,26.243,100.000,1,,,
0,3.50,Human,HumanControl(Clone)_-16874,34.586,35.734,100.000,1,HumanControl(Clone)_-16730,,
0,3.50,Human,HumanControl(Clone)_-16890,-0.008,43.791,99.888,1,,,
0,3.50,Human,HumanControl(Clone)_-16906,-1.632,42.434,99.888,1,HumanControl(Clone)_-16890,,
0,3.50,Human,HumanControl(Clone)_-16922,27.903,58.337,96.848,1,RobotControl(Clone)_-17164,,
0,3.50,Human,HumanControl(Clone)_-16938,25.436,52.744,100.000,1,HumanControl(Clone)_-16922,,
0,3.50,Human,HumanControl(Clone)_-16954,-1.590,8.602,100.000,1,HumanControl(Clone)_-16778,,
0,3.50,Human,HumanControl(Clone)_-16970,36.272,15.059,92.437,1,HumanControl(Clone)_-16554,,
0,3.50,Human,HumanControl(Clone)_-16986,43.373,2.242,100.000,1,HumanControl(Clone)_-16650,,
0,3.50,Human,HumanControl(Clone)_-17002,64.519,36.272,100.000,1,HumanControl(Clone)_-16426,,
0,3.50,Human,HumanControl(Clone)_-17018,44.317,4.220,100.000,1,HumanControl(Clone)_-16650,,
0,3.50,Human,HumanControl(Clone)_-17034,-14.844,29.496,100.000,1,RobotControl(Clone)_-17146,,
0,3.50,Human,HumanControl(Clone)_-17050,34.685,59.756,100.000,1,,,
0,3.50,Human,HumanControl(Clone)_-17066,41.100,61.307,100.000,1,,,
0,3.50,Human,HumanControl(Clone)_-17082,-12.251,31.461,100.000,1,,,
0,3.50,Human,HumanControl(Clone)_-17098,44.330,1.913,100.000,1,HumanControl(Clone)_-16650,,
0,3.50,Human,HumanControl(Clone)_-17114,16.814,33.274,100.000,1,,,
0,3.50,Human,HumanControl(Clone)_-17130,30.147,7.534,100.000,1,HumanControl(Clone)_-16698,,
0,4.00,Robot,RobotControl(Clone)_-17146,-20.840,26.738,,,,,1
0,4.00,Robot,RobotControl(Clone)_-17164,34.632,59.781,,,,,2
0,4.00,Robot,RobotControl(Clone)_-17182,92.692,26.248,,,,,0
0,4.00,Human,HumanControl(Clone)_-16346,5.382,18.975,100.000,1,,,
0,4.00,Human,HumanControl(Clone)_-16362,-9.823,28.249,100.000,1,HumanControl(Clone)_-17082,,
0,4.00,Human,HumanControl(Clone)_-16378,-0.900,45.000,100.000,1,HumanControl(Clone)_-16890,,
0,4.00,Human,HumanControl(Clone)_-16394,49.155,47.145,99.717,1,RobotControl(Clone)_-17164,,
0,4.00,Human,HumanControl(Clone)_-16410,6.300,26.250,97.807,1,HumanControl(Clone)_-16346,,
0,4.00,Human,HumanControl(Clone)_-16426,63.626,36.393,98.453,1,,,
0,4.00,Human,HumanControl(Clone)_-16442,79.919,25.978,89.597,1,HumanControl(Clone)_-16714,,
0,4.00,Human,HumanControl(Clone)_-16458,65.505,17.946,99.376,1,HumanControl(Clone)_-16810,,
0,4.00,Human,HumanControl(Clone)_-16474,72.900,3.000,100.000,1,,,
0,4.00,Human,HumanControl(Clone)_-16490,19.696,15.350,93.741,1,HumanControl(Clone)_-17114,,
0,4.00,Human,HumanControl(Clone)_-16506,50.974,41.319,99.454,1,HumanControl(Clone)_-16858,,
0,4.00,Human,HumanControl(Clone)_-16522,52.200,27.750,97.298,1,HumanControl(Clone)_-16858,,
0,4.00,Human,HumanControl(Clone)_-16538,34.622,14.606,100.000,1,HumanControl(Clone)_-16698,,
0,4.00,Human,HumanControl(Clone)_-16554,34.564,17.061,85.854,1,HumanControl(Clone)_-16698,,
0,4.00,Human,HumanControl(Clone)_-16570,11.700,7.932,99.728,1,,,
0,4.00,Human,HumanControl(Clone)_-16586,17.100,7.932,100.000,1,HumanControl(Clone)_-16570,,
0,4.00,Human,HumanControl(Clone)_-16602,26.742,8.935,99.376,1,HumanControl(Clone)_-16618,,
0,4.00,Human,HumanControl(Clone)_-16618,32.196,9.862,93.630,1,,,
0,4.00,Human,HumanControl(Clone)_-16634,38.700,7.940,100.000,1,HumanControl(Clone)_-16618,,
0,4.00,Human,HumanControl(Clone)_-16650,44.080,3.066,100.000,1,,,
0,4.00,Human,HumanControl(Clone)_-16666,49.500,7.940,99.728,1,,,
0,4.00,Human,HumanControl(Clone)_-16682,57.600,7.940,99.728,1,HumanControl(Clone)_-16666,,
0,4.00,Human,HumanControl(Clone)_-16698,35.467,15.208,100.000,1,,,
0,4.00,Human,HumanControl(Clone)_-16714,72.342,26.250,96.951,1,,,
0,4.00,Human,HumanControl(Clone)_-16730,45.515,33.586,99.758,1,HumanControl(Clone)_-16858,,
0,4.00,Human,HumanControl(Clone)_-16746,30.569,3.365,100.000,1,HumanControl(Clone)_-16618,,
0,4.00,Human,HumanControl(Clone)_-16762,16.345,12.799,100.000,1,HumanControl(Clone)_-16538,,
0,4.00,Human,HumanControl(Clone)_-16778,8.363,7.000,100.000,1,HumanControl(Clone)_-16346,,
0,4.00,Human,HumanControl(Clone)_-16794,21.258,14.988,100.000,1,HumanControl(Clone)_-16538,,
0,4.00,Human,HumanControl(Clone)_-16810,64.290,9.544,99.488,1,,,
0,4.00,Human,HumanControl(Clone)_-16826,40.168,9.577,99.760,1,HumanControl(Clone)_-16698,,
0,4.00,Human,HumanControl(Clone)_-16842,37.061,15.670,100.000,1,HumanControl(Clone)_-16554,,
0,4.00,Human,HumanControl(Clone)_-16858,46.126,27.775,99.723,1,,,
0,4.00,Human,HumanControl(Clone)_-16874,35.619,37.447,100.000,1,HumanControl(Clone)_-16730,,
0,4.00,Human,HumanControl(Clone)_-16890,7.765,44.500,99.488,1,,,
0,4.00,Human,HumanControl(Clone)_-16906,-1.632,42.434,99.488,1,HumanControl(Clone)_-16890,,
0,4.00,Human,HumanControl(Clone)_-16922,29.829,58.876,96.549,1,RobotControl(Clone)_-17164,,
0,4.00,Human,HumanControl(Clone)_-16938,25.803,54.710,100.000,1,HumanControl(Clone)_-16922,,
0,4.00,Human,HumanControl(Clone)_-16954,-0.919,6.717,100.000,1,HumanControl(Clone)_-16778,,
0,4.00,Human,HumanControl(Clone)_-16970,36.677,14.714,92.437,1,HumanControl(Clone)_-16554,,
0,4.00,Human,HumanControl(Clone)_-16986,43.615,2.119,100.000,1,HumanControl(Clone)_-16650,,
0,4.00,Human,HumanControl(Clone)_-17002,64.290,38.258,99.752,1,HumanControl(Clone)_-16426,,
0,4.00,Human,HumanControl(Clone)_-17018,44.317,4.220,100.000,1,HumanControl(Clone)_-16650,,
0,4.00,Human,HumanControl(Clone)_-17034,-14.844,29.496,100.000,1,,,
0,4.00,Human,HumanControl(Clone)_-17050,35.611,59.258,100.000,1,,,
0,4.00,Human,HumanControl(Clone)_-17066,39.114,61.074,100.000,1,,,
0,4.00,Human,HumanControl(Clone)_-17082,-13.909,32.579,100.000,1,RobotControl(Clone)_-17146,,
0,4.00,Human,HumanControl(Clone)_-17098,44.633,1.757,100.000,1,HumanControl(Clone)_-16650,,
0,4.00,Human,HumanControl(Clone)_-17114,14.825,33.067,100.000,1,,,
0,4.00,Human,HumanControl(Clone)_-17130,31.793,8.192,100.000,1,HumanControl(Clone)_-16698,,
0,4.50,Robot,RobotControl(Clone)_-17146,-18.775,27.607,,,,,1
0,4.50,Robot,RobotControl(Clone)_-17164,35.473,57.609,,,,,2
0,4.50,Robot,RobotControl(Clone)_-17182,88.671,26.248,,,,,0
0,4.50,Human,HumanControl(Clone)_-16346,4.583,22.894,100.000,1,,,
0,4.50,Human,HumanControl(Clone)_-16362,-11.752,31.663,100.000,1,HumanControl(Clone)_-17082,,
0,4.50,Human,HumanControl(Clone)_-16378,-0.985,43.575,100.000,1,HumanControl(Clone)_-16890,,
0,4.50,Human,HumanControl(Clone)_-16394,47.731,48.904,99.717,1,RobotControl(Clone)_-17164,,
0,4.50,Human,HumanControl(Clone)_-16410,6.175,22.252,97.406,1,HumanControl(Clone)_-16346,,
0,4.50,Human,HumanControl(Clone)_-16426,65.239,38.262,98.420,1,,,
0,4.50,Human,HumanControl(Clone)_-16442,75.956,25.433,87.880,1,HumanControl(Clone)_-16714,,
0,4.50,Human,HumanControl(Clone)_-16458,67.076,15.761,99.088,1,HumanControl(Clone)_-16810,,
0,4.50,Human,HumanControl(Clone)_-16474,64.237,3.165,100.000,1,HumanControl(Clone)_-16810,,
0,4.50,Human,HumanControl(Clone)_-16490,19.776,13.573,93.545,1,HumanControl(Clone)_-17114,,
0,4.50,Human,HumanControl(Clone)_-16506,50.785,39.056,99.454,1,HumanControl(Clone)_-16858,,
0,4.50,Human,HumanControl(Clone)_-16522,48.693,25.827,97.263,1,HumanControl(Clone)_-16858,,
0,4.50,Human,HumanControl(Clone)_-16538,34.834,14.265,100.000,1,HumanControl(Clone)_-16698,,
0,4.50,Human,HumanControl(Clone)_-16554,34.117,15.247,85.854,1,HumanControl(Clone)_-16698,,
0,4.50,Human,HumanControl(Clone)_-16570,4.861,7.978,99.728,1,,,
0,4.50,Human,HumanControl(Clone)_-16586,15.133,7.565,100.000,1,HumanControl(Clone)_-16570,,
0,4.50,Human,HumanControl(Clone)_-16602,30.374,9.178,99.376,1,HumanControl(Clone)_-16618,,
0,4.50,Human,HumanControl(Clone)_-16618,35.463,9.013,91.414,1,,,
0,4.50,Human,HumanControl(Clone)_-16634,37.078,8.660,100.000,1,HumanControl(Clone)_-16618,,
0,4.50,Human,HumanControl(Clone)_-16650,44.511,3.324,100.000,1,,,
0,4.50,Human,HumanControl(Clone)_-16666,49.500,7.930,99.728,1,,,
0,4.50,Human,HumanControl(Clone)_-16682,55.615,7.685,99.728,1,HumanControl(Clone)_-16666,,
0,4.50,Human,HumanControl(Clone)_-16698,34.905,6.612,100.000,1,HumanControl(Clone)_-16618,,
0,4.50,Human,HumanControl(Clone)_-16714,63.606,26.250,96.385,1,HumanControl(Clone)_-16426,,
0,4.50,Human,HumanControl(Clone)_-16730,49.438,32.827,99.726,1,HumanControl(Clone)_-16858,,
0,4.50,Human,HumanControl(Clone)_-16746,32.995,9.887,100.000,1,HumanControl(Clone)_-16618,,
0,4.50,Human,HumanControl(Clone)_-16762,18.318,12.912,100.000,1,HumanControl(Clone)_-16538,,
0,4.50,Human,HumanControl(Clone)_-16778,6.133,7.609,100.000,1,HumanControl(Clone)_-16346,,
0,4.50,Human,HumanControl(Clone)_-16794,25.250,14.747,100.000,1,HumanControl(Clone)_-16538,,
0,4.50,Human,HumanControl(Clone)_-16810,63.807,9.570,99.344,1,,,
0,4.50,Human,HumanControl(Clone)_-16826,35.833,14.253,99.136,1,HumanControl(Clone)_-16698,,
0,4.50,Human,HumanControl(Clone)_-16842,35.123,16.134,100.000,1,HumanControl(Clone)_-16554,,
0,4.50,Human,HumanControl(Clone)_-16858,43.555,30.839,99.685,1,,,
0,4.50,Human,HumanControl(Clone)_-16874,38.142,35.422,100.000,1,HumanControl(Clone)_-16730,,
0,4.50,Human,HumanControl(Clone)_-16890,8.133,44.752,99.232,1,,,
0,4.50,Human,HumanControl(Clone)_-16906,-1.632,42.434,99.088,1,HumanControl(Clone)_-16890,,
0,4.50,Human,HumanControl(Clone)_-16922,33.760,59.474,96.549,1,RobotControl(Clone)_-17164,,
0,4.50,Human,HumanControl(Clone)_-16938,26.361,58.670,100.000,1,HumanControl(Clone)_-16922,,
0,4.50,Human,HumanControl(Clone)_-16954,0.347,2.923,100.000,1,HumanControl(Clone)_-16778,,
0,4.50,Human,HumanControl(Clone)_-16970,37.226,16.096,92.437,1,HumanControl(Clone)_-16554,,
0,4.50,Human,HumanControl(Clone)_-16986,43.013,2.115,100.000,1,HumanControl(Clone)_-16650,,
0,4.50,Human,HumanControl(Clone)_-17002,63.830,42.232,99.344,1,HumanControl(Clone)_-16426,,
0,4.50,Human,HumanControl(Clone)_-17018,43.975,2.381,100.000,1,HumanControl(Clone)_-16650,,
0,4.50,Human,HumanControl(Clone)_-17034,-18.312,28.515,100.000,1,,,
0,4.50,Human,HumanControl(Clone)_-17050,36.117,62.918,100.000,1,,,
0,4.50,Human,HumanControl(Clone)_-17066,35.180,60.568,100.000,1,,,
0,4.50,Human,HumanControl(Clone)_-17082,-17.225,34.816,100.000,1,RobotControl(Clone)_-17146,,
0,4.50,Human,HumanControl(Clone)_-17098,45.048,1.783,100.000,1,HumanControl(Clone)_-16650,,
0,4.50,Human,HumanControl(Clone)_-17114,4.917,33.347,100.000,1,,,
0,4.50,Human,HumanControl(Clone)_-17130,34.859,9.825,100.000,1,HumanControl(Clone)_-16698,,
0,5.00,Robot,RobotControl(Clone)_-17146,-18.150,28.549,,,,,1
0,5.00,Robot,RobotControl(Clone)_-17164,36.314,56.796,,,,,2
0,5.00,Robot,RobotControl(Clone)_-17182,86.661,26.248,,,,,0
0,5.00,Human,HumanControl(Clone)_-16346,-0.565,25.750,100.000,1,,,
0,5.00,Human,HumanControl(Clone)_-16362,-13.393,32.806,100.000,1,HumanControl(Clone)_-17082,,
0,5.00,Human,HumanControl(Clone)_-16378,-0.985,43.575,100.000,1,HumanControl(Clone)_-16890,,
0,5.00,Human,HumanControl(Clone)_-16394,46.322,50.323,99.474,1,RobotControl(Clone)_-17164,,
0,5.00,Human,HumanControl(Clone)_-16410,4.783,21.914,97.245,1,HumanControl(Clone)_-16346,,
0,5.00,Human,HumanControl(Clone)_-16426,66.086,40.076,98.177,1,,,
0,5.00,Human,HumanControl(Clone)_-16442,73.958,25.518,87.040,1,HumanControl(Clone)_-16714,,
0,5.00,Human,HumanControl(Clone)_-16458,67.550,13.817,98.848,1,HumanControl(Clone)_-16810,,
0,5.00,Human,HumanControl(Clone)_-16474,63.633,3.210,100.000,1,HumanControl(Clone)_-16810,,
0,5.00,Human,HumanControl(Clone)_-16490,19.606,15.565,92.737,1,HumanControl(Clone)_-17114,,
0,5.00,Human,HumanControl(Clone)_-16506,50.395,37.094,99.454,1,HumanControl(Clone)_-16858,,
0,5.00,Human,HumanControl(Clone)_-16522,46.939,24.865,97.263,1,HumanControl(Clone)_-16858,,
0,5.00,Human,HumanControl(Clone)_-16538,34.969,14.387,100.000,1,HumanControl(Clone)_-16698,,
0,5.00,Human,HumanControl(Clone)_-16554,33.379,13.957,84.758,1,HumanControl(Clone)_-16698,,
0,5.00,Human,HumanControl(Clone)_-16570,4.216,7.459,99.728,1,,,
0,5.00,Human,HumanControl(Clone)_-16586,13.135,7.461,100.000,1,HumanControl(Clone)_-16570,,
0,5.00,Human,HumanControl(Clone)_-16602,32.172,9.288,99.376,1,HumanControl(Clone)_-16618,,
0,5.00,Human,HumanControl(Clone)_-16618,38.227,1.814,91.414,1,,,
0,5.00,Human,HumanControl(Clone)_-16634,35.220,9.251,100.000,1,HumanControl(Clone)_-16618,,
0,5.00,Human,HumanControl(Clone)_-16650,44.761,9.895,100.000,1,HumanControl(Clone)_-16666,,
0,5.00,Human,HumanControl(Clone)_-16666,47.591,7.329,99.728,1,,,
0,5.00,Human,HumanControl(Clone)_-16682,53.630,7.436,99.728,1,HumanControl(Clone)_-16666,,
0,5.00,Human,HumanControl(Clone)_-16698,34.477,6.654,100.000,1,HumanControl(Clone)_-16618,,
0,5.00,Human,HumanControl(Clone)_-16714,63.672,26.250,95.809,1,HumanControl(Clone)_-16426,,
0,5.00,Human,HumanControl(Clone)_-16730,49.398,31.357,99.726,1,HumanControl(Clone)_-16858,,
0,5.00,Human,HumanControl(Clone)_-16746,33.037,9.867,100.000,1,HumanControl(Clone)_-16618,,
0,5.00,Human,HumanControl(Clone)_-16762,20.274,13.083,100.000,1,HumanControl(Clone)_-16538,,
0,5.00,Human,HumanControl(Clone)_-16778,7.265,8.184,100.000,1,HumanControl(Clone)_-16346,,
0,5.00,Human,HumanControl(Clone)_-16794,27.249,14.818,100.000,1,HumanControl(Clone)_-16538,,
0,5.00,Human,HumanControl(Clone)_-16810,65.668,10.399,98.944,1,,,
0,5.00,Human,HumanControl(Clone)_-16826,36.293,13.860,96.266,1,HumanControl(Clone)_-16698,,
0,5.00,Human,HumanControl(Clone)_-16842,34.384,16.229,99.207,1,HumanControl(Clone)_-16554,,
0,5.00,Human,HumanControl(Clone)_-16858,37.235,33.250,99.685,1,,,
0,5.00,Human,HumanControl(Clone)_-16874,38.142,35.422,100.000,1,HumanControl(Clone)_-16730,,
0,5.00,Human,HumanControl(Clone)_-16890,6.122,45.108,99.232,1,,,
0,5.00,Human,HumanControl(Clone)_-16906,0.014,42.667,98.928,1,HumanControl(Clone)_-16890,,
0,5.00,Human,HumanControl(Clone)_-16922,34.721,58.266,96.549,1,RobotControl(Clone)_-17164,,
0,5.00,Human,HumanControl(Clone)_-16938,28.148,59.568,99.425,1,HumanControl(Clone)_-16922,,
0,5.00,Human,HumanControl(Clone)_-16954,1.728,3.113,100.000,1,HumanControl(Clone)_-16778,,
0,5.00,Human,HumanControl(Clone)_-16970,35.443,16.733,92.437,1,HumanControl(Clone)_-16554,,
0,5.00,Human,HumanControl(Clone)_-16986,42.284,1.975,100.000,1,HumanControl(Clone)_-16650,,
0,5.00,Human,HumanControl(Clone)_-17002,63.669,41.997,98.942,1,HumanControl(Clone)_-16426,,
0,5.00,Human,HumanControl(Clone)_-17018,43.526,2.351,100.000,1,HumanControl(Clone)_-16650,,
0,5.00,Human,HumanControl(Clone)_-17034,-20.092,28.011,100.000,1,,,
0,5.00,Human,HumanControl(Clone)_-17050,36.097,64.915,100.000,1,,,
0,5.00,Human,HumanControl(Clone)_-17066,34.495,62.083,99.758,1,,,
0,5.00,Human,HumanControl(Clone)_-17082,-18.509,33.744,100.000,1,RobotControl(Clone)_-17146,,
0,5.00,Human,HumanControl(Clone)_-17098,45.537,2.516,100.000,1,HumanControl(Clone)_-16650,,
0,5.00,Human,HumanControl(Clone)_-17114,4.233,33.717,99.760,1,,,
0,5.00,Human,HumanControl(Clone)_-17130,35.856,14.985,100.000,1,HumanControl(Clone)_-16698,,
0,5.50,Robot,RobotControl(Clone)_-17146,-17.090,30.608,,,,,1
0,5.50,Robot,RobotControl(Clone)_-17164,38.300,55.570,,,,,2
0,5.50,Robot,RobotControl(Clone)_-17182,82.657,26.250,,,,,0
0,5.50,Human,HumanControl(Clone)_-16346,-2.356,26.002,100.000,1,,,
0,5.50,Human,HumanControl(Clone)_-16362,-17.048,34.421,100.000,1,HumanControl(Clone)_-17082,,
0,5.50,Human,HumanControl(Clone)_-16378,7.765,44.500,99.632,1,HumanControl(Clone)_-16890,,
0,5.50,Human,HumanControl(Clone)_-16394,43.113,52.706,99.442,1,RobotControl(Clone)_-17164,,
0,5.50,Human,HumanControl(Clone)_-16410,4.783,21.914,97.245,1,HumanControl(Clone)_-16346,,
0,5.50,Human,HumanControl(Clone)_-16426,67.007,41.625,98.145,1,,,
0,5.50,Human,HumanControl(Clone)_-16442,72.202,26.098,85.702,1,HumanControl(Clone)_-16714,,
0,5.50,Human,HumanControl(Clone)_-16458,65.356,10.499,98.816,1,HumanControl(Clone)_-16810,,
0,5.50,Human,HumanControl(Clone)_-16474,65.899,2.994,100.000,1,HumanControl(Clone)_-16810,,
0,5.50,Human,HumanControl(Clone)_-16490,20.190,25.610,91.563,1,HumanControl(Clone)_-17114,,
0,5.50,Human,HumanControl(Clone)_-16506,48.216,34.081,99.317,1,HumanControl(Clone)_-16858,,
0,5.50,Human,HumanControl(Clone)_-16522,44.583,27.808,97.263,1,HumanControl(Clone)_-16858,,
0,5.50,Human,HumanControl(Clone)_-16538,38.854,7.155,99.446,1,HumanControl(Clone)_-16698,,
0,5.50,Human,HumanControl(Clone)_-16554,35.510,6.607,84.758,1,HumanControl(Clone)_-16698,,
0,5.50,Human,HumanControl(Clone)_-16570,6.376,7.803,99.728,1,,,
0,5.50,Human,HumanControl(Clone)_-16586,13.135,7.460,100.000,1,HumanControl(Clone)_-16570,,
0,5.50,Human,HumanControl(Clone)_-16602,31.565,8.286,98.033,1,HumanControl(Clone)_-16618,,
0,5.50,Human,HumanControl(Clone)_-16618,38.481,0.867,91.414,1,,,
0,5.50,Human,HumanControl(Clone)_-16634,32.265,9.894,97.757,1,HumanControl(Clone)_-16618,,
0,5.50,Human,HumanControl(Clone)_-16650,46.065,9.890,99.888,1,HumanControl(Clone)_-16666,,
0,5.50,Human,HumanControl(Clone)_-16666,44.538,0.606,99.728,1,,,
0,5.50,Human,HumanControl(Clone)_-16682,49.660,6.948,99.728,1,HumanControl(Clone)_-16666,,
0,5.50,Human,HumanControl(Clone)_-16698,36.151,8.389,100.000,1,HumanControl(Clone)_-16618,,
0,5.50,Human,HumanControl(Clone)_-16714,63.908,28.239,95.123,1,HumanControl(Clone)_-16426,,
0,5.50,Human,HumanControl(Clone)_-16730,45.727,29.901,99.094,1,HumanControl(Clone)_-16858,,
0,5.50,Human,HumanControl(Clone)_-16746,33.545,7.350,100.000,1,HumanControl(Clone)_-16618,,
0,5.50,Human,HumanControl(Clone)_-16762,24.237,13.630,99.804,1,HumanControl(Clone)_-16538,,
0,5.50,Human,HumanControl(Clone)_-16778,8.282,12.129,99.696,1,HumanControl(Clone)_-16346,,
0,5.50,Human,HumanControl(Clone)_-16794,34.373,15.043,100.000,1,HumanControl(Clone)_-16538,,
0,5.50,Human,HumanControl(Clone)_-16810,66.417,10.500,98.544,1,,,
0,5.50,Human,HumanControl(Clone)_-16826,33.829,13.941,94.843,1,HumanControl(Clone)_-16698,,
0,5.50,Human,HumanControl(Clone)_-16842,34.637,16.270,98.997,1,HumanControl(Clone)_-16554,,
0,5.50,Human,HumanControl(Clone)_-16858,35.444,33.502,99.685,1,,,
0,5.50,Human,HumanControl(Clone)_-16874,47.248,33.789,99.735,1,HumanControl(Clone)_-16730,,
0,5.50,Human,HumanControl(Clone)_-16890,5.582,45.000,99.232,1,,,
0,5.50,Human,HumanControl(Clone)_-16906,1.466,43.583,98.928,1,HumanControl(Clone)_-16890,,
0,5.50,Human,HumanControl(Clone)_-16922,35.921,56.666,96.549,1,RobotControl(Clone)_-17164,,
0,5.50,Human,HumanControl(Clone)_-16938,32.074,59.272,99.269,1,HumanControl(Clone)_-16922,,
0,5.50,Human,HumanControl(Clone)_-16954,2.962,4.448,100.000,1,HumanControl(Clone)_-16778,,
0,5.50,Human,HumanControl(Clone)_-16970,33.629,16.132,91.226,1,HumanControl(Clone)_-16554,,
0,5.50,Human,HumanControl(Clone)_-16986,44.995,1.651,100.000,1,HumanControl(Clone)_-16650,,
0,5.50,Human,HumanControl(Clone)_-17002,65.224,38.407,98.653,1,HumanControl(Clone)_-16426,,
0,5.50,Human,HumanControl(Clone)_-17018,44.493,2.864,100.000,1,HumanControl(Clone)_-16650,,
0,5.50,Human,HumanControl(Clone)_-17066,35.309,65.985,99.726,1,,,
0,5.50,Human,HumanControl(Clone)_-17082,-19.065,29.811,100.000,1,RobotControl(Clone)_-17146,,
0,5.50,Human,HumanControl(Clone)_-17098,45.821,2.540,100.000,1,HumanControl(Clone)_-16650,,
0,5.50,Human,HumanControl(Clone)_-17114,6.184,32.418,99.616,1,,,
0,5.50,Human,HumanControl(Clone)_-17130,36.615,14.285,98.104,1,HumanControl(Clone)_-16698,,
0,6.00,Robot,RobotControl(Clone)_-17146,-17.089,30.603,,,,,1
0,6.00,Robot,RobotControl(Clone)_-17164,39.332,55.023,,,,,2
0,6.00,Robot,RobotControl(Clone)_-17182,81.899,26.250,,,,,0
0,6.00,Human,HumanControl(Clone)_-16346,-0.371,26.240,99.759,1,,,
0,6.00,Human,HumanControl(Clone)_-16362,-18.253,34.710,100.000,1,HumanControl(Clone)_-17082,,
0,6.00,Human,HumanControl(Clone)_-16378,8.388,44.342,99.264,1,HumanControl(Clone)_-16890,,
0,6.00,Human,HumanControl(Clone)_-16394,41.623,53.928,99.201,1,RobotControl(Clone)_-17164,,
0,6.00,Human,HumanControl(Clone)_-16410,4.783,21.914,97.245,1,HumanControl(Clone)_-16346,,
0,6.00,Human,HumanControl(Clone)_-16426,66.376,40.110,97.904,1,,,
0,6.00,Human,HumanControl(Clone)_-16442,64.354,25.535,84.861,1,HumanControl(Clone)_-16714,,
0,6.00,Human,HumanControl(Clone)_-16458,58.836,8.750,98.816,1,HumanControl(Clone)_-16810,,
0,6.00,Human,HumanControl(Clone)_-16474,67.782,2.878,100.000,1,HumanControl(Clone)_-16810,,
0,6.00,Human,HumanControl(Clone)_-16490,18.686,26.847,91.005,1,HumanControl(Clone)_-17114,,
0,6.00,Human,HumanControl(Clone)_-16506,46.876,32.845,99.122,1,HumanControl(Clone)_-16858,,
0,6.00,Human,HumanControl(Clone)_-16522,43.904,29.332,97.206,1,HumanControl(Clone)_-16858,,
0,6.00,Human,HumanControl(Clone)_-16538,40.632,6.623,99.446,1,HumanControl(Clone)_-16698,,
0,6.00,Human,HumanControl(Clone)_-16554,34.210,8.608,84.758,1,HumanControl(Clone)_-16698,,
0,6.00,Human,HumanControl(Clone)_-16570,7.006,8.186,99.728,1,,,
0,6.00,Human,HumanControl(Clone)_-16586,13.135,7.461,100.000,1,HumanControl(Clone)_-16570,,
0,6.00,Human,HumanControl(Clone)_-16602,32.856,6.600,98.033,1,HumanControl(Clone)_-16618,,
0,6.00,Human,HumanControl(Clone)_-16618,38.758,2.893,91.414,1,,,
0,6.00,Human,HumanControl(Clone)_-16634,32.115,9.476,96.698,1,HumanControl(Clone)_-16618,,
0,6.00,Human,HumanControl(Clone)_-16650,47.847,9.089,99.728,1,HumanControl(Clone)_-16666,,
0,6.00,Human,HumanControl(Clone)_-16666,44.095,0.847,99.728,1,,,
0,6.00,Human,HumanControl(Clone)_-16682,47.672,6.724,99.728,1,HumanControl(Clone)_-16666,,
0,6.00,Human,HumanControl(Clone)_-16698,37.404,9.837,100.000,1,HumanControl(Clone)_-16618,,
0,6.00,Human,HumanControl(Clone)_-16714,64.202,30.220,94.261,1,HumanControl(Clone)_-16426,,
0,6.00,Human,HumanControl(Clone)_-16730,44.266,30.314,98.366,1,HumanControl(Clone)_-16858,,
0,6.00,Human,HumanControl(Clone)_-16746,35.386,6.600,100.000,1,HumanControl(Clone)_-16618,,
0,6.00,Human,HumanControl(Clone)_-16762,26.182,13.869,99.106,1,HumanControl(Clone)_-16538,,
0,6.00,Human,HumanControl(Clone)_-16778,7.824,14.076,99.296,1,HumanControl(Clone)_-16346,,
0,6.00,Human,HumanControl(Clone)_-16794,34.113,15.101,100.000,1,HumanControl(Clone)_-16538,,
0,6.00,Human,HumanControl(Clone)_-16810,66.426,10.500,98.144,1,,,
0,6.00,Human,HumanControl(Clone)_-16826,33.765,12.811,93.992,1,HumanControl(Clone)_-16698,,
0,6.00,Human,HumanControl(Clone)_-16842,34.874,16.260,98.997,1,HumanControl(Clone)_-16554,,
0,6.00,Human,HumanControl(Clone)_-16858,37.429,33.740,99.685,1,,,
0,6.00,Human,HumanControl(Clone)_-16874,48.583,32.316,99.735,1,HumanControl(Clone)_-16730,,
0,6.00,Human,HumanControl(Clone)_-16890,5.505,45.005,99.232,1,,,
0,6.00,Human,HumanControl(Clone)_-16906,6.455,45.308,98.928,1,HumanControl(Clone)_-16890,,
0,6.00,Human,HumanControl(Clone)_-16922,37.397,55.998,96.549,1,RobotControl(Clone)_-17164,,
0,6.00,Human,HumanControl(Clone)_-16938,34.043,58.923,99.269,1,HumanControl(Clone)_-16922,,
0,6.00,Human,HumanControl(Clone)_-16954,2.938,4.448,100.000,1,HumanControl(Clone)_-16778,,
0,6.00,Human,HumanControl(Clone)_-16970,33.819,16.382,89.916,1,HumanControl(Clone)_-16554,,
0,6.00,Human,HumanControl(Clone)_-16986,43.731,2.718,100.000,1,HumanControl(Clone)_-16650,,
0,6.00,Human,HumanControl(Clone)_-17002,66.484,38.996,98.653,1,HumanControl(Clone)_-16426,,
0,6.00,Human,HumanControl(Clone)_-17018,44.780,2.833,100.000,1,HumanControl(Clone)_-16650,,
0,6.00,Human,HumanControl(Clone)_-17082,-17.562,29.720,100.000,1,RobotControl(Clone)_-17146,,
0,6.00,Human,HumanControl(Clone)_-17098,46.200,2.682,100.000,1,HumanControl(Clone)_-16650,,
0,6.00,Human,HumanControl(Clone)_-17114,7.012,32.250,99.456,1,,,
0,6.00,Human,HumanControl(Clone)_-17130,35.381,14.391,98.104,1,HumanControl(Clone)_-16698,,
0,6.50,Robot,RobotControl(Clone)_-17146,-15.451,30.290,,,,,1
0,6.50,Robot,RobotControl(Clone)_-17164,39.764,54.497,,,,,2
0,6.50,Robot,RobotControl(Clone)_-17182,81.900,26.250,,,,,0
0,6.50,Human,HumanControl(Clone)_-16346,1.600,26.250,99.353,1,,,
0,6.50,Human,HumanControl(Clone)_-16362,-18.253,34.710,100.000,1,HumanControl(Clone)_-17082,,
0,6.50,Human,HumanControl(Clone)_-16378,7.324,42.562,99.232,1,HumanControl(Clone)_-16890,,
0,6.50,Human,HumanControl(Clone)_-16394,37.930,55.226,99.169,1,RobotControl(Clone)_-17164,,
0,6.50,Human,HumanControl(Clone)_-16410,-0.565,25.750,97.245,1,HumanControl(Clone)_-16346,,
0,6.50,Human,HumanControl(Clone)_-16426,65.099,36.554,97.614,1,,,
0,6.50,Human,HumanControl(Clone)_-16442,63.631,27.235,84.811,1,HumanControl(Clone)_-16714,,
0,6.50,Human,HumanControl(Clone)_-16458,57.059,8.750,98.816,1,HumanControl(Clone)_-16810,,
0,6.50,Human,HumanControl(Clone)_-16474,67.136,6.238,100.000,1,HumanControl(Clone)_-16810,,
0,6.50,Human,HumanControl(Clone)_-16490,15.203,28.814,91.005,1,HumanControl(Clone)_-17114,,
0,6.50,Human,HumanControl(Clone)_-16506,43.738,32.005,99.021,1,HumanControl(Clone)_-16858,,
0,6.50,Human,HumanControl(Clone)_-16522,37.232,33.240,97.206,1,HumanControl(Clone)_-16858,,
0,6.50,Human,HumanControl(Clone)_-16538,38.541,6.636,99.446,1,HumanControl(Clone)_-16698,,
0,6.50,Human,HumanControl(Clone)_-16554,33.918,8.560,84.758,1,HumanControl(Clone)_-16698,,
0,6.50,Human,HumanControl(Clone)_-16570,7.011,8.126,99.728,1,,,
0,6.50,Human,HumanControl(Clone)_-16586,13.135,7.461,100.000,1,HumanControl(Clone)_-16570,,
0,6.50,Human,HumanControl(Clone)_-16602,38.205,1.835,98.033,1,HumanControl(Clone)_-16618,,
0,6.50,Human,HumanControl(Clone)_-16618,38.703,4.018,91.414,1,,,
0,6.50,Human,HumanControl(Clone)_-16634,34.735,7.790,96.698,1,HumanControl(Clone)_-16618,,
0,6.50,Human,HumanControl(Clone)_-16650,48.582,7.608,99.728,1,HumanControl(Clone)_-16666,,
0,6.50,Human,HumanControl(Clone)_-16666,44.113,4.043,99.728,1,,,
0,6.50,Human,HumanControl(Clone)_-16682,43.292,2.476,99.728,1,HumanControl(Clone)_-16666,,
0,6.50,Human,HumanControl(Clone)_-16698,39.632,1.871,100.000,1,HumanControl(Clone)_-16618,,
0,6.50,Human,HumanControl(Clone)_-16714,65.136,34.111,94.201,1,HumanControl(Clone)_-16426,,
0,6.50,Human,HumanControl(Clone)_-16730,42.743,31.821,97.847,1,HumanControl(Clone)_-16858,,
0,6.50,Human,HumanControl(Clone)_-16746,38.513,3.032,100.000,1,HumanControl(Clone)_-16618,,
0,6.50,Human,HumanControl(Clone)_-16762,34.765,14.500,98.332,1,HumanControl(Clone)_-16538,,
0,6.50,Human,HumanControl(Clone)_-16778,7.824,14.088,98.896,1,HumanControl(Clone)_-16346,,
0,6.50,Human,HumanControl(Clone)_-16794,33.503,7.268,100.000,1,HumanControl(Clone)_-16538,,
0,6.50,Human,HumanControl(Clone)_-16810,66.430,10.500,97.744,1,,,
0,6.50,Human,HumanControl(Clone)_-16826,35.781,8.016,93.992,1,HumanControl(Clone)_-16698,,
0,6.50,Human,HumanControl(Clone)_-16842,33.809,16.309,97.795,1,HumanControl(Clone)_-16554,,
0,6.50,Human,HumanControl(Clone)_-16858,39.400,33.750,99.685,1,,,
0,6.50,Human,HumanControl(Clone)_-16874,46.639,29.286,99.163,1,HumanControl(Clone)_-16730,,
0,6.50,Human,HumanControl(Clone)_-16890,5.399,44.958,99.232,1,,,
0,6.50,Human,HumanControl(Clone)_-16906,6.311,45.425,98.928,1,HumanControl(Clone)_-16890,,
0,6.50,Human,HumanControl(Clone)_-16922,38.930,55.231,96.549,1,RobotControl(Clone)_-17164,,
0,6.50,Human,HumanControl(Clone)_-16938,34.121,59.067,99.269,1,HumanControl(Clone)_-16922,,
0,6.50,Human,HumanControl(Clone)_-16954,2.927,4.448,100.000,1,HumanControl(Clone)_-16778,,
0,6.50,Human,HumanControl(Clone)_-16970,34.894,16.214,89.706,1,HumanControl(Clone)_-16554,,
0,6.50,Human,HumanControl(Clone)_-16986,43.959,1.701,100.000,1,HumanControl(Clone)_-16650,,
0,6.50,Human,HumanControl(Clone)_-17002,67.792,42.351,98.540,1,HumanControl(Clone)_-16426,,
0,6.50,Human,HumanControl(Clone)_-17018,46.194,2.304,100.000,1,HumanControl(Clone)_-16650,,
0,6.50,Human,HumanControl(Clone)_-17082,-17.564,29.720,100.000,1,RobotControl(Clone)_-17146,,
0,6.50,Human,HumanControl(Clone)_-17098,44.856,3.303,100.000,1,HumanControl(Clone)_-16650,,
0,6.50,Human,HumanControl(Clone)_-17114,7.024,32.250,99.456,1,,,
0,6.50,Human,HumanControl(Clone)_-17130,35.392,6.602,98.104,1,HumanControl(Clone)_-16698,,
0,7.00,Robot,RobotControl(Clone)_-17146,-13.813,29.979,,,,,1
0,7.00,Robot,RobotControl(Clone)_-17164,41.793,55.180,,,,,2
0,7.00,Robot,RobotControl(Clone)_-17182,81.899,26.250,,,,,0
0,7.00,Human,HumanControl(Clone)_-16346,1.600,26.250,98.943,1,,,
0,7.00,Human,HumanControl(Clone)_-16362,-18.188,32.778,100.000,1,HumanControl(Clone)_-17082,,
0,7.00,Human,HumanControl(Clone)_-16378,5.670,43.203,99.232,1,HumanControl(Clone)_-16890,,
0,7.00,Human,HumanControl(Clone)_-16394,37.501,55.375,99.169,1,RobotControl(Clone)_-17164,,
0,7.00,Human,HumanControl(Clone)_-16410,0.602,26.187,97.245,1,HumanControl(Clone)_-16346,,
0,7.00,Human,HumanControl(Clone)_-16426,64.501,34.700,97.614,1,,,
0,7.00,Human,HumanControl(Clone)_-16442,64.062,29.192,84.811,1,HumanControl(Clone)_-16714,,
0,7.00,Human,HumanControl(Clone)_-16458,58.990,8.709,98.816,1,HumanControl(Clone)_-16810,,
0,7.00,Human,HumanControl(Clone)_-16474,66.365,8.102,100.000,1,HumanControl(Clone)_-16810,,
0,7.00,Human,HumanControl(Clone)_-16490,13.426,29.732,91.005,1,HumanControl(Clone)_-17114,,
0,7.00,Human,HumanControl(Clone)_-16506,43.806,32.017,98.604,1,HumanControl(Clone)_-16858,,
0,7.00,Human,HumanControl(Clone)_-16522,36.427,33.666,96.963,1,HumanControl(Clone)_-16858,,
0,7.00,Human,HumanControl(Clone)_-16538,37.866,8.498,99.446,1,HumanControl(Clone)_-16698,,
0,7.00,Human,HumanControl(Clone)_-16554,34.973,9.023,84.758,1,HumanControl(Clone)_-16698,,
0,7.00,Human,HumanControl(Clone)_-16570,6.844,10.091,99.728,1,,,
0,7.00,Human,HumanControl(Clone)_-16586,13.135,7.460,100.000,1,HumanControl(Clone)_-16570,,
0,7.00,Human,HumanControl(Clone)_-16602,37.353,3.484,98.033,1,HumanControl(Clone)_-16618,,
0,7.00,Human,HumanControl(Clone)_-16618,38.700,4.034,91.414,1,,,
0,7.00,Human,HumanControl(Clone)_-16634,36.329,7.453,96.698,1,HumanControl(Clone)_-16618,,
0,7.00,Human,HumanControl(Clone)_-16650,48.601,7.599,99.728,1,HumanControl(Clone)_-16666,,
0,7.00,Human,HumanControl(Clone)_-16666,44.142,4.141,99.728,1,,,
0,7.00,Human,HumanControl(Clone)_-16682,43.128,2.488,99.728,1,HumanControl(Clone)_-16666,,
0,7.00,Human,HumanControl(Clone)_-16698,38.366,3.087,100.000,1,HumanControl(Clone)_-16618,,
0,7.00,Human,HumanControl(Clone)_-16714,65.534,36.069,93.959,1,HumanControl(Clone)_-16426,,
0,7.00,Human,HumanControl(Clone)_-16730,38.769,30.804,97.847,1,HumanControl(Clone)_-16858,,
0,7.00,Human,HumanControl(Clone)_-16746,40.113,2.399,100.000,1,HumanControl(Clone)_-16618,,
0,7.00,Human,HumanControl(Clone)_-16762,36.765,14.500,98.332,1,HumanControl(Clone)_-16538,,
0,7.00,Human,HumanControl(Clone)_-16778,7.824,14.080,98.495,1,HumanControl(Clone)_-16346,,
0,7.00,Human,HumanControl(Clone)_-16794,32.301,6.638,100.000,1,HumanControl(Clone)_-16538,,
0,7.00,Human,HumanControl(Clone)_-16810,72.566,10.500,97.584,1,,,
0,7.00,Human,HumanControl(Clone)_-16826,35.952,8.508,93.992,1,HumanControl(Clone)_-16698,,
0,7.00,Human,HumanControl(Clone)_-16842,34.187,14.445,96.310,1,HumanControl(Clone)_-16554,,
0,7.00,Human,HumanControl(Clone)_-16858,39.400,33.750,99.685,1,,,
0,7.00,Human,HumanControl(Clone)_-16874,44.684,28.840,99.163,1,HumanControl(Clone)_-16730,,
0,7.00,Human,HumanControl(Clone)_-16890,-0.653,44.928,99.232,1,,,
0,7.00,Human,HumanControl(Clone)_-16906,4.838,46.158,98.911,1,HumanControl(Clone)_-16890,,
0,7.00,Human,HumanControl(Clone)_-16922,38.715,55.420,96.549,1,RobotControl(Clone)_-17164,,
0,7.00,Human,HumanControl(Clone)_-16938,34.121,59.067,99.269,1,,,
0,7.00,Human,HumanControl(Clone)_-16954,2.921,4.448,100.000,1,HumanControl(Clone)_-16778,,
0,7.00,Human,HumanControl(Clone)_-16970,35.251,14.396,89.706,1,HumanControl(Clone)_-16554,,
0,7.00,Human,HumanControl(Clone)_-16986,44.637,3.101,100.000,1,HumanControl(Clone)_-16650,,
0,7.00,Human,HumanControl(Clone)_-17002,67.202,42.112,98.379,1,HumanControl(Clone)_-16426,,
0,7.00,Human,HumanControl(Clone)_-17018,46.159,3.597,100.000,1,HumanControl(Clone)_-16650,,
0,7.00,Human,HumanControl(Clone)_-17082,-18.068,30.803,100.000,1,RobotControl(Clone)_-17146,,
0,7.00,Human,HumanControl(Clone)_-17098,42.619,9.842,100.000,1,HumanControl(Clone)_-16650,,
0,7.00,Human,HumanControl(Clone)_-17114,13.167,32.250,99.456,1,,,
0,7.00,Human,HumanControl(Clone)_-17130,35.017,6.627,98.104,1,HumanControl(Clone)_-16698,,
0,7.50,Robot,RobotControl(Clone)_-17146,-10.538,29.357,,,,,0
0,7.50,Robot,RobotControl(Clone)_-17164,40.862,58.146,,,,,2
0,7.50,Robot,RobotControl(Clone)_-17182,77.902,26.394,,,,,0
0,7.50,Human,HumanControl(Clone)_-16346,8.391,26.250,98.566,1,,,
0,7.50,Human,HumanControl(Clone)_-16362,-18.665,29.609,100.000,1,HumanControl(Clone)_-17082,,
0,7.50,Human,HumanControl(Clone)_-16378,-2.566,44.079,99.232,1,HumanControl(Clone)_-16890,,
0,7.50,Human,HumanControl(Clone)_-16394,40.939,54.264,99.169,1,RobotControl(Clone)_-17164,,
0,7.50,Human,HumanControl(Clone)_-16410,0.602,26.187,97.245,1,HumanControl(Clone)_-16346,,
0,7.50,Human,HumanControl(Clone)_-16426,63.606,30.885,97.614,1,,,
0,7.50,Human,HumanControl(Clone)_-16442,64.936,33.098,84.811,1,HumanControl(Clone)_-16714,,
0,7.50,Human,HumanControl(Clone)_-16458,67.794,8.516,98.816,1,HumanControl(Clone)_-16810,,
0,7.50,Human,HumanControl(Clone)_-16474,64.804,11.793,99.744,1,HumanControl(Clone)_-16810,,
0,7.50,Human,HumanControl(Clone)_-16490,9.854,31.531,90.892,1,HumanControl(Clone)_-17114,,
0,7.50,Human,HumanControl(Clone)_-16506,44.571,33.751,98.305,1,HumanControl(Clone)_-16858,,
0,7.50,Human,HumanControl(Clone)_-16522,38.090,33.472,96.671,1,HumanControl(Clone)_-16858,,
0,7.50,Human,HumanControl(Clone)_-16538,37.954,9.673,98.280,1,HumanControl(Clone)_-16698,,
0,7.50,Human,HumanControl(Clone)_-16554,38.069,1.741,84.758,1,HumanControl(Clone)_-16698,,
0,7.50,Human,HumanControl(Clone)_-16570,12.134,9.899,99.616,1,,,
0,7.50,Human,HumanControl(Clone)_-16586,10.954,9.791,100.000,1,HumanControl(Clone)_-16570,,
0,7.50,Human,HumanControl(Clone)_-16602,36.615,3.758,98.033,1,HumanControl(Clone)_-16618,,
0,7.50,Human,HumanControl(Clone)_-16618,38.653,8.346,91.414,1,,,
0,7.50,Human,HumanControl(Clone)_-16634,38.698,3.106,96.698,1,HumanControl(Clone)_-16618,,
0,7.50,Human,HumanControl(Clone)_-16650,44.602,1.834,99.728,1,HumanControl(Clone)_-16666,,
0,7.50,Human,HumanControl(Clone)_-16666,43.584,2.270,99.728,1,,,
0,7.50,Human,HumanControl(Clone)_-16682,43.131,4.482,99.728,1,HumanControl(Clone)_-16666,,
0,7.50,Human,HumanControl(Clone)_-16698,37.713,3.280,100.000,1,HumanControl(Clone)_-16618,,
0,7.50,Human,HumanControl(Clone)_-16714,64.766,35.665,93.927,1,HumanControl(Clone)_-16426,,
0,7.50,Human,HumanControl(Clone)_-16730,36.576,30.007,97.847,1,HumanControl(Clone)_-16858,,
0,7.50,Human,HumanControl(Clone)_-16746,39.436,2.205,100.000,1,HumanControl(Clone)_-16618,,
0,7.50,Human,HumanControl(Clone)_-16762,36.765,14.500,98.332,1,HumanControl(Clone)_-16538,,
0,7.50,Human,HumanControl(Clone)_-16778,7.201,15.984,98.207,1,HumanControl(Clone)_-16346,,
0,7.50,Human,HumanControl(Clone)_-16794,34.848,8.305,100.000,1,HumanControl(Clone)_-16538,,
0,7.50,Human,HumanControl(Clone)_-16810,74.344,10.500,97.472,1,,,
0,7.50,Human,HumanControl(Clone)_-16826,39.681,6.606,93.992,1,HumanControl(Clone)_-16698,,
0,7.50,Human,HumanControl(Clone)_-16842,34.050,6.609,96.184,1,HumanControl(Clone)_-16554,,
0,7.50,Human,HumanControl(Clone)_-16858,47.565,33.750,99.224,1,,,
0,7.50,Human,HumanControl(Clone)_-16874,37.104,33.214,99.163,1,HumanControl(Clone)_-16730,,
0,7.50,Human,HumanControl(Clone)_-16890,-2.509,45.094,99.232,1,,,
0,7.50,Human,HumanControl(Clone)_-16906,-0.275,43.979,98.504,1,HumanControl(Clone)_-16890,,
0,7.50,Human,HumanControl(Clone)_-16922,41.922,53.483,96.292,1,RobotControl(Clone)_-17164,,
0,7.50,Human,HumanControl(Clone)_-16938,37.050,56.356,99.012,1,,,
0,7.50,Human,HumanControl(Clone)_-16954,8.391,7.000,100.000,1,HumanControl(Clone)_-16778,,
0,7.50,Human,HumanControl(Clone)_-16970,35.781,6.600,89.706,1,HumanControl(Clone)_-16554,,
0,7.50,Human,HumanControl(Clone)_-16986,44.526,9.894,100.000,1,HumanControl(Clone)_-16650,,
0,7.50,Human,HumanControl(Clone)_-17002,65.447,38.634,98.379,1,HumanControl(Clone)_-16426,,
0,7.50,Human,HumanControl(Clone)_-17018,47.088,8.397,100.000,1,HumanControl(Clone)_-16650,,
0,7.50,Human,HumanControl(Clone)_-17082,-18.209,31.106,100.000,1,,,
0,7.50,Human,HumanControl(Clone)_-17098,42.922,9.892,99.744,1,HumanControl(Clone)_-16650,,
0,7.50,Human,HumanControl(Clone)_-17114,14.947,32.250,99.456,1,,,
0,7.50,Human,HumanControl(Clone)_-17130,38.607,7.340,98.104,1,HumanControl(Clone)_-16698,,
0,8.00,Robot,RobotControl(Clone)_-17146,-11.086,29.445,,,,,0
0,8.00,Robot,RobotControl(Clone)_-17164,40.229,59.564,,,,,2
0,8.00,Robot,RobotControl(Clone)_-17182,75.903,26.466,,,,,0
0,8.00,Human,HumanControl(Clone)_-16346,8.240,26.427,98.156,1,,,
0,8.00,Human,HumanControl(Clone)_-16362,-18.579,29.602,100.000,1,HumanControl(Clone)_-17082,,
0,8.00,Human,HumanControl(Clone)_-16378,-3.387,44.571,99.232,1,HumanControl(Clone)_-16890,,
0,8.00,Human,HumanControl(Clone)_-16394,42.377,55.530,99.039,1,RobotControl(Clone)_-17164,,
0,8.00,Human,HumanControl(Clone)_-16410,7.605,25.578,96.999,1,HumanControl(Clone)_-16346,,
0,8.00,Human,HumanControl(Clone)_-16426,60.615,30.748,97.614,1,,,
0,8.00,Human,HumanControl(Clone)_-16442,65.010,35.097,84.811,1,HumanControl(Clone)_-16714,,
0,8.00,Human,HumanControl(Clone)_-16458,70.771,7.502,98.816,1,HumanControl(Clone)_-16810,,
0,8.00,Human,HumanControl(Clone)_-16474,65.880,12.426,99.504,1,HumanControl(Clone)_-16810,,
0,8.00,Human,HumanControl(Clone)_-16490,10.264,32.099,90.489,1,HumanControl(Clone)_-17114,,
0,8.00,Human,HumanControl(Clone)_-16506,44.586,33.754,98.305,1,HumanControl(Clone)_-16858,,
0,8.00,Human,HumanControl(Clone)_-16522,45.290,35.438,96.671,1,HumanControl(Clone)_-16858,,
0,8.00,Human,HumanControl(Clone)_-16538,38.148,1.514,97.789,1,HumanControl(Clone)_-16698,,
0,8.00,Human,HumanControl(Clone)_-16554,36.638,2.666,84.758,1,HumanControl(Clone)_-16698,,
0,8.00,Human,HumanControl(Clone)_-16570,14.149,9.874,99.216,1,,,
0,8.00,Human,HumanControl(Clone)_-16586,9.608,9.174,100.000,1,HumanControl(Clone)_-16570,,
0,8.00,Human,HumanControl(Clone)_-16602,36.600,3.914,98.033,1,HumanControl(Clone)_-16618,,
0,8.00,Human,HumanControl(Clone)_-16618,38.515,9.148,91.414,1,,,
0,8.00,Human,HumanControl(Clone)_-16634,39.114,3.337,96.698,1,HumanControl(Clone)_-16618,,
0,8.00,Human,HumanControl(Clone)_-16650,44.218,1.501,99.728,1,HumanControl(Clone)_-16666,,
0,8.00,Human,HumanControl(Clone)_-16666,43.325,2.576,99.728,1,,,
0,8.00,Human,HumanControl(Clone)_-16682,45.044,4.930,99.728,1,HumanControl(Clone)_-16666,,
0,8.00,Human,HumanControl(Clone)_-16698,39.341,4.351,100.000,1,HumanControl(Clone)_-16618,,
0,8.00,Human,HumanControl(Clone)_-16714,63.633,35.665,93.715,1,HumanControl(Clone)_-16426,,
0,8.00,Human,HumanControl(Clone)_-16730,37.011,31.959,97.847,1,HumanControl(Clone)_-16858,,
0,8.00,Human,HumanControl(Clone)_-16746,37.690,2.462,100.000,1,HumanControl(Clone)_-16618,,
0,8.00,Human,HumanControl(Clone)_-16762,36.765,14.500,98.332,1,HumanControl(Clone)_-16538,,
0,8.00,Human,HumanControl(Clone)_-16778,6.578,17.885,98.207,1,HumanControl(Clone)_-16346,,
0,8.00,Human,HumanControl(Clone)_-16794,34.003,15.135,99.672,1,HumanControl(Clone)_-16538,,
0,8.00,Human,HumanControl(Clone)_-16810,72.404,10.667,97.312,1,,,
0,8.00,Human,HumanControl(Clone)_-16826,40.238,6.600,93.992,1,HumanControl(Clone)_-16698,,
0,8.00,Human,HumanControl(Clone)_-16842,34.144,6.739,96.184,1,HumanControl(Clone)_-16554,,
0,8.00,Human,HumanControl(Clone)_-16858,47.342,33.750,99.002,1,,,
0,8.00,Human,HumanControl(Clone)_-16874,35.069,33.204,99.163,1,HumanControl(Clone)_-16730,,
0,8.00,Human,HumanControl(Clone)_-16890,-0.760,45.262,99.232,1,,,
0,8.00,Human,HumanControl(Clone)_-16906,-2.122,43.328,98.326,1,HumanControl(Clone)_-16890,,
0,8.00,Human,HumanControl(Clone)_-16922,43.130,54.793,96.260,1,RobotControl(Clone)_-17164,,
0,8.00,Human,HumanControl(Clone)_-16938,37.677,57.063,99.012,1,,,
0,8.00,Human,HumanControl(Clone)_-16954,8.348,8.787,100.000,1,HumanControl(Clone)_-16778,,
0,8.00,Human,HumanControl(Clone)_-16970,36.871,6.734,89.706,1,HumanControl(Clone)_-16554,,
0,8.00,Human,HumanControl(Clone)_-16986,45.503,9.752,99.757,1,HumanControl(Clone)_-16650,,
0,8.00,Human,HumanControl(Clone)_-17002,64.747,36.883,98.379,1,HumanControl(Clone)_-16426,,
0,8.00,Human,HumanControl(Clone)_-17018,47.612,7.495,100.000,1,HumanControl(Clone)_-16650,,
0,8.00,Human,HumanControl(Clone)_-17082,-19.549,30.031,100.000,1,,,
0,8.00,Human,HumanControl(Clone)_-17098,44.770,9.015,99.744,1,HumanControl(Clone)_-16650,,
0,8.00,Human,HumanControl(Clone)_-17114,12.949,32.250,99.456,1,,,
0,8.00,Human,HumanControl(Clone)_-17130,40.390,7.887,98.104,1,HumanControl(Clone)_-16698,,
0,8.50,Robot,RobotControl(Clone)_-17146,-14.984,30.343,,,,,0
0,8.50,Robot,RobotControl(Clone)_-17164,38.687,62.456,,,,,2
0,8.50,Robot,RobotControl(Clone)_-17182,71.906,26.610,,,,,0
0,8.50,Human,HumanControl(Clone)_-16346,5.602,26.261,98.009,1,,,
0,8.50,Human,HumanControl(Clone)_-16362,-18.847,30.769,100.000,1,HumanControl(Clone)_-17082,,
0,8.50,Human,HumanControl(Clone)_-16378,-2.047,44.147,99.113,1,HumanControl(Clone)_-16890,,
0,8.50,Human,HumanControl(Clone)_-16394,40.778,59.113,98.749,1,RobotControl(Clone)_-17164,,
0,8.50,Human,HumanControl(Clone)_-16410,8.393,26.814,96.967,1,HumanControl(Clone)_-16346,,
0,8.50,Human,HumanControl(Clone)_-16426,58.997,31.825,97.614,1,,,
0,8.50,Human,HumanControl(Clone)_-16442,63.850,36.642,84.811,1,HumanControl(Clone)_-16714,,
0,8.50,Human,HumanControl(Clone)_-16458,73.275,7.313,98.816,1,HumanControl(Clone)_-16810,,
0,8.50,Human,HumanControl(Clone)_-16474,71.402,10.614,99.472,1,HumanControl(Clone)_-16810,,
0,8.50,Human,HumanControl(Clone)_-16490,13.939,32.112,90.083,1,HumanControl(Clone)_-17114,,
0,8.50,Human,HumanControl(Clone)_-16506,46.591,33.596,98.119,1,HumanControl(Clone)_-16858,,
0,8.50,Human,HumanControl(Clone)_-16522,49.007,35.403,96.671,1,HumanControl(Clone)_-16858,,
0,8.50,Human,HumanControl(Clone)_-16538,38.732,0.708,97.789,1,HumanControl(Clone)_-16698,,
0,8.50,Human,HumanControl(Clone)_-16554,37.356,2.574,84.758,1,HumanControl(Clone)_-16698,,
0,8.50,Human,HumanControl(Clone)_-16570,12.593,8.557,99.168,1,,,
0,8.50,Human,HumanControl(Clone)_-16586,9.621,9.033,100.000,1,HumanControl(Clone)_-16570,,
0,8.50,Human,HumanControl(Clone)_-16602,37.277,9.893,97.577,1,HumanControl(Clone)_-16618,,
0,8.50,Human,HumanControl(Clone)_-16618,36.870,7.711,91.414,1,,,
0,8.50,Human,HumanControl(Clone)_-16634,35.571,8.117,96.698,1,HumanControl(Clone)_-16618,,
0,8.50,Human,HumanControl(Clone)_-16650,42.926,1.660,99.728,1,HumanControl(Clone)_-16666,,
0,8.50,Human,HumanControl(Clone)_-16666,44.085,7.985,99.467,1,HumanControl(Clone)_-16618,,
0,8.50,Human,HumanControl(Clone)_-16682,45.103,2.187,99.728,1,HumanControl(Clone)_-16666,,
0,8.50,Human,HumanControl(Clone)_-16698,39.607,5.393,100.000,1,HumanControl(Clone)_-16618,,
0,8.50,Human,HumanControl(Clone)_-16714,63.716,32.159,93.328,1,HumanControl(Clone)_-16426,,
0,8.50,Human,HumanControl(Clone)_-16730,45.554,34.330,97.722,1,HumanControl(Clone)_-16858,,
0,8.50,Human,HumanControl(Clone)_-16746,38.740,9.900,99.817,1,HumanControl(Clone)_-16618,,
0,8.50,Human,HumanControl(Clone)_-16762,36.500,6.609,98.332,1,HumanControl(Clone)_-16538,,
0,8.50,Human,HumanControl(Clone)_-16778,7.262,21.825,98.207,1,HumanControl(Clone)_-16346,,
0,8.50,Human,HumanControl(Clone)_-16794,33.230,17.846,99.672,1,HumanControl(Clone)_-16538,,
0,8.50,Human,HumanControl(Clone)_-16810,70.400,10.500,97.200,1,,,
0,8.50,Human,HumanControl(Clone)_-16826,37.694,8.376,93.992,1,HumanControl(Clone)_-16698,,
0,8.50,Human,HumanControl(Clone)_-16842,38.126,1.842,96.184,1,HumanControl(Clone)_-16554,,
0,8.50,Human,HumanControl(Clone)_-16858,43.756,33.214,99.002,1,,,
0,8.50,Human,HumanControl(Clone)_-16874,35.535,29.797,98.385,1,HumanControl(Clone)_-16730,,
0,8.50,Human,HumanControl(Clone)_-16890,1.594,45.004,99.232,1,,,
0,8.50,Human,HumanControl(Clone)_-16906,-1.551,45.034,98.326,1,HumanControl(Clone)_-16890,,
0,8.50,Human,HumanControl(Clone)_-16922,41.195,58.066,96.260,1,RobotControl(Clone)_-17164,,
0,8.50,Human,HumanControl(Clone)_-16938,37.204,60.887,99.012,1,,,
0,8.50,Human,HumanControl(Clone)_-16954,7.592,12.722,100.000,1,HumanControl(Clone)_-16778,,
0,8.50,Human,HumanControl(Clone)_-16970,39.585,8.554,89.706,1,HumanControl(Clone)_-16554,,
0,8.50,Human,HumanControl(Clone)_-16986,47.283,7.912,99.725,1,HumanControl(Clone)_-16650,,
0,8.50,Human,HumanControl(Clone)_-17002,63.687,33.181,98.379,1,HumanControl(Clone)_-16426,,
0,8.50,Human,HumanControl(Clone)_-17018,44.272,1.622,100.000,1,HumanControl(Clone)_-16650,,
0,8.50,Human,HumanControl(Clone)_-17082,-22.358,27.166,100.000,1,,,
0,8.50,Human,HumanControl(Clone)_-17098,46.299,6.603,99.744,1,HumanControl(Clone)_-16650,,
0,8.50,Human,HumanControl(Clone)_-17114,11.000,32.250,99.456,1,,,
0,8.50,Human,HumanControl(Clone)_-17130,38.976,6.609,98.104,1,HumanControl(Clone)_-16698,,
0,9.00,Robot,RobotControl(Clone)_-17146,-16.959,30.027,,,,,0
0,9.00,Robot,RobotControl(Clone)_-17164,37.899,63.894,,,,,1
0,9.00,Robot,RobotControl(Clone)_-17182,64.241,26.494,,,,,0
0,9.00,Human,HumanControl(Clone)_-16346,5.587,26.286,97.600,1,,,
0,9.00,Human,HumanControl(Clone)_-16362,-20.295,29.407,100.000,1,,,
0,9.00,Human,HumanControl(Clone)_-16378,-0.445,43.865,98.692,1,HumanControl(Clone)_-16890,,
0,9.00,Human,HumanControl(Clone)_-16394,39.251,60.458,98.749,1,,,
0,9.00,Human,HumanControl(Clone)_-16410,6.588,26.320,96.967,1,HumanControl(Clone)_-16346,,
0,9.00,Human,HumanControl(Clone)_-16426,59.674,29.941,97.001,1,,,
0,9.00,Human,HumanControl(Clone)_-16442,63.621,34.675,84.811,1,HumanControl(Clone)_-16714,,
0,9.00,Human,HumanControl(Clone)_-16458,72.968,9.328,98.816,1,HumanControl(Clone)_-16810,,
0,9.00,Human,HumanControl(Clone)_-16474,71.400,10.614,99.472,1,HumanControl(Clone)_-16810,,
0,9.00,Human,HumanControl(Clone)_-16490,13.939,32.112,89.674,1,HumanControl(Clone)_-17114,,
0,9.00,Human,HumanControl(Clone)_-16506,46.594,33.596,98.119,1,HumanControl(Clone)_-16858,,
0,9.00,Human,HumanControl(Clone)_-16522,48.877,33.621,96.671,1,HumanControl(Clone)_-16858,,
0,9.00,Human,HumanControl(Clone)_-16538,39.771,2.336,97.789,1,HumanControl(Clone)_-16698,,
0,9.00,Human,HumanControl(Clone)_-16554,39.181,3.209,84.758,1,HumanControl(Clone)_-16698,,
0,9.00,Human,HumanControl(Clone)_-16570,11.050,8.241,99.168,1,,,
0,9.00,Human,HumanControl(Clone)_-16586,9.627,8.967,100.000,1,HumanControl(Clone)_-16570,,
0,9.00,Human,HumanControl(Clone)_-16602,36.622,8.477,97.577,1,HumanControl(Clone)_-16618,,
0,9.00,Human,HumanControl(Clone)_-16618,36.014,7.682,91.414,1,,,
0,9.00,Human,HumanControl(Clone)_-16634,33.714,8.734,96.698,1,HumanControl(Clone)_-16618,,
0,9.00,Human,HumanControl(Clone)_-16650,42.775,1.699,99.728,1,HumanControl(Clone)_-16666,,
0,9.00,Human,HumanControl(Clone)_-16666,44.052,7.950,99.467,1,HumanControl(Clone)_-16618,,
0,9.00,Human,HumanControl(Clone)_-16682,43.367,0.677,99.728,1,HumanControl(Clone)_-16666,,
0,9.00,Human,HumanControl(Clone)_-16698,37.998,9.900,99.354,1,HumanControl(Clone)_-16618,,
0,9.00,Human,HumanControl(Clone)_-16714,58.858,28.227,93.167,1,HumanControl(Clone)_-16426,,
0,9.00,Human,HumanControl(Clone)_-16730,44.754,33.162,97.543,1,HumanControl(Clone)_-16858,,
0,9.00,Human,HumanControl(Clone)_-16746,40.309,8.006,99.817,1,HumanControl(Clone)_-16618,,
0,9.00,Human,HumanControl(Clone)_-16762,35.804,6.636,98.332,1,HumanControl(Clone)_-16538,,
0,9.00,Human,HumanControl(Clone)_-16778,7.414,23.819,98.207,1,HumanControl(Clone)_-16346,,
0,9.00,Human,HumanControl(Clone)_-16794,34.001,16.522,98.949,1,HumanControl(Clone)_-16538,,
0,9.00,Human,HumanControl(Clone)_-16810,64.235,10.500,96.800,1,,,
0,9.00,Human,HumanControl(Clone)_-16826,37.879,6.600,93.992,1,HumanControl(Clone)_-16698,,
0,9.00,Human,HumanControl(Clone)_-16842,36.634,2.459,96.184,1,HumanControl(Clone)_-16554,,
0,9.00,Human,HumanControl(Clone)_-16858,43.400,33.750,99.002,1,,,
0,9.00,Human,HumanControl(Clone)_-16874,37.284,30.205,97.297,1,HumanControl(Clone)_-16730,,
0,9.00,Human,HumanControl(Clone)_-16890,7.758,45.027,99.232,1,,,
0,9.00,Human,HumanControl(Clone)_-16906,-1.528,45.053,98.326,1,HumanControl(Clone)_-16890,,
0,9.00,Human,HumanControl(Clone)_-16922,39.621,59.300,96.260,1,RobotControl(Clone)_-17164,,
0,9.00,Human,HumanControl(Clone)_-16938,36.935,62.704,99.012,1,,,
0,9.00,Human,HumanControl(Clone)_-16954,7.034,14.653,100.000,1,HumanControl(Clone)_-16778,,
0,9.00,Human,HumanControl(Clone)_-16970,40.078,6.754,89.706,1,HumanControl(Clone)_-16554,,
0,9.00,Human,HumanControl(Clone)_-16986,45.348,2.725,99.725,1,HumanControl(Clone)_-16650,,
0,9.00,Human,HumanControl(Clone)_-17002,63.621,31.233,98.379,1,HumanControl(Clone)_-16426,,
0,9.00,Human,HumanControl(Clone)_-17018,43.792,1.636,100.000,1,HumanControl(Clone)_-16650,,
0,9.00,Human,HumanControl(Clone)_-17098,44.821,6.631,99.744,1,HumanControl(Clone)_-16650,,
0,9.00,Human,HumanControl(Clone)_-17114,4.835,32.250,99.456,1,HumanControl(Clone)_-16346,,
0,9.00,Human,HumanControl(Clone)_-17130,39.100,7.910,98.104,1,HumanControl(Clone)_-16698,,
0,9.50,Robot,RobotControl(Clone)_-17146,-18.194,29.306,,,,,0
0,9.50,Robot,RobotControl(Clone)_-17164,36.276,66.899,,,,,0
0,9.50,Robot,RobotControl(Clone)_-17182,63.611,27.878,,,,,0
0,9.50,Human,HumanControl(Clone)_-16346,6.363,28.005,97.191,1,,,
0,9.50,Human,HumanControl(Clone)_-16378,8.390,43.909,98.487,1,HumanControl(Clone)_-16890,,
0,9.50,Human,HumanControl(Clone)_-16394,36.852,63.636,98.491,1,,,
0,9.50,Human,HumanControl(Clone)_-16410,6.399,25.883,96.852,1,HumanControl(Clone)_-16346,,
0,9.50,Human,HumanControl(Clone)_-16426,61.001,27.750,96.919,1,,,
0,9.50,Human,HumanControl(Clone)_-16442,63.612,30.677,84.811,1,HumanControl(Clone)_-16714,,
0,9.50,Human,HumanControl(Clone)_-16458,64.363,11.165,98.816,1,HumanControl(Clone)_-16810,,
0,9.50,Human,HumanControl(Clone)_-16474,69.775,8.181,99.472,1,HumanControl(Clone)_-16810,,
0,9.50,Human,HumanControl(Clone)_-16490,4.835,32.750,89.641,1,HumanControl(Clone)_-17114,,
0,9.50,Human,HumanControl(Clone)_-16506,43.886,33.688,98.004,1,HumanControl(Clone)_-16858,,
0,9.50,Human,HumanControl(Clone)_-16522,45.113,32.725,96.671,1,HumanControl(Clone)_-16858,,
0,9.50,Human,HumanControl(Clone)_-16538,41.904,8.404,97.789,1,HumanControl(Clone)_-16698,,
0,9.50,Human,HumanControl(Clone)_-16554,39.147,3.214,84.758,1,HumanControl(Clone)_-16698,,
0,9.50,Human,HumanControl(Clone)_-16570,5.032,7.189,99.168,1,,,
0,9.50,Human,HumanControl(Clone)_-16586,11.230,9.218,100.000,1,HumanControl(Clone)_-16570,,
0,9.50,Human,HumanControl(Clone)_-16602,35.999,8.229,97.577,1,HumanControl(Clone)_-16618,,
0,9.50,Human,HumanControl(Clone)_-16618,37.782,0.606,91.414,1,,,
0,9.50,Human,HumanControl(Clone)_-16634,35.037,7.936,96.698,1,HumanControl(Clone)_-16618,,
0,9.50,Human,HumanControl(Clone)_-16650,40.889,8.396,99.728,1,HumanControl(Clone)_-16666,,
0,9.50,Human,HumanControl(Clone)_-16666,39.257,1.881,99.467,1,HumanControl(Clone)_-16618,,
0,9.50,Human,HumanControl(Clone)_-16682,42.731,2.488,99.728,1,HumanControl(Clone)_-16666,,
0,9.50,Human,HumanControl(Clone)_-16698,37.174,8.474,99.269,1,HumanControl(Clone)_-16618,,
0,9.50,Human,HumanControl(Clone)_-16714,56.559,29.662,93.167,1,HumanControl(Clone)_-16426,,
0,9.50,Human,HumanControl(Clone)_-16730,44.885,33.708,97.510,1,HumanControl(Clone)_-16858,,
0,9.50,Human,HumanControl(Clone)_-16746,40.733,7.148,99.817,1,HumanControl(Clone)_-16618,,
0,9.50,Human,HumanControl(Clone)_-16762,37.988,7.957,98.332,1,HumanControl(Clone)_-16538,,
0,9.50,Human,HumanControl(Clone)_-16778,6.742,26.836,98.207,1,HumanControl(Clone)_-16346,,
0,9.50,Human,HumanControl(Clone)_-16794,35.451,13.023,98.949,1,HumanControl(Clone)_-16538,,
0,9.50,Human,HumanControl(Clone)_-16810,63.758,10.352,96.672,1,,,
0,9.50,Human,HumanControl(Clone)_-16826,39.566,7.924,93.992,1,HumanControl(Clone)_-16698,,
0,9.50,Human,HumanControl(Clone)_-16842,38.151,3.094,96.184,1,HumanControl(Clone)_-16554,,
0,9.50,Human,HumanControl(Clone)_-16858,37.235,33.750,99.002,1,,,
0,9.50,Human,HumanControl(Clone)_-16874,40.005,33.088,97.034,1,HumanControl(Clone)_-16730,,
0,9.50,Human,HumanControl(Clone)_-16890,8.181,45.221,99.232,1,,,
0,9.50,Human,HumanControl(Clone)_-16906,6.700,44.672,98.075,1,HumanControl(Clone)_-16890,,
0,9.50,Human,HumanControl(Clone)_-16922,37.428,62.622,96.260,1,,,
0,9.50,Human,HumanControl(Clone)_-16938,36.382,65.558,98.898,1,,,
0,9.50,Human,HumanControl(Clone)_-16954,7.013,18.648,100.000,1,HumanControl(Clone)_-16778,,
0,9.50,Human,HumanControl(Clone)_-16970,38.570,6.600,89.706,1,HumanControl(Clone)_-16554,,
0,9.50,Human,HumanControl(Clone)_-16986,44.354,0.600,99.725,1,HumanControl(Clone)_-16650,,
0,9.50,Human,HumanControl(Clone)_-17002,56.859,28.267,98.379,1,HumanControl(Clone)_-16426,,
0,9.50,Human,HumanControl(Clone)_-17018,42.993,1.503,100.000,1,HumanControl(Clone)_-16650,,
0,9.50,Human,HumanControl(Clone)_-17098,42.190,6.620,99.744,1,HumanControl(Clone)_-16650,,
0,9.50,Human,HumanControl(Clone)_-17114,4.210,30.921,99.196,1,HumanControl(Clone)_-16346,,
0,9.50,Human,HumanControl(Clone)_-17130,38.445,8.886,98.104,1,HumanControl(Clone)_-16698,,
0,10.00,Robot,RobotControl(Clone)_-17146,-18.194,29.306,,,,,0
0,10.00,Robot,RobotControl(Clone)_-17164,36.157,66.898,,,,,0
0,10.00,Robot,RobotControl(Clone)_-17182,63.898,29.856,,,,,0
0,10.00,Human,HumanControl(Clone)_-16346,7.321,29.762,97.027,1,,,
0,10.00,Human,HumanControl(Clone)_-16378,8.321,43.430,98.149,1,HumanControl(Clone)_-16890,,
0,10.00,Human,HumanControl(Clone)_-16394,36.167,63.261,98.345,1,,,
0,10.00,Human,HumanControl(Clone)_-16410,5.211,25.330,96.688,1,HumanControl(Clone)_-16346,,
0,10.00,Human,HumanControl(Clone)_-16426,61.002,27.750,96.919,1,,,
0,10.00,Human,HumanControl(Clone)_-16442,58.862,28.250,84.811,1,HumanControl(Clone)_-16714,,
0,10.00,Human,HumanControl(Clone)_-16458,63.638,11.504,98.736,1,HumanControl(Clone)_-16810,,
0,10.00,Human,HumanControl(Clone)_-16474,66.001,7.502,99.472,1,HumanControl(Clone)_-16810,,
0,10.00,Human,HumanControl(Clone)_-16490,4.232,31.850,89.394,1,HumanControl(Clone)_-17114,,
0,10.00,Human,HumanControl(Clone)_-16506,42.975,33.664,97.806,1,HumanControl(Clone)_-16858,,
0,10.00,Human,HumanControl(Clone)_-16522,44.055,33.684,96.423,1,HumanControl(Clone)_-16858,,
0,10.00,Human,HumanControl(Clone)_-16538,42.928,7.183,97.789,1,HumanControl(Clone)_-16698,,
0,10.00,Human,HumanControl(Clone)_-16554,39.152,3.212,84.758,1,HumanControl(Clone)_-16698,,
0,10.00,Human,HumanControl(Clone)_-16570,4.239,6.653,99.168,1,,,
0,10.00,Human,HumanControl(Clone)_-16586,10.869,9.202,100.000,1,HumanControl(Clone)_-16570,,
0,10.00,Human,HumanControl(Clone)_-16602,37.192,9.157,97.577,1,HumanControl(Clone)_-16618,,
0,10.00,Human,HumanControl(Clone)_-16618,37.885,0.869,91.414,1,,,
0,10.00,Human,HumanControl(Clone)_-16634,36.281,8.561,96.698,1,HumanControl(Clone)_-16618,,
0,10.00,Human,HumanControl(Clone)_-16650,40.054,8.202,99.728,1,HumanControl(Clone)_-16666,,
0,10.00,Human,HumanControl(Clone)_-16666,39.340,0.661,99.467,1,HumanControl(Clone)_-16618,,
0,10.00,Human,HumanControl(Clone)_-16682,43.489,9.885,99.474,1,HumanControl(Clone)_-16666,,
0,10.00,Human,HumanControl(Clone)_-16698,35.057,9.899,99.269,1,HumanControl(Clone)_-16618,,
0,10.00,Human,HumanControl(Clone)_-16714,57.904,31.141,93.167,1,HumanControl(Clone)_-16426,,
0,10.00,Human,HumanControl(Clone)_-16730,46.122,33.728,97.335,1,HumanControl(Clone)_-16858,,
0,10.00,Human,HumanControl(Clone)_-16746,39.848,2.064,99.817,1,HumanControl(Clone)_-16618,,
0,10.00,Human,HumanControl(Clone)_-16762,39.153,7.355,98.332,1,HumanControl(Clone)_-16538,,
0,10.00,Human,HumanControl(Clone)_-16778,6.770,26.854,98.207,1,HumanControl(Clone)_-16346,,
0,10.00,Human,HumanControl(Clone)_-16794,35.715,6.647,98.949,1,HumanControl(Clone)_-16538,,
0,10.00,Human,HumanControl(Clone)_-16810,65.770,10.322,96.271,1,,,
0,10.00,Human,HumanControl(Clone)_-16826,39.305,9.900,93.992,1,HumanControl(Clone)_-16698,,
0,10.00,Human,HumanControl(Clone)_-16842,38.146,3.101,96.184,1,HumanControl(Clone)_-16554,,
0,10.00,Human,HumanControl(Clone)_-16858,35.235,33.750,99.002,1,,,
0,10.00,Human,HumanControl(Clone)_-16874,44.019,36.580,97.034,1,HumanControl(Clone)_-16730,,
0,10.00,Human,HumanControl(Clone)_-16890,6.150,45.204,99.232,1,,,
0,10.00,Human,HumanControl(Clone)_-16906,7.128,45.000,98.075,1,HumanControl(Clone)_-16890,,
0,10.00,Human,HumanControl(Clone)_-16922,37.492,64.026,96.260,1,,,
0,10.00,Human,HumanControl(Clone)_-16938,36.524,64.433,98.801,1,,,
0,10.00,Human,HumanControl(Clone)_-16954,7.189,20.640,100.000,1,HumanControl(Clone)_-16778,,
0,10.00,Human,HumanControl(Clone)_-16970,37.178,6.620,89.706,1,HumanControl(Clone)_-16554,,
0,10.00,Human,HumanControl(Clone)_-16986,44.547,0.621,99.725,1,HumanControl(Clone)_-16650,,
0,10.00,Human,HumanControl(Clone)_-17002,56.554,29.728,98.379,1,HumanControl(Clone)_-16426,,
0,10.00,Human,HumanControl(Clone)_-17018,42.884,0.600,100.000,1,HumanControl(Clone)_-16650,,
0,10.00,Human,HumanControl(Clone)_-17098,43.918,6.605,99.744,1,HumanControl(Clone)_-16650,,
0,10.00,Human,HumanControl(Clone)_-17114,5.020,29.065,99.196,1,HumanControl(Clone)_-16346,,
0,10.00,Human,HumanControl(Clone)_-17130,38.005,8.500,97.894,1,HumanControl(Clone)_-16698,,
0,10.50,Robot,RobotControl(Clone)_-17146,-21.686,27.356,,,,,0
0,10.50,Robot,RobotControl(Clone)_-17164,37.307,66.892,,,,,0
0,10.50,Robot,RobotControl(Clone)_-17182,64.428,33.820,,,,,0
0,10.50,Human,HumanControl(Clone)_-16346,15.158,31.754,97.027,1,,,
0,10.50,Human,HumanControl(Clone)_-16378,8.384,45.169,98.149,1,HumanControl(Clone)_-16890,,
0,10.50,Human,HumanControl(Clone)_-16394,35.096,65.558,98.345,1,,,
0,10.50,Human,HumanControl(Clone)_-16410,6.121,26.719,96.688,1,HumanControl(Clone)_-16346,,
0,10.50,Human,HumanControl(Clone)_-16426,59.225,27.750,96.919,1,,,
0,10.50,Human,HumanControl(Clone)_-16442,55.836,29.952,84.476,1,HumanControl(Clone)_-16714,,
0,10.50,Human,HumanControl(Clone)_-16458,65.030,10.033,98.448,1,HumanControl(Clone)_-16810,,
0,10.50,Human,HumanControl(Clone)_-16474,63.786,6.583,99.472,1,HumanControl(Clone)_-16810,,
0,10.50,Human,HumanControl(Clone)_-16490,4.694,30.152,89.097,1,HumanControl(Clone)_-17114,,
0,10.50,Human,HumanControl(Clone)_-16506,34.808,33.242,97.806,1,HumanControl(Clone)_-16858,,
0,10.50,Human,HumanControl(Clone)_-16522,37.106,34.537,96.126,1,HumanControl(Clone)_-16858,,
0,10.50,Human,HumanControl(Clone)_-16538,42.319,6.710,97.789,1,HumanControl(Clone)_-16698,,
0,10.50,Human,HumanControl(Clone)_-16554,39.291,3.528,84.758,1,HumanControl(Clone)_-16698,,
0,10.50,Human,HumanControl(Clone)_-16570,6.167,7.965,99.168,1,,,
0,10.50,Human,HumanControl(Clone)_-16586,4.835,8.552,100.000,1,HumanControl(Clone)_-16570,,
0,10.50,Human,HumanControl(Clone)_-16602,39.021,1.654,97.577,1,HumanControl(Clone)_-16618,,
0,10.50,Human,HumanControl(Clone)_-16618,38.536,4.269,91.414,1,,,
0,10.50,Human,HumanControl(Clone)_-16634,37.715,1.594,96.698,1,HumanControl(Clone)_-16618,,
0,10.50,Human,HumanControl(Clone)_-16650,40.276,6.600,99.728,1,HumanControl(Clone)_-16666,,
0,10.50,Human,HumanControl(Clone)_-16666,37.958,0.600,99.467,1,HumanControl(Clone)_-16618,,
0,10.50,Human,HumanControl(Clone)_-16682,42.369,9.899,99.341,1,HumanControl(Clone)_-16666,,
0,10.50,Human,HumanControl(Clone)_-16698,36.307,7.521,99.269,1,HumanControl(Clone)_-16618,,
0,10.50,Human,HumanControl(Clone)_-16714,61.147,29.279,93.167,1,HumanControl(Clone)_-16426,,
0,10.50,Human,HumanControl(Clone)_-16730,45.035,34.033,97.021,1,HumanControl(Clone)_-16858,,
0,10.50,Human,HumanControl(Clone)_-16746,39.285,0.606,99.817,1,HumanControl(Clone)_-16618,,
0,10.50,Human,HumanControl(Clone)_-16762,41.524,7.334,98.332,1,HumanControl(Clone)_-16538,,
0,10.50,Human,HumanControl(Clone)_-16778,4.814,29.141,98.207,1,HumanControl(Clone)_-16346,,
0,10.50,Human,HumanControl(Clone)_-16794,36.741,6.601,98.949,1,HumanControl(Clone)_-16538,,
0,10.50,Human,HumanControl(Clone)_-16810,66.405,10.488,95.870,1,,,
0,10.50,Human,HumanControl(Clone)_-16826,36.741,8.554,93.779,1,HumanControl(Clone)_-16698,,
0,10.50,Human,HumanControl(Clone)_-16842,39.554,2.563,96.184,1,HumanControl(Clone)_-16554,,
0,10.50,Human,HumanControl(Clone)_-16858,37.435,33.579,99.002,1,,,
0,10.50,Human,HumanControl(Clone)_-16874,46.649,37.322,97.034,1,HumanControl(Clone)_-16730,,
0,10.50,Human,HumanControl(Clone)_-16890,5.459,45.118,99.232,1,,,
0,10.50,Human,HumanControl(Clone)_-16906,6.989,45.102,98.075,1,HumanControl(Clone)_-16890,,
0,10.50,Human,HumanControl(Clone)_-16922,36.958,64.840,95.985,1,,,
0,10.50,Human,HumanControl(Clone)_-16954,7.580,24.620,100.000,1,HumanControl(Clone)_-16778,,
0,10.50,Human,HumanControl(Clone)_-16970,38.808,6.609,89.706,1,HumanControl(Clone)_-16554,,
0,10.50,Human,HumanControl(Clone)_-16986,47.060,9.121,99.725,1,HumanControl(Clone)_-16650,,
0,10.50,Human,HumanControl(Clone)_-17002,59.701,29.326,97.630,1,HumanControl(Clone)_-16426,,
0,10.50,Human,HumanControl(Clone)_-17018,43.583,3.092,100.000,1,HumanControl(Clone)_-16650,,
0,10.50,Human,HumanControl(Clone)_-17098,42.821,8.783,99.744,1,HumanControl(Clone)_-16650,,
0,10.50,Human,HumanControl(Clone)_-17114,6.898,28.869,99.196,1,HumanControl(Clone)_-16346,,
0,10.50,Human,HumanControl(Clone)_-17130,38.107,8.331,97.894,1,HumanControl(Clone)_-16698,,
0,11.00,Robot,RobotControl(Clone)_-17146,-22.764,26.586,,,,,0
0,11.00,Robot,RobotControl(Clone)_-17164,37.518,66.811,,,,,0
0,11.00,Robot,RobotControl(Clone)_-17182,64.510,34.699,,,,,1
0,11.00,Human,HumanControl(Clone)_-16346,14.946,32.007,97.027,1,,,
0,11.00,Human,HumanControl(Clone)_-16378,6.977,46.522,98.149,1,HumanControl(Clone)_-16890,,
0,11.00,Human,HumanControl(Clone)_-16410,7.562,27.393,96.688,1,HumanControl(Clone)_-16346,,
0,11.00,Human,HumanControl(Clone)_-16426,67.165,27.750,96.919,1,RobotControl(Clone)_-17182,,
0,11.00,Human,HumanControl(Clone)_-16442,56.545,31.682,83.997,1,HumanControl(Clone)_-16714,,
0,11.00,Human,HumanControl(Clone)_-16458,66.828,9.576,98.448,1,HumanControl(Clone)_-16810,,
0,11.00,Human,HumanControl(Clone)_-16474,64.063,8.417,99.472,1,HumanControl(Clone)_-16810,,
0,11.00,Human,HumanControl(Clone)_-16490,6.070,30.354,88.865,1,HumanControl(Clone)_-17114,,
0,11.00,Human,HumanControl(Clone)_-16506,35.829,33.391,97.806,1,HumanControl(Clone)_-16858,,
0,11.00,Human,HumanControl(Clone)_-16522,36.868,33.403,96.126,1,HumanControl(Clone)_-16858,,
0,11.00,Human,HumanControl(Clone)_-16538,42.564,6.622,97.789,1,HumanControl(Clone)_-16698,,
0,11.00,Human,HumanControl(Clone)_-16554,41.060,9.900,84.758,1,HumanControl(Clone)_-16698,,
0,11.00,Human,HumanControl(Clone)_-16570,7.015,8.255,99.168,1,,,
0,11.00,Human,HumanControl(Clone)_-16586,5.329,7.448,100.000,1,HumanControl(Clone)_-16570,,
0,11.00,Human,HumanControl(Clone)_-16602,38.326,3.750,97.577,1,HumanControl(Clone)_-16618,,
0,11.00,Human,HumanControl(Clone)_-16618,38.194,4.855,91.414,1,,,
0,11.00,Human,HumanControl(Clone)_-16634,37.666,1.942,96.698,1,HumanControl(Clone)_-16618,,
0,11.00,Human,HumanControl(Clone)_-16650,39.636,6.631,99.728,1,HumanControl(Clone)_-16666,,
0,11.00,Human,HumanControl(Clone)_-16666,38.357,1.149,99.467,1,HumanControl(Clone)_-16618,,
0,11.00,Human,HumanControl(Clone)_-16682,40.699,8.705,99.152,1,HumanControl(Clone)_-16666,,
0,11.00,Human,HumanControl(Clone)_-16698,36.629,3.659,99.269,1,HumanControl(Clone)_-16618,,
0,11.00,Human,HumanControl(Clone)_-16714,61.053,27.224,93.167,1,HumanControl(Clone)_-16426,,
0,11.00,Human,HumanControl(Clone)_-16730,37.488,34.646,97.021,1,HumanControl(Clone)_-16858,,
0,11.00,Human,HumanControl(Clone)_-16746,37.313,0.942,99.817,1,HumanControl(Clone)_-16618,,
0,11.00,Human,HumanControl(Clone)_-16762,41.467,7.320,98.332,1,HumanControl(Clone)_-16538,,
0,11.00,Human,HumanControl(Clone)_-16778,6.239,31.393,98.174,1,HumanControl(Clone)_-16346,,
0,11.00,Human,HumanControl(Clone)_-16794,37.880,8.620,98.949,1,HumanControl(Clone)_-16538,,
0,11.00,Human,HumanControl(Clone)_-16810,65.585,12.305,95.465,1,,,
0,11.00,Human,HumanControl(Clone)_-16826,35.451,8.209,93.779,1,HumanControl(Clone)_-16698,,
0,11.00,Human,HumanControl(Clone)_-16842,40.310,3.392,96.184,1,HumanControl(Clone)_-16554,,
0,11.00,Human,HumanControl(Clone)_-16858,39.377,33.593,99.002,1,,,
0,11.00,Human,HumanControl(Clone)_-16874,47.264,35.419,97.034,1,HumanControl(Clone)_-16730,,
0,11.00,Human,HumanControl(Clone)_-16890,6.920,43.899,99.232,1,,,
0,11.00,Human,HumanControl(Clone)_-16906,5.071,45.873,98.075,1,HumanControl(Clone)_-16890,,
0,11.00,Human,HumanControl(Clone)_-16922,36.265,66.340,95.741,1,,,
0,11.00,Human,HumanControl(Clone)_-16954,7.701,26.402,99.918,1,HumanControl(Clone)_-16778,,
0,11.00,Human,HumanControl(Clone)_-16970,40.635,6.615,89.706,1,HumanControl(Clone)_-16554,,
0,11.00,Human,HumanControl(Clone)_-16986,48.875,9.866,99.725,1,HumanControl(Clone)_-16650,,
0,11.00,Human,HumanControl(Clone)_-17002,60.045,27.517,96.886,1,HumanControl(Clone)_-16426,,
0,11.00,Human,HumanControl(Clone)_-17018,43.972,3.099,100.000,1,HumanControl(Clone)_-16650,,
0,11.00,Human,HumanControl(Clone)_-17098,42.018,8.167,99.744,1,HumanControl(Clone)_-16650,,
0,11.00,Human,HumanControl(Clone)_-17114,7.085,28.272,99.196,1,HumanControl(Clone)_-16346,,
0,11.00,Human,HumanControl(Clone)_-17130,36.277,8.959,97.894,1,HumanControl(Clone)_-16698,,
0,11.50,Robot,RobotControl(Clone)_-17146,-20.712,26.598,,,,,0
0,11.50,Robot,RobotControl(Clone)_-17164,38.804,66.856,,,,,0
0,11.50,Robot,RobotControl(Clone)_-17182,64.934,33.608,,,,,1
0,11.50,Human,HumanControl(Clone)_-16346,11.000,32.250,97.027,1,,,
0,11.50,Human,HumanControl(Clone)_-16378,7.352,44.721,98.149,1,HumanControl(Clone)_-16890,,
0,11.50,Human,HumanControl(Clone)_-16410,10.886,29.197,96.688,1,HumanControl(Clone)_-16346,,
0,11.50,Human,HumanControl(Clone)_-16426,67.528,27.750,95.429,1,RobotControl(Clone)_-17182,,
0,11.50,Human,HumanControl(Clone)_-16442,60.143,30.586,83.997,1,HumanControl(Clone)_-16714,,
0,11.50,Human,HumanControl(Clone)_-16458,65.426,10.954,98.448,1,HumanControl(Clone)_-16810,,
0,11.50,Human,HumanControl(Clone)_-16474,65.905,11.855,99.357,1,HumanControl(Clone)_-16810,,
0,11.50,Human,HumanControl(Clone)_-16490,6.492,29.364,88.782,1,HumanControl(Clone)_-17114,,
0,11.50,Human,HumanControl(Clone)_-16506,35.207,32.792,97.806,1,HumanControl(Clone)_-16858,,
0,11.50,Human,HumanControl(Clone)_-16522,38.566,33.281,96.126,1,HumanControl(Clone)_-16858,,
0,11.50,Human,HumanControl(Clone)_-16538,43.916,7.910,97.789,1,HumanControl(Clone)_-16698,,
0,11.50,Human,HumanControl(Clone)_-16554,41.619,9.888,84.290,1,HumanControl(Clone)_-16698,,
0,11.50,Human,HumanControl(Clone)_-16570,7.029,8.259,99.168,1,,,
0,11.50,Human,HumanControl(Clone)_-16586,6.242,7.632,100.000,1,HumanControl(Clone)_-16570,,
0,11.50,Human,HumanControl(Clone)_-16602,37.100,4.814,97.577,1,HumanControl(Clone)_-16618,,
0,11.50,Human,HumanControl(Clone)_-16618,38.668,7.995,90.719,1,,,
0,11.50,Human,HumanControl(Clone)_-16634,40.035,3.939,96.698,1,HumanControl(Clone)_-16618,,
0,11.50,Human,HumanControl(Clone)_-16650,36.649,6.606,99.728,1,HumanControl(Clone)_-16666,,
0,11.50,Human,HumanControl(Clone)_-16666,39.557,3.007,99.467,1,HumanControl(Clone)_-16618,,
0,11.50,Human,HumanControl(Clone)_-16682,36.606,3.597,99.152,1,HumanControl(Clone)_-16666,,
0,11.50,Human,HumanControl(Clone)_-16698,38.377,5.053,99.269,1,HumanControl(Clone)_-16618,,
0,11.50,Human,HumanControl(Clone)_-16714,57.368,26.650,93.167,1,HumanControl(Clone)_-16426,,
0,11.50,Human,HumanControl(Clone)_-16730,36.009,33.450,97.021,1,HumanControl(Clone)_-16858,,
0,11.50,Human,HumanControl(Clone)_-16746,37.753,3.909,99.817,1,HumanControl(Clone)_-16618,,
0,11.50,Human,HumanControl(Clone)_-16762,43.856,6.652,98.332,1,HumanControl(Clone)_-16538,,
0,11.50,Human,HumanControl(Clone)_-16778,13.917,32.380,98.057,1,HumanControl(Clone)_-16346,,
0,11.50,Human,HumanControl(Clone)_-16794,41.308,8.687,98.949,1,HumanControl(Clone)_-16538,,
0,11.50,Human,HumanControl(Clone)_-16810,70.799,13.498,95.433,1,,,
0,11.50,Human,HumanControl(Clone)_-16826,35.533,6.611,93.779,1,HumanControl(Clone)_-16698,,
0,11.50,Human,HumanControl(Clone)_-16842,39.587,5.400,96.184,1,HumanControl(Clone)_-16554,,
0,11.50,Human,HumanControl(Clone)_-16858,39.448,33.753,99.002,1,,,
0,11.50,Human,HumanControl(Clone)_-16874,45.987,34.003,96.642,1,HumanControl(Clone)_-16730,,
0,11.50,Human,HumanControl(Clone)_-16890,-0.572,44.506,99.232,1,,,
0,11.50,Human,HumanControl(Clone)_-16906,4.434,45.947,97.666,1,HumanControl(Clone)_-16890,,
0,11.50,Human,HumanControl(Clone)_-16954,5.486,29.472,99.620,1,HumanControl(Clone)_-16778,,
0,11.50,Human,HumanControl(Clone)_-16970,41.088,7.692,89.706,1,HumanControl(Clone)_-16554,,
0,11.50,Human,HumanControl(Clone)_-16986,46.563,9.076,99.402,1,HumanControl(Clone)_-16650,,
0,11.50,Human,HumanControl(Clone)_-17002,58.209,27.753,95.583,1,HumanControl(Clone)_-16426,,
0,11.50,Human,HumanControl(Clone)_-17018,43.812,3.096,100.000,1,HumanControl(Clone)_-16650,,
0,11.50,Human,HumanControl(Clone)_-17098,40.376,6.959,99.744,1,HumanControl(Clone)_-16650,,
0,11.50,Human,HumanControl(Clone)_-17114,11.884,29.241,98.933,1,HumanControl(Clone)_-16346,,
0,11.50,Human,HumanControl(Clone)_-17130,34.320,8.937,97.197,1,HumanControl(Clone)_-16698,,
0,12.00,Robot,RobotControl(Clone)_-17146,-18.688,26.610,,,,,0
0,12.00,Robot,RobotControl(Clone)_-17164,39.916,66.858,,,,,0
0,12.00,Robot,RobotControl(Clone)_-17182,65.354,32.517,,,,,1
0,12.00,Human,HumanControl(Clone)_-16346,10.999,32.251,97.027,1,,,
0,12.00,Human,HumanControl(Clone)_-16378,7.334,44.689,98.149,1,HumanControl(Clone)_-16890,,
0,12.00,Human,HumanControl(Clone)_-16410,12.069,27.519,96.440,1,HumanControl(Clone)_-16346,,
0,12.00,Human,HumanControl(Clone)_-16426,65.630,27.656,93.705,1,RobotControl(Clone)_-17182,,
0,12.00,Human,HumanControl(Clone)_-16442,61.387,29.018,83.997,1,HumanControl(Clone)_-16714,,
0,12.00,Human,HumanControl(Clone)_-16458,64.863,12.831,98.448,1,HumanControl(Clone)_-16810,,
0,12.00,Human,HumanControl(Clone)_-16474,65.762,13.419,99.192,1,HumanControl(Clone)_-16810,,
0,12.00,Human,HumanControl(Clone)_-16490,8.036,28.975,88.782,1,HumanControl(Clone)_-17114,,
0,12.00,Human,HumanControl(Clone)_-16506,36.294,33.162,97.806,1,HumanControl(Clone)_-16858,,
0,12.00,Human,HumanControl(Clone)_-16522,38.779,33.119,96.126,1,HumanControl(Clone)_-16858,,
0,12.00,Human,HumanControl(Clone)_-16538,43.125,6.735,97.789,1,HumanControl(Clone)_-16698,,
0,12.00,Human,HumanControl(Clone)_-16554,40.287,8.571,84.083,1,HumanControl(Clone)_-16698,,
0,12.00,Human,HumanControl(Clone)_-16570,13.151,8.776,99.168,1,,,
0,12.00,Human,HumanControl(Clone)_-16586,6.242,7.631,100.000,1,HumanControl(Clone)_-16570,,
0,12.00,Human,HumanControl(Clone)_-16602,36.969,5.379,97.577,1,HumanControl(Clone)_-16618,,
0,12.00,Human,HumanControl(Clone)_-16618,38.597,7.985,90.719,1,,,
0,12.00,Human,HumanControl(Clone)_-16634,39.353,9.801,96.698,1,HumanControl(Clone)_-16618,,
0,12.00,Human,HumanControl(Clone)_-16650,37.930,6.879,99.728,1,HumanControl(Clone)_-16666,,
0,12.00,Human,HumanControl(Clone)_-16666,39.667,3.887,99.467,1,HumanControl(Clone)_-16618,,
0,12.00,Human,HumanControl(Clone)_-16682,36.643,2.152,99.152,1,HumanControl(Clone)_-16666,,
0,12.00,Human,HumanControl(Clone)_-16698,35.608,8.787,99.269,1,HumanControl(Clone)_-16618,,
0,12.00,Human,HumanControl(Clone)_-16714,57.646,27.123,93.167,1,HumanControl(Clone)_-16426,,
0,12.00,Human,HumanControl(Clone)_-16730,37.376,33.069,97.021,1,HumanControl(Clone)_-16858,,
0,12.00,Human,HumanControl(Clone)_-16746,38.225,5.358,99.817,1,HumanControl(Clone)_-16618,,
0,12.00,Human,HumanControl(Clone)_-16762,44.122,6.660,98.332,1,HumanControl(Clone)_-16538,,
0,12.00,Human,HumanControl(Clone)_-16778,13.852,32.709,97.922,1,HumanControl(Clone)_-16346,,
0,12.00,Human,HumanControl(Clone)_-16794,42.322,7.463,98.949,1,HumanControl(Clone)_-16538,,
0,12.00,Human,HumanControl(Clone)_-16810,72.045,14.368,95.215,1,,,
0,12.00,Human,HumanControl(Clone)_-16826,36.561,6.660,93.779,1,HumanControl(Clone)_-16698,,
0,12.00,Human,HumanControl(Clone)_-16842,39.566,5.400,96.184,1,HumanControl(Clone)_-16554,,
0,12.00,Human,HumanControl(Clone)_-16858,45.641,33.846,98.714,1,,,
0,12.00,Human,HumanControl(Clone)_-16874,44.589,33.727,96.473,1,HumanControl(Clone)_-16730,,
0,12.00,Human,HumanControl(Clone)_-16890,-2.588,44.520,99.232,1,,,
0,12.00,Human,HumanControl(Clone)_-16906,6.064,45.291,97.487,1,HumanControl(Clone)_-16890,,
0,12.00,Human,HumanControl(Clone)_-16954,4.870,31.315,99.620,1,HumanControl(Clone)_-16778,,
0,12.00,Human,HumanControl(Clone)_-16970,41.506,9.041,89.706,1,HumanControl(Clone)_-16554,,
0,12.00,Human,HumanControl(Clone)_-16986,45.022,8.199,99.402,1,HumanControl(Clone)_-16650,,
0,12.00,Human,HumanControl(Clone)_-17002,59.339,28.039,95.058,1,HumanControl(Clone)_-16426,,
0,12.00,Human,HumanControl(Clone)_-17018,43.899,3.098,100.000,1,HumanControl(Clone)_-16650,,
0,12.00,Human,HumanControl(Clone)_-17098,38.900,6.624,99.744,1,HumanControl(Clone)_-16650,,
0,12.00,Human,HumanControl(Clone)_-17114,13.173,27.611,98.933,1,HumanControl(Clone)_-16346,,
0,12.00,Human,HumanControl(Clone)_-17130,35.866,7.552,97.197,1,HumanControl(Clone)_-16698,,
0,12.50,Robot,RobotControl(Clone)_-17146,-14.677,26.634,,,,,0
0,12.50,Robot,RobotControl(Clone)_-17164,39.631,64.821,,,,,0
0,12.50,Robot,RobotControl(Clone)_-17182,66.316,30.390,,,,,1
0,12.50,Human,HumanControl(Clone)_-16346,4.834,32.265,97.027,1,,,
0,12.50,Human,HumanControl(Clone)_-16378,0.493,44.752,98.149,1,HumanControl(Clone)_-16890,,
0,12.50,Human,HumanControl(Clone)_-16410,12.755,30.221,96.407,1,HumanControl(Clone)_-16346,,
0,12.50,Human,HumanControl(Clone)_-16426,64.270,31.206,93.561,1,RobotControl(Clone)_-17182,,
0,12.50,Human,HumanControl(Clone)_-16442,58.576,26.529,83.997,1,HumanControl(Clone)_-16714,,
0,12.50,Human,HumanControl(Clone)_-16458,64.855,12.810,98.448,1,HumanControl(Clone)_-16810,,
0,12.50,Human,HumanControl(Clone)_-16474,65.770,13.436,99.192,1,HumanControl(Clone)_-16810,,
0,12.50,Human,HumanControl(Clone)_-16490,7.692,27.115,88.782,1,HumanControl(Clone)_-17114,,
0,12.50,Human,HumanControl(Clone)_-16506,38.453,32.987,97.806,1,HumanControl(Clone)_-16858,,
0,12.50,Human,HumanControl(Clone)_-16522,40.642,33.478,95.976,1,HumanControl(Clone)_-16858,,
0,12.50,Human,HumanControl(Clone)_-16538,40.794,2.588,97.789,1,HumanControl(Clone)_-16698,,
0,12.50,Human,HumanControl(Clone)_-16554,40.724,0.603,84.083,1,HumanControl(Clone)_-16698,,
0,12.50,Human,HumanControl(Clone)_-16570,14.947,8.754,99.168,1,,,
0,12.50,Human,HumanControl(Clone)_-16586,13.002,9.721,99.744,1,HumanControl(Clone)_-16570,,
0,12.50,Human,HumanControl(Clone)_-16602,38.600,3.919,97.577,1,HumanControl(Clone)_-16618,,
0,12.50,Human,HumanControl(Clone)_-16618,39.933,8.635,90.719,1,,,
0,12.50,Human,HumanControl(Clone)_-16634,38.139,8.914,96.698,1,HumanControl(Clone)_-16618,,
0,12.50,Human,HumanControl(Clone)_-16650,40.722,6.652,99.728,1,HumanControl(Clone)_-16666,,
0,12.50,Human,HumanControl(Clone)_-16666,39.502,9.900,99.467,1,HumanControl(Clone)_-16618,,
0,12.50,Human,HumanControl(Clone)_-16682,39.337,1.840,99.152,1,HumanControl(Clone)_-16666,,
0,12.50,Human,HumanControl(Clone)_-16698,34.349,9.894,98.267,1,HumanControl(Clone)_-16618,,
0,12.50,Human,HumanControl(Clone)_-16714,67.022,26.801,93.167,1,HumanControl(Clone)_-16426,,
0,12.50,Human,HumanControl(Clone)_-16730,39.134,33.742,97.021,1,HumanControl(Clone)_-16858,,
0,12.50,Human,HumanControl(Clone)_-16746,38.309,5.389,99.817,1,HumanControl(Clone)_-16618,,
0,12.50,Human,HumanControl(Clone)_-16762,43.191,6.600,98.332,1,HumanControl(Clone)_-16538,,
0,12.50,Human,HumanControl(Clone)_-16778,11.985,32.456,97.541,1,HumanControl(Clone)_-16346,,
0,12.50,Human,HumanControl(Clone)_-16794,44.290,6.701,98.949,1,HumanControl(Clone)_-16538,,
0,12.50,Human,HumanControl(Clone)_-16810,71.634,11.997,94.793,1,,,
0,12.50,Human,HumanControl(Clone)_-16826,38.790,6.955,93.779,1,HumanControl(Clone)_-16698,,
0,12.50,Human,HumanControl(Clone)_-16842,39.520,2.972,96.184,1,HumanControl(Clone)_-16554,,
0,12.50,Human,HumanControl(Clone)_-16858,47.484,33.854,98.277,1,,,
0,12.50,Human,HumanControl(Clone)_-16874,36.093,33.464,96.301,1,HumanControl(Clone)_-16730,,
0,12.50,Human,HumanControl(Clone)_-16890,-0.497,45.014,99.232,1,,,
0,12.50,Human,HumanControl(Clone)_-16906,7.361,43.764,97.187,1,HumanControl(Clone)_-16890,,
0,12.50,Human,HumanControl(Clone)_-16954,6.281,33.954,99.503,1,HumanControl(Clone)_-16778,,
0,12.50,Human,HumanControl(Clone)_-16970,40.780,9.370,89.706,1,HumanControl(Clone)_-16554,,
0,12.50,Human,HumanControl(Clone)_-16986,41.129,7.571,99.402,1,HumanControl(Clone)_-16650,,
0,12.50,Human,HumanControl(Clone)_-17002,67.794,28.252,94.576,1,HumanControl(Clone)_-16426,,
0,12.50,Human,HumanControl(Clone)_-17018,43.737,9.891,99.484,1,HumanControl(Clone)_-16650,,
0,12.50,Human,HumanControl(Clone)_-17098,36.253,7.456,99.744,1,HumanControl(Clone)_-16650,,
0,12.50,Human,HumanControl(Clone)_-17114,13.450,29.470,98.667,1,HumanControl(Clone)_-16346,,
0,12.50,Human,HumanControl(Clone)_-17130,34.776,8.509,97.197,1,HumanControl(Clone)_-16698,,
0,13.00,Robot,RobotControl(Clone)_-17146,-12.672,26.647,,,,,0
0,13.00,Robot,RobotControl(Clone)_-17164,39.328,62.818,,,,,0
0,13.00,Robot,RobotControl(Clone)_-17182,66.317,30.390,,,,,1
0,13.00,Human,HumanControl(Clone)_-16346,4.239,32.270,96.770,1,,,
0,13.00,Human,HumanControl(Clone)_-16378,0.425,44.723,98.149,1,HumanControl(Clone)_-16890,,
0,13.00,Human,HumanControl(Clone)_-16410,12.095,32.135,96.158,1,HumanControl(Clone)_-16346,,
0,13.00,Human,HumanControl(Clone)_-16426,65.848,31.276,93.561,1,RobotControl(Clone)_-17182,,
0,13.00,Human,HumanControl(Clone)_-16442,58.394,27.270,83.997,1,HumanControl(Clone)_-16714,,
0,13.00,Human,HumanControl(Clone)_-16458,64.851,12.799,98.448,1,HumanControl(Clone)_-16810,,
0,13.00,Human,HumanControl(Clone)_-16474,72.567,11.004,99.192,1,HumanControl(Clone)_-16810,,
0,13.00,Human,HumanControl(Clone)_-16490,7.762,27.380,88.782,1,HumanControl(Clone)_-17114,,
0,13.00,Human,HumanControl(Clone)_-16506,38.463,32.820,97.806,1,HumanControl(Clone)_-16858,,
0,13.00,Human,HumanControl(Clone)_-16522,39.054,34.219,95.976,1,HumanControl(Clone)_-16858,,
0,13.00,Human,HumanControl(Clone)_-16538,40.800,1.006,97.789,1,HumanControl(Clone)_-16698,,
0,13.00,Human,HumanControl(Clone)_-16554,37.740,0.662,84.083,1,HumanControl(Clone)_-16698,,
0,13.00,Human,HumanControl(Clone)_-16570,13.087,8.394,99.168,1,,,
0,13.00,Human,HumanControl(Clone)_-16586,12.061,8.656,99.744,1,HumanControl(Clone)_-16570,,
0,13.00,Human,HumanControl(Clone)_-16602,39.950,9.815,97.235,1,HumanControl(Clone)_-16618,,
0,13.00,Human,HumanControl(Clone)_-16618,39.942,7.639,90.719,1,,,
0,13.00,Human,HumanControl(Clone)_-16634,37.487,7.396,96.698,1,HumanControl(Clone)_-16618,,
0,13.00,Human,HumanControl(Clone)_-16650,39.549,6.605,99.728,1,HumanControl(Clone)_-16666,,
0,13.00,Human,HumanControl(Clone)_-16666,38.767,9.908,99.245,1,HumanControl(Clone)_-16618,,
0,13.00,Human,HumanControl(Clone)_-16682,40.781,2.575,99.152,1,HumanControl(Clone)_-16666,,
0,13.00,Human,HumanControl(Clone)_-16698,35.881,9.121,97.831,1,HumanControl(Clone)_-16618,,
0,13.00,Human,HumanControl(Clone)_-16714,67.773,26.300,92.170,1,HumanControl(Clone)_-16426,,
0,13.00,Human,HumanControl(Clone)_-16730,38.067,33.810,96.760,1,HumanControl(Clone)_-16858,,
0,13.00,Human,HumanControl(Clone)_-16746,37.342,5.341,99.817,1,HumanControl(Clone)_-16618,,
0,13.00,Human,HumanControl(Clone)_-16762,42.217,6.610,98.332,1,HumanControl(Clone)_-16538,,
0,13.00,Human,HumanControl(Clone)_-16778,12.005,30.447,97.144,1,HumanControl(Clone)_-16346,,
0,13.00,Human,HumanControl(Clone)_-16794,43.089,7.266,98.949,1,HumanControl(Clone)_-16538,,
0,13.00,Human,HumanControl(Clone)_-16810,70.399,10.488,94.355,1,,,
0,13.00,Human,HumanControl(Clone)_-16826,38.987,8.926,93.779,1,HumanControl(Clone)_-16698,,
0,13.00,Human,HumanControl(Clone)_-16842,38.502,3.544,96.184,1,HumanControl(Clone)_-16554,,
0,13.00,Human,HumanControl(Clone)_-16858,45.562,33.882,98.014,1,,,
0,13.00,Human,HumanControl(Clone)_-16874,35.267,33.595,96.127,1,HumanControl(Clone)_-16730,,
0,13.00,Human,HumanControl(Clone)_-16890,1.458,44.969,99.232,1,,,
0,13.00,Human,HumanControl(Clone)_-16906,-0.561,44.496,97.187,1,HumanControl(Clone)_-16890,,
0,13.00,Human,HumanControl(Clone)_-16954,13.158,32.741,99.336,1,HumanControl(Clone)_-16778,,
0,13.00,Human,HumanControl(Clone)_-16970,40.959,8.658,89.706,1,HumanControl(Clone)_-16554,,
0,13.00,Human,HumanControl(Clone)_-16986,41.388,7.754,99.402,1,HumanControl(Clone)_-16650,,
0,13.00,Human,HumanControl(Clone)_-17002,67.517,28.267,92.820,1,HumanControl(Clone)_-16426,,
0,13.00,Human,HumanControl(Clone)_-17018,43.058,9.711,99.255,1,HumanControl(Clone)_-16650,,
0,13.00,Human,HumanControl(Clone)_-17098,37.478,8.733,99.744,1,HumanControl(Clone)_-16650,,
0,13.00,Human,HumanControl(Clone)_-17114,12.742,31.222,98.667,1,HumanControl(Clone)_-16346,,
0,13.00,Human,HumanControl(Clone)_-17130,34.772,8.510,97.197,1,HumanControl(Clone)_-16698,,
0,13.50,Robot,RobotControl(Clone)_-17146,-8.669,26.672,,,,,0
0,13.50,Robot,RobotControl(Clone)_-17164,38.695,58.856,,,,,0
0,13.50,Robot,RobotControl(Clone)_-17182,65.301,29.447,,,,,1
0,13.50,Human,HumanControl(Clone)_-16346,6.456,31.943,96.343,1,,,
0,13.50,Human,HumanControl(Clone)_-16378,-1.875,45.401,97.843,1,HumanControl(Clone)_-16890,,
0,13.50,Human,HumanControl(Clone)_-16410,5.704,32.639,96.125,1,HumanControl(Clone)_-16346,,
0,13.50,Human,HumanControl(Clone)_-16426,65.848,31.304,93.561,1,RobotControl(Clone)_-17182,,
0,13.50,Human,HumanControl(Clone)_-16442,56.394,27.270,83.997,1,HumanControl(Clone)_-16714,,
0,13.50,Human,HumanControl(Clone)_-16458,72.564,10.999,98.448,1,HumanControl(Clone)_-16810,,
0,13.50,Human,HumanControl(Clone)_-16474,70.859,11.379,99.192,1,HumanControl(Clone)_-16810,,
0,13.50,Human,HumanControl(Clone)_-16490,13.267,31.797,88.782,1,HumanControl(Clone)_-17114,,
0,13.50,Human,HumanControl(Clone)_-16506,44.206,33.934,97.704,1,HumanControl(Clone)_-16858,,
0,13.50,Human,HumanControl(Clone)_-16522,44.020,36.558,95.976,1,HumanControl(Clone)_-16858,,
0,13.50,Human,HumanControl(Clone)_-16538,39.515,2.656,97.789,1,HumanControl(Clone)_-16698,,
0,13.50,Human,HumanControl(Clone)_-16554,37.007,3.529,84.083,1,HumanControl(Clone)_-16698,,
0,13.50,Human,HumanControl(Clone)_-16570,10.989,8.244,99.168,1,,,
0,13.50,Human,HumanControl(Clone)_-16586,12.125,8.537,99.744,1,HumanControl(Clone)_-16570,,
0,13.50,Human,HumanControl(Clone)_-16602,39.822,9.895,96.698,1,HumanControl(Clone)_-16618,,
0,13.50,Human,HumanControl(Clone)_-16618,40.617,7.774,90.719,1,,,
0,13.50,Human,HumanControl(Clone)_-16634,38.178,8.529,96.698,1,HumanControl(Clone)_-16618,,
0,13.50,Human,HumanControl(Clone)_-16650,39.140,8.990,99.728,1,HumanControl(Clone)_-16666,,
0,13.50,Human,HumanControl(Clone)_-16666,36.644,7.766,99.245,1,HumanControl(Clone)_-16618,,
0,13.50,Human,HumanControl(Clone)_-16682,40.039,3.521,99.152,1,HumanControl(Clone)_-16666,,
0,13.50,Human,HumanControl(Clone)_-16698,38.546,6.600,97.831,1,HumanControl(Clone)_-16618,,
0,13.50,Human,HumanControl(Clone)_-16714,66.862,28.760,92.037,1,HumanControl(Clone)_-16426,,
0,13.50,Human,HumanControl(Clone)_-16730,45.204,33.950,96.443,1,HumanControl(Clone)_-16858,,
0,13.50,Human,HumanControl(Clone)_-16746,38.683,9.894,99.817,1,HumanControl(Clone)_-16618,,
0,13.50,Human,HumanControl(Clone)_-16762,42.016,8.839,98.332,1,HumanControl(Clone)_-16538,,
0,13.50,Human,HumanControl(Clone)_-16778,9.606,30.829,96.847,1,HumanControl(Clone)_-16346,,
0,13.50,Human,HumanControl(Clone)_-16794,42.005,6.612,98.949,1,HumanControl(Clone)_-16538,,
0,13.50,Human,HumanControl(Clone)_-16810,70.398,10.478,93.912,1,,,
0,13.50,Human,HumanControl(Clone)_-16826,38.020,7.513,93.779,1,HumanControl(Clone)_-16698,,
0,13.50,Human,HumanControl(Clone)_-16842,40.099,1.709,96.184,1,HumanControl(Clone)_-16554,,
0,13.50,Human,HumanControl(Clone)_-16858,43.081,33.706,97.710,1,,,
0,13.50,Human,HumanControl(Clone)_-16874,36.114,33.462,96.127,1,HumanControl(Clone)_-16730,,
0,13.50,Human,HumanControl(Clone)_-16890,1.632,45.008,99.232,1,,,
0,13.50,Human,HumanControl(Clone)_-16906,-1.171,44.672,97.187,1,HumanControl(Clone)_-16890,,
0,13.50,Human,HumanControl(Clone)_-16954,12.294,31.473,99.054,1,HumanControl(Clone)_-16778,,
0,13.50,Human,HumanControl(Clone)_-16970,40.788,8.763,89.706,1,HumanControl(Clone)_-16554,,
0,13.50,Human,HumanControl(Clone)_-16986,40.567,6.602,99.402,1,HumanControl(Clone)_-16650,,
0,13.50,Human,HumanControl(Clone)_-17002,65.886,30.291,92.145,1,HumanControl(Clone)_-16426,,
0,13.50,Human,HumanControl(Clone)_-17018,41.632,7.902,99.255,1,HumanControl(Clone)_-16650,,
0,13.50,Human,HumanControl(Clone)_-17098,39.204,7.952,99.744,1,HumanControl(Clone)_-16650,,
0,13.50,Human,HumanControl(Clone)_-17114,4.856,31.969,98.667,1,HumanControl(Clone)_-16346,,
0,13.50,Human,HumanControl(Clone)_-17130,36.555,8.770,97.197,1,HumanControl(Clone)_-16698,,
0,14.00,Robot,RobotControl(Clone)_-17146,-6.668,26.684,,,,,0
0,14.00,Robot,RobotControl(Clone)_-17164,38.376,56.876,,,,,0
0,14.00,Robot,RobotControl(Clone)_-17182,59.606,28.209,,,,,1
0,14.00,Human,HumanControl(Clone)_-16346,7.019,32.222,96.175,1,,,
0,14.00,Human,HumanControl(Clone)_-16378,-1.796,45.288,97.843,1,HumanControl(Clone)_-16890,,
0,14.00,Human,HumanControl(Clone)_-16410,5.751,32.897,96.125,1,HumanControl(Clone)_-16346,,
0,14.00,Human,HumanControl(Clone)_-16426,66.295,29.500,92.337,1,RobotControl(Clone)_-17182,,
0,14.00,Human,HumanControl(Clone)_-16442,56.617,27.291,83.997,1,HumanControl(Clone)_-16714,,
0,14.00,Human,HumanControl(Clone)_-16458,70.475,11.433,98.448,1,HumanControl(Clone)_-16810,,
0,14.00,Human,HumanControl(Clone)_-16474,71.514,11.279,99.192,1,HumanControl(Clone)_-16810,,
0,14.00,Human,HumanControl(Clone)_-16490,15.314,31.846,88.782,1,HumanControl(Clone)_-17114,,
0,14.00,Human,HumanControl(Clone)_-16506,44.466,33.977,97.272,1,HumanControl(Clone)_-16858,,
0,14.00,Human,HumanControl(Clone)_-16522,45.363,37.988,95.976,1,HumanControl(Clone)_-16858,,
0,14.00,Human,HumanControl(Clone)_-16538,42.074,9.894,97.516,1,HumanControl(Clone)_-16698,,
0,14.00,Human,HumanControl(Clone)_-16554,37.457,9.900,83.501,1,HumanControl(Clone)_-16698,,
0,14.00,Human,HumanControl(Clone)_-16570,10.765,1.859,99.168,1,,,
0,14.00,Human,HumanControl(Clone)_-16586,12.151,8.548,99.744,1,HumanControl(Clone)_-16570,,
0,14.00,Human,HumanControl(Clone)_-16602,40.651,7.596,96.460,1,HumanControl(Clone)_-16618,,
0,14.00,Human,HumanControl(Clone)_-16618,39.504,7.581,90.719,1,,,
0,14.00,Human,HumanControl(Clone)_-16634,39.721,8.902,96.698,1,HumanControl(Clone)_-16618,,
0,14.00,Human,HumanControl(Clone)_-16650,36.903,9.051,99.728,1,HumanControl(Clone)_-16666,,
0,14.00,Human,HumanControl(Clone)_-16666,37.578,6.609,99.245,1,HumanControl(Clone)_-16618,,
0,14.00,Human,HumanControl(Clone)_-16682,39.355,4.782,99.152,1,HumanControl(Clone)_-16666,,
0,14.00,Human,HumanControl(Clone)_-16698,40.551,6.601,97.831,1,HumanControl(Clone)_-16618,,
0,14.00,Human,HumanControl(Clone)_-16714,66.429,31.040,92.037,1,HumanControl(Clone)_-16426,,
0,14.00,Human,HumanControl(Clone)_-16730,45.609,34.002,96.298,1,HumanControl(Clone)_-16858,,
0,14.00,Human,HumanControl(Clone)_-16746,38.850,9.899,99.817,1,HumanControl(Clone)_-16618,,
0,14.00,Human,HumanControl(Clone)_-16762,40.402,9.900,97.893,1,HumanControl(Clone)_-16538,,
0,14.00,Human,HumanControl(Clone)_-16778,5.578,30.314,96.594,1,HumanControl(Clone)_-16346,,
0,14.00,Human,HumanControl(Clone)_-16794,42.507,6.600,98.949,1,HumanControl(Clone)_-16538,,
0,14.00,Human,HumanControl(Clone)_-16810,64.235,10.425,93.465,1,,,
0,14.00,Human,HumanControl(Clone)_-16826,37.500,8.150,93.779,1,HumanControl(Clone)_-16698,,
0,14.00,Human,HumanControl(Clone)_-16842,39.873,0.627,96.184,1,HumanControl(Clone)_-16554,,
0,14.00,Human,HumanControl(Clone)_-16858,36.619,33.420,97.710,1,,,
0,14.00,Human,HumanControl(Clone)_-16874,37.778,33.760,95.858,1,HumanControl(Clone)_-16730,,
0,14.00,Human,HumanControl(Clone)_-16890,7.773,45.032,99.232,1,,,
0,14.00,Human,HumanControl(Clone)_-16906,-2.494,46.074,96.895,1,HumanControl(Clone)_-16890,,
0,14.00,Human,HumanControl(Clone)_-16954,13.462,33.026,99.054,1,HumanControl(Clone)_-16778,,
0,14.00,Human,HumanControl(Clone)_-16970,41.387,8.294,89.706,1,HumanControl(Clone)_-16554,,
0,14.00,Human,HumanControl(Clone)_-16986,39.093,6.600,99.402,1,HumanControl(Clone)_-16650,,
0,14.00,Human,HumanControl(Clone)_-17002,65.519,30.215,90.163,1,HumanControl(Clone)_-16426,,
0,14.00,Human,HumanControl(Clone)_-17018,41.536,6.944,99.255,1,HumanControl(Clone)_-16650,,
0,14.00,Human,HumanControl(Clone)_-17098,38.681,8.240,99.744,1,HumanControl(Clone)_-16650,,
0,14.00,Human,HumanControl(Clone)_-17114,5.442,31.885,98.667,1,HumanControl(Clone)_-16346,,
0,14.00,Human,HumanControl(Clone)_-17130,35.978,9.675,97.063,1,HumanControl(Clone)_-16698,,
0,14.50,Robot,RobotControl(Clone)_-17146,-2.668,26.709,,,,,0
0,14.50,Robot,RobotControl(Clone)_-17164,37.732,52.925,,,,,0
0,14.50,Robot,RobotControl(Clone)_-17182,57.439,29.232,,,,,1
0,14.50,Human,HumanControl(Clone)_-16346,7.144,32.238,96.175,1,,,
0,14.50,Human,HumanControl(Clone)_-16378,7.633,45.692,97.711,1,HumanControl(Clone)_-16890,,
0,14.50,Human,HumanControl(Clone)_-16410,6.135,32.625,96.024,1,HumanControl(Clone)_-16346,,
0,14.50,Human,HumanControl(Clone)_-16426,58.839,28.226,92.337,1,RobotControl(Clone)_-17182,,
0,14.50,Human,HumanControl(Clone)_-16442,60.594,27.681,83.997,1,HumanControl(Clone)_-16714,,
0,14.50,Human,HumanControl(Clone)_-16458,63.606,11.290,98.448,1,HumanControl(Clone)_-16810,,
0,14.50,Human,HumanControl(Clone)_-16474,64.542,12.099,99.192,1,HumanControl(Clone)_-16810,,
0,14.50,Human,HumanControl(Clone)_-16490,13.227,32.144,88.782,1,HumanControl(Clone)_-17114,,
0,14.50,Human,HumanControl(Clone)_-16506,37.201,33.672,97.237,1,HumanControl(Clone)_-16858,,
0,14.50,Human,HumanControl(Clone)_-16522,44.444,35.983,95.851,1,HumanControl(Clone)_-16858,,
0,14.50,Human,HumanControl(Clone)_-16538,43.559,9.853,97.171,1,HumanControl(Clone)_-16698,,
0,14.50,Human,HumanControl(Clone)_-16554,37.719,9.725,83.189,1,HumanControl(Clone)_-16698,,
0,14.50,Human,HumanControl(Clone)_-16570,10.868,0.806,99.168,1,,,
0,14.50,Human,HumanControl(Clone)_-16586,11.203,1.836,99.744,1,HumanControl(Clone)_-16570,,
0,14.50,Human,HumanControl(Clone)_-16602,41.658,7.548,96.460,1,HumanControl(Clone)_-16618,,
0,14.50,Human,HumanControl(Clone)_-16618,37.649,0.605,90.719,1,,,
0,14.50,Human,HumanControl(Clone)_-16634,40.161,8.148,96.698,1,HumanControl(Clone)_-16618,,
0,14.50,Human,HumanControl(Clone)_-16650,35.972,7.860,99.728,1,HumanControl(Clone)_-16666,,
0,14.50,Human,HumanControl(Clone)_-16666,39.305,6.600,99.245,1,HumanControl(Clone)_-16618,,
0,14.50,Human,HumanControl(Clone)_-16682,35.940,8.866,99.152,1,HumanControl(Clone)_-16666,,
0,14.50,Human,HumanControl(Clone)_-16698,40.752,7.041,97.831,1,HumanControl(Clone)_-16618,,
0,14.50,Human,HumanControl(Clone)_-16714,64.139,32.005,91.904,1,HumanControl(Clone)_-16426,,
0,14.50,Human,HumanControl(Clone)_-16730,45.829,33.617,95.840,1,HumanControl(Clone)_-16858,,
0,14.50,Human,HumanControl(Clone)_-16746,40.941,8.710,99.379,1,HumanControl(Clone)_-16618,,
0,14.50,Human,HumanControl(Clone)_-16762,39.046,7.950,97.840,1,HumanControl(Clone)_-16538,,
0,14.50,Human,HumanControl(Clone)_-16778,4.211,29.755,96.438,1,HumanControl(Clone)_-16346,,
0,14.50,Human,HumanControl(Clone)_-16794,39.733,0.606,98.949,1,HumanControl(Clone)_-16538,,
0,14.50,Human,HumanControl(Clone)_-16810,64.125,10.131,93.042,1,,,
0,14.50,Human,HumanControl(Clone)_-16826,37.979,8.080,93.779,1,HumanControl(Clone)_-16698,,
0,14.50,Human,HumanControl(Clone)_-16842,38.612,2.008,96.184,1,HumanControl(Clone)_-16554,,
0,14.50,Human,HumanControl(Clone)_-16858,34.466,33.411,97.710,1,,,
0,14.50,Human,HumanControl(Clone)_-16874,46.623,34.243,95.768,1,HumanControl(Clone)_-16730,,
0,14.50,Human,HumanControl(Clone)_-16890,8.235,44.873,99.232,1,,,
0,14.50,Human,HumanControl(Clone)_-16906,0.274,46.069,96.719,1,HumanControl(Clone)_-16890,,
0,14.50,Human,HumanControl(Clone)_-16954,11.584,31.699,98.938,1,HumanControl(Clone)_-16778,,
0,14.50,Human,HumanControl(Clone)_-16970,42.311,9.900,89.496,1,HumanControl(Clone)_-16554,,
0,14.50,Human,HumanControl(Clone)_-16986,36.949,7.600,99.402,1,HumanControl(Clone)_-16650,,
0,14.50,Human,HumanControl(Clone)_-17002,65.244,29.258,89.997,1,HumanControl(Clone)_-16426,,
0,14.50,Human,HumanControl(Clone)_-17018,38.191,6.838,99.255,1,HumanControl(Clone)_-16650,,
0,14.50,Human,HumanControl(Clone)_-17098,38.889,9.242,99.744,1,HumanControl(Clone)_-16650,,
0,14.50,Human,HumanControl(Clone)_-17114,6.050,31.601,98.548,1,HumanControl(Clone)_-16346,,
0,14.50,Human,HumanControl(Clone)_-17130,34.866,6.831,96.974,1,HumanControl(Clone)_-16698,,
0,15.00,Robot,RobotControl(Clone)_-17146,-0.668,26.721,,,,,0
0,15.00,Robot,RobotControl(Clone)_-17164,37.410,50.950,,,,,0
0,15.00,Robot,RobotControl(Clone)_-17182,57.433,29.214,,,,,1
0,15.00,Human,HumanControl(Clone)_-16346,6.303,32.048,95.919,1,,,
0,15.00,Human,HumanControl(Clone)_-16378,6.904,45.106,97.523,1,HumanControl(Clone)_-16890,,
0,15.00,Human,HumanControl(Clone)_-16410,7.305,34.320,96.024,1,HumanControl(Clone)_-16346,,
0,15.00,Human,HumanControl(Clone)_-16426,60.602,28.055,92.337,1,RobotControl(Clone)_-17182,,
0,15.00,Human,HumanControl(Clone)_-16442,67.164,27.981,83.997,1,HumanControl(Clone)_-16714,,
0,15.00,Human,HumanControl(Clone)_-16458,63.649,9.888,98.200,1,HumanControl(Clone)_-16810,,
0,15.00,Human,HumanControl(Clone)_-16474,63.632,12.802,99.192,1,HumanControl(Clone)_-16810,,
0,15.00,Human,HumanControl(Clone)_-16490,5.087,33.329,88.782,1,HumanControl(Clone)_-17114,,
0,15.00,Human,HumanControl(Clone)_-16506,36.942,34.098,97.237,1,HumanControl(Clone)_-16858,,
0,15.00,Human,HumanControl(Clone)_-16522,37.580,33.258,95.673,1,HumanControl(Clone)_-16858,,
0,15.00,Human,HumanControl(Clone)_-16538,42.906,9.134,96.874,1,HumanControl(Clone)_-16698,,
0,15.00,Human,HumanControl(Clone)_-16554,39.366,8.502,82.743,1,HumanControl(Clone)_-16698,,
0,15.00,Human,HumanControl(Clone)_-16570,11.517,2.729,99.168,1,,,
0,15.00,Human,HumanControl(Clone)_-16586,10.567,0.633,99.744,1,HumanControl(Clone)_-16570,,
0,15.00,Human,HumanControl(Clone)_-16602,42.363,8.289,96.460,1,HumanControl(Clone)_-16618,,
0,15.00,Human,HumanControl(Clone)_-16618,37.437,0.923,90.719,1,,,
0,15.00,Human,HumanControl(Clone)_-16634,39.590,7.330,96.698,1,HumanControl(Clone)_-16618,,
0,15.00,Human,HumanControl(Clone)_-16650,36.334,8.466,99.728,1,HumanControl(Clone)_-16666,,
0,15.00,Human,HumanControl(Clone)_-16666,37.654,6.600,99.245,1,HumanControl(Clone)_-16618,,
0,15.00,Human,HumanControl(Clone)_-16682,34.215,9.883,98.499,1,HumanControl(Clone)_-16666,,
0,15.00,Human,HumanControl(Clone)_-16698,40.961,6.971,97.831,1,HumanControl(Clone)_-16618,,
0,15.00,Human,HumanControl(Clone)_-16714,65.045,30.418,91.713,1,HumanControl(Clone)_-16426,,
0,15.00,Human,HumanControl(Clone)_-16730,45.644,33.981,95.370,1,HumanControl(Clone)_-16858,,
0,15.00,Human,HumanControl(Clone)_-16746,42.799,7.059,99.379,1,HumanControl(Clone)_-16618,,
0,15.00,Human,HumanControl(Clone)_-16762,37.735,9.353,97.840,1,HumanControl(Clone)_-16538,,
0,15.00,Human,HumanControl(Clone)_-16778,5.347,31.266,96.264,1,HumanControl(Clone)_-16346,,
0,15.00,Human,HumanControl(Clone)_-16794,39.853,0.836,98.949,1,HumanControl(Clone)_-16538,,
0,15.00,Human,HumanControl(Clone)_-16810,66.577,9.970,92.658,1,,,
0,15.00,Human,HumanControl(Clone)_-16826,38.655,7.738,93.779,1,HumanControl(Clone)_-16698,,
0,15.00,Human,HumanControl(Clone)_-16842,38.509,4.088,96.184,1,HumanControl(Clone)_-16554,,
0,15.00,Human,HumanControl(Clone)_-16858,36.134,33.349,97.710,1,,,
0,15.00,Human,HumanControl(Clone)_-16874,46.633,34.281,95.768,1,HumanControl(Clone)_-16730,,
0,15.00,Human,HumanControl(Clone)_-16890,6.038,44.513,99.232,1,,,
0,15.00,Human,HumanControl(Clone)_-16906,7.780,45.940,96.242,1,HumanControl(Clone)_-16890,,
0,15.00,Human,HumanControl(Clone)_-16954,10.209,30.229,98.524,1,HumanControl(Clone)_-16778,,
0,15.00,Human,HumanControl(Clone)_-16970,41.034,9.883,89.316,1,HumanControl(Clone)_-16554,,
0,15.00,Human,HumanControl(Clone)_-16986,35.410,8.977,99.402,1,HumanControl(Clone)_-16650,,
0,15.00,Human,HumanControl(Clone)_-17002,66.542,30.350,89.997,1,HumanControl(Clone)_-16426,,
0,15.00,Human,HumanControl(Clone)_-17018,37.296,7.549,99.255,1,HumanControl(Clone)_-16650,,
0,15.00,Human,HumanControl(Clone)_-17098,39.739,9.900,99.450,1,HumanControl(Clone)_-16650,,
0,15.00,Human,HumanControl(Clone)_-17114,7.196,32.945,98.378,1,HumanControl(Clone)_-16346,,
0,15.00,Human,HumanControl(Clone)_-17130,34.755,6.673,96.974,1,HumanControl(Clone)_-16698,,
0,15.50,Robot,RobotControl(Clone)_-17146,8.391,26.650,,,,,0
0,15.50,Robot,RobotControl(Clone)_-17164,36.500,40.835,,,,,1
0,15.50,Robot,RobotControl(Clone)_-17182,56.874,30.777,,,,,1
0,15.50,Human,HumanControl(Clone)_-16346,15.161,31.506,95.885,1,,,
0,15.50,Human,HumanControl(Clone)_-16378,6.514,45.024,97.523,1,HumanControl(Clone)_-16890,,
0,15.50,Human,HumanControl(Clone)_-16410,13.105,33.088,95.770,1,HumanControl(Clone)_-16346,,
0,15.50,Human,HumanControl(Clone)_-16426,58.609,28.142,92.337,1,RobotControl(Clone)_-17182,,
0,15.50,Human,HumanControl(Clone)_-16442,67.702,28.791,82.606,1,HumanControl(Clone)_-16714,,
0,15.50,Human,HumanControl(Clone)_-16458,64.960,7.669,98.162,1,HumanControl(Clone)_-16810,,
0,15.50,Human,HumanControl(Clone)_-16474,64.871,10.353,99.192,1,HumanControl(Clone)_-16810,,
0,15.50,Human,HumanControl(Clone)_-16490,6.795,32.082,88.782,1,HumanControl(Clone)_-17114,,
0,15.50,Human,HumanControl(Clone)_-16506,36.773,32.906,97.237,1,HumanControl(Clone)_-16858,,
0,15.50,Human,HumanControl(Clone)_-16522,37.771,32.862,95.673,1,HumanControl(Clone)_-16858,,
0,15.50,Human,HumanControl(Clone)_-16538,40.778,8.488,96.600,1,HumanControl(Clone)_-16698,,
0,15.50,Human,HumanControl(Clone)_-16554,41.679,6.826,82.743,1,HumanControl(Clone)_-16698,,
0,15.50,Human,HumanControl(Clone)_-16570,11.695,4.015,99.168,1,,,
0,15.50,Human,HumanControl(Clone)_-16586,11.660,2.376,99.744,1,HumanControl(Clone)_-16570,,
0,15.50,Human,HumanControl(Clone)_-16602,39.464,1.881,96.460,1,HumanControl(Clone)_-16618,,
0,15.50,Human,HumanControl(Clone)_-16618,38.564,3.965,90.719,1,,,
0,15.50,Human,HumanControl(Clone)_-16634,36.600,3.561,96.698,1,HumanControl(Clone)_-16618,,
0,15.50,Human,HumanControl(Clone)_-16650,37.329,7.392,99.728,1,HumanControl(Clone)_-16666,,
0,15.50,Human,HumanControl(Clone)_-16666,37.861,2.079,99.245,1,HumanControl(Clone)_-16618,,
0,15.50,Human,HumanControl(Clone)_-16682,33.806,8.134,97.716,1,HumanControl(Clone)_-16666,,
0,15.50,Human,HumanControl(Clone)_-16698,39.885,6.606,97.831,1,HumanControl(Clone)_-16618,,
0,15.50,Human,HumanControl(Clone)_-16714,66.894,30.801,91.713,1,HumanControl(Clone)_-16426,,
0,15.50,Human,HumanControl(Clone)_-16730,44.363,33.789,94.889,1,HumanControl(Clone)_-16858,,
0,15.50,Human,HumanControl(Clone)_-16746,42.961,7.420,99.379,1,HumanControl(Clone)_-16618,,
0,15.50,Human,HumanControl(Clone)_-16762,40.623,14.645,97.840,1,HumanControl(Clone)_-16538,,
0,15.50,Human,HumanControl(Clone)_-16778,5.275,33.119,96.264,1,HumanControl(Clone)_-16346,,
0,15.50,Human,HumanControl(Clone)_-16794,39.110,4.852,98.949,1,HumanControl(Clone)_-16538,,
0,15.50,Human,HumanControl(Clone)_-16810,72.615,10.116,92.514,1,,,
0,15.50,Human,HumanControl(Clone)_-16826,39.037,7.661,93.779,1,HumanControl(Clone)_-16698,,
0,15.50,Human,HumanControl(Clone)_-16842,38.472,0.603,96.184,1,HumanControl(Clone)_-16554,,
0,15.50,Human,HumanControl(Clone)_-16858,39.027,34.131,97.413,1,RobotControl(Clone)_-17164,,
0,15.50,Human,HumanControl(Clone)_-16874,46.638,34.299,95.768,1,HumanControl(Clone)_-16730,,
0,15.50,Human,HumanControl(Clone)_-16890,5.509,44.926,99.232,1,,,
0,15.50,Human,HumanControl(Clone)_-16906,8.392,45.284,96.091,1,HumanControl(Clone)_-16890,,
0,15.50,Human,HumanControl(Clone)_-16954,9.610,31.363,98.259,1,HumanControl(Clone)_-16778,,
0,15.50,Human,HumanControl(Clone)_-16970,37.570,9.899,89.049,1,HumanControl(Clone)_-16554,,
0,15.50,Human,HumanControl(Clone)_-16986,34.517,8.882,99.402,1,HumanControl(Clone)_-16650,,
0,15.50,Human,HumanControl(Clone)_-17002,66.217,29.965,87.786,1,HumanControl(Clone)_-16426,,
0,15.50,Human,HumanControl(Clone)_-17018,36.284,8.537,99.255,1,HumanControl(Clone)_-16650,,
0,15.50,Human,HumanControl(Clone)_-17098,37.313,8.403,98.672,1,HumanControl(Clone)_-16650,,
0,15.50,Human,HumanControl(Clone)_-17114,6.452,33.089,98.378,1,HumanControl(Clone)_-16346,,
0,15.50,Human,HumanControl(Clone)_-17130,38.271,6.948,96.974,1,HumanControl(Clone)_-16698,,
0,16.00,Robot,RobotControl(Clone)_-17146,8.351,28.307,,,,,0
0,16.00,Robot,RobotControl(Clone)_-17164,36.500,38.835,,,,,1
0,16.00,Robot,RobotControl(Clone)_-17182,56.317,32.344,,,,,1
0,16.00,Human,HumanControl(Clone)_-16346,14.975,31.715,95.885,1,,,
0,16.00,Human,HumanControl(Clone)_-16378,6.309,45.192,97.523,1,HumanControl(Clone)_-16890,,
0,16.00,Human,HumanControl(Clone)_-16410,15.060,33.390,95.770,1,HumanControl(Clone)_-16346,,
0,16.00,Human,HumanControl(Clone)_-16426,56.616,28.269,92.337,1,RobotControl(Clone)_-17182,,
0,16.00,Human,HumanControl(Clone)_-16442,66.696,30.033,82.606,1,HumanControl(Clone)_-16714,,
0,16.00,Human,HumanControl(Clone)_-16458,66.660,8.601,98.162,1,HumanControl(Clone)_-16810,,
0,16.00,Human,HumanControl(Clone)_-16474,72.593,9.995,99.192,1,HumanControl(Clone)_-16810,,
0,16.00,Human,HumanControl(Clone)_-16490,7.162,33.832,88.782,1,HumanControl(Clone)_-17114,,
0,16.00,Human,HumanControl(Clone)_-16506,36.137,32.860,97.237,1,HumanControl(Clone)_-16858,,
0,16.00,Human,HumanControl(Clone)_-16522,38.593,32.788,95.673,1,HumanControl(Clone)_-16858,,
0,16.00,Human,HumanControl(Clone)_-16538,41.194,8.869,96.600,1,HumanControl(Clone)_-16698,,
0,16.00,Human,HumanControl(Clone)_-16554,41.758,6.910,82.743,1,HumanControl(Clone)_-16698,,
0,16.00,Human,HumanControl(Clone)_-16570,11.685,9.867,98.899,1,,,
0,16.00,Human,HumanControl(Clone)_-16586,11.486,3.054,99.744,1,HumanControl(Clone)_-16570,,
0,16.00,Human,HumanControl(Clone)_-16602,39.577,3.658,96.460,1,HumanControl(Clone)_-16618,,
0,16.00,Human,HumanControl(Clone)_-16618,38.289,4.077,90.719,1,,,
0,16.00,Human,HumanControl(Clone)_-16634,36.617,2.196,96.698,1,HumanControl(Clone)_-16618,,
0,16.00,Human,HumanControl(Clone)_-16650,38.829,1.596,99.728,1,HumanControl(Clone)_-16666,,
0,16.00,Human,HumanControl(Clone)_-16666,37.983,2.241,99.245,1,HumanControl(Clone)_-16618,,
0,16.00,Human,HumanControl(Clone)_-16682,34.552,7.612,97.716,1,HumanControl(Clone)_-16666,,
0,16.00,Human,HumanControl(Clone)_-16698,37.979,6.600,97.831,1,HumanControl(Clone)_-16618,,
0,16.00,Human,HumanControl(Clone)_-16714,65.390,30.207,91.713,1,HumanControl(Clone)_-16426,,
0,16.00,Human,HumanControl(Clone)_-16730,37.061,33.358,94.701,1,HumanControl(Clone)_-16858,,
0,16.00,Human,HumanControl(Clone)_-16746,42.828,8.129,99.379,1,HumanControl(Clone)_-16618,,
0,16.00,Human,HumanControl(Clone)_-16762,40.537,14.704,97.840,1,HumanControl(Clone)_-16538,,
0,16.00,Human,HumanControl(Clone)_-16778,6.003,32.737,96.264,1,HumanControl(Clone)_-16346,,
0,16.00,Human,HumanControl(Clone)_-16794,42.344,9.277,98.949,1,HumanControl(Clone)_-16538,,
0,16.00,Human,HumanControl(Clone)_-16810,74.743,9.911,92.514,1,,,
0,16.00,Human,HumanControl(Clone)_-16826,39.031,9.856,93.779,1,HumanControl(Clone)_-16698,,
0,16.00,Human,HumanControl(Clone)_-16842,39.118,0.600,96.184,1,HumanControl(Clone)_-16554,,
0,16.00,Human,HumanControl(Clone)_-16858,38.979,34.129,97.413,1,RobotControl(Clone)_-17164,,
0,16.00,Human,HumanControl(Clone)_-16874,45.350,33.972,95.768,1,HumanControl(Clone)_-16730,,
0,16.00,Human,HumanControl(Clone)_-16890,-0.584,44.719,99.232,1,,,
0,16.00,Human,HumanControl(Clone)_-16906,7.063,44.457,96.091,1,HumanControl(Clone)_-16890,,
0,16.00,Human,HumanControl(Clone)_-16954,4.698,33.047,98.259,1,HumanControl(Clone)_-16778,,
0,16.00,Human,HumanControl(Clone)_-16970,37.846,9.286,88.604,1,HumanControl(Clone)_-16554,,
0,16.00,Human,HumanControl(Clone)_-16986,35.776,9.115,99.402,1,HumanControl(Clone)_-16650,,
0,16.00,Human,HumanControl(Clone)_-17002,58.827,28.245,86.824,1,HumanControl(Clone)_-16426,,
0,16.00,Human,HumanControl(Clone)_-17018,36.768,8.440,99.255,1,HumanControl(Clone)_-16650,,
0,16.00,Human,HumanControl(Clone)_-17098,37.363,7.387,98.672,1,HumanControl(Clone)_-16650,,
0,16.00,Human,HumanControl(Clone)_-17114,5.188,32.122,98.378,1,HumanControl(Clone)_-16346,,
0,16.00,Human,HumanControl(Clone)_-17130,39.968,6.600,96.974,1,HumanControl(Clone)_-16698,,
0,16.50,Robot,RobotControl(Clone)_-17146,13.877,31.385,,,,,1
0,16.50,Robot,RobotControl(Clone)_-17164,38.248,35.246,,,,,1
0,16.50,Robot,RobotControl(Clone)_-17182,55.205,35.485,,,,,1
0,16.50,Human,HumanControl(Clone)_-16346,11.986,31.836,95.500,1,RobotControl(Clone)_-17146,,
0,16.50,Human,HumanControl(Clone)_-16378,-0.563,45.348,97.523,1,HumanControl(Clone)_-16890,,
0,16.50,Human,HumanControl(Clone)_-16410,14.865,31.229,95.502,1,HumanControl(Clone)_-16346,,
0,16.50,Human,HumanControl(Clone)_-16426,55.257,31.757,92.337,1,RobotControl(Clone)_-17182,,
0,16.50,Human,HumanControl(Clone)_-16442,66.361,30.045,80.530,1,HumanControl(Clone)_-16714,,
0,16.50,Human,HumanControl(Clone)_-16458,66.686,8.641,98.162,1,HumanControl(Clone)_-16810,,
0,16.50,Human,HumanControl(Clone)_-16474,74.556,9.455,99.192,1,HumanControl(Clone)_-16810,,
0,16.50,Human,HumanControl(Clone)_-16490,5.568,32.780,88.782,1,HumanControl(Clone)_-17114,,
0,16.50,Human,HumanControl(Clone)_-16506,38.247,34.215,97.105,1,HumanControl(Clone)_-16858,,
0,16.50,Human,HumanControl(Clone)_-16522,37.834,33.011,95.673,1,HumanControl(Clone)_-16858,,
0,16.50,Human,HumanControl(Clone)_-16538,39.741,6.605,96.600,1,HumanControl(Clone)_-16698,,
0,16.50,Human,HumanControl(Clone)_-16554,40.719,7.260,82.743,1,HumanControl(Clone)_-16698,,
0,16.50,Human,HumanControl(Clone)_-16570,11.700,7.959,98.863,1,,,
0,16.50,Human,HumanControl(Clone)_-16586,11.849,9.889,99.616,1,HumanControl(Clone)_-16570,,
0,16.50,Human,HumanControl(Clone)_-16602,38.616,4.014,96.460,1,HumanControl(Clone)_-16618,,
0,16.50,Human,HumanControl(Clone)_-16618,38.386,9.077,90.719,1,,,
0,16.50,Human,HumanControl(Clone)_-16634,37.796,3.313,96.698,1,HumanControl(Clone)_-16618,,
0,16.50,Human,HumanControl(Clone)_-16650,37.182,1.382,99.728,1,HumanControl(Clone)_-16666,,
0,16.50,Human,HumanControl(Clone)_-16666,38.967,3.050,99.245,1,HumanControl(Clone)_-16618,,
0,16.50,Human,HumanControl(Clone)_-16682,38.113,1.794,97.716,1,HumanControl(Clone)_-16666,,
0,16.50,Human,HumanControl(Clone)_-16698,37.610,6.610,97.831,1,HumanControl(Clone)_-16618,,
0,16.50,Human,HumanControl(Clone)_-16714,60.604,30.751,91.713,1,HumanControl(Clone)_-16426,,
0,16.50,Human,HumanControl(Clone)_-16730,38.904,33.116,94.701,1,HumanControl(Clone)_-16858,,
0,16.50,Human,HumanControl(Clone)_-16746,39.487,8.798,99.379,1,HumanControl(Clone)_-16618,,
0,16.50,Human,HumanControl(Clone)_-16762,39.093,13.461,97.840,1,HumanControl(Clone)_-16538,,
0,16.50,Human,HumanControl(Clone)_-16778,14.836,33.111,96.264,1,HumanControl(Clone)_-16346,,
0,16.50,Human,HumanControl(Clone)_-16794,42.739,9.208,98.949,1,HumanControl(Clone)_-16538,,
0,16.50,Human,HumanControl(Clone)_-16810,72.937,11.198,92.223,1,,,
0,16.50,Human,HumanControl(Clone)_-16826,40.559,8.454,93.166,1,HumanControl(Clone)_-16698,,
0,16.50,Human,HumanControl(Clone)_-16842,40.146,3.274,96.184,1,HumanControl(Clone)_-16554,,
0,16.50,Human,HumanControl(Clone)_-16858,39.127,36.404,97.357,1,RobotControl(Clone)_-17164,,
0,16.50,Human,HumanControl(Clone)_-16874,44.149,33.770,95.630,1,HumanControl(Clone)_-16730,,
0,16.50,Human,HumanControl(Clone)_-16890,-2.389,44.714,99.232,1,,,
0,16.50,Human,HumanControl(Clone)_-16906,0.416,44.747,96.091,1,HumanControl(Clone)_-16890,,
0,16.50,Human,HumanControl(Clone)_-16954,5.339,33.769,98.259,1,HumanControl(Clone)_-16778,,
0,16.50,Human,HumanControl(Clone)_-16970,42.191,7.217,88.604,1,HumanControl(Clone)_-16554,,
0,16.50,Human,HumanControl(Clone)_-16986,38.764,8.058,99.402,1,HumanControl(Clone)_-16650,,
0,16.50,Human,HumanControl(Clone)_-17002,57.335,27.577,86.824,1,HumanControl(Clone)_-16426,,
0,16.50,Human,HumanControl(Clone)_-17018,39.486,1.755,99.255,1,HumanControl(Clone)_-16650,,
0,16.50,Human,HumanControl(Clone)_-17098,36.770,9.189,98.672,1,HumanControl(Clone)_-16650,,
0,16.50,Human,HumanControl(Clone)_-17114,12.986,31.855,98.378,1,HumanControl(Clone)_-16346,,
0,16.50,Human,HumanControl(Clone)_-17130,38.711,6.602,96.974,1,HumanControl(Clone)_-16698,,
0,17.00,Robot,RobotControl(Clone)_-17146,13.870,31.281,,,,,1
0,17.00,Robot,RobotControl(Clone)_-17164,38.951,32.626,,,,,1
0,17.00,Robot,RobotControl(Clone)_-17182,54.649,37.055,,,,,1
0,17.00,Human,HumanControl(Clone)_-16346,11.214,32.504,95.333,1,RobotControl(Clone)_-17146,,
0,17.00,Human,HumanControl(Clone)_-16378,-2.581,45.509,97.523,1,HumanControl(Clone)_-16890,,
0,17.00,Human,HumanControl(Clone)_-16410,14.872,31.204,95.502,1,HumanControl(Clone)_-16346,,
0,17.00,Human,HumanControl(Clone)_-16426,56.025,32.948,92.337,1,RobotControl(Clone)_-17182,,
0,17.00,Human,HumanControl(Clone)_-16442,65.377,31.127,79.660,1,HumanControl(Clone)_-16714,,
0,17.00,Human,HumanControl(Clone)_-16458,72.571,10.009,98.162,1,HumanControl(Clone)_-16810,,
0,17.00,Human,HumanControl(Clone)_-16474,74.576,9.401,99.192,1,HumanControl(Clone)_-16810,,
0,17.00,Human,HumanControl(Clone)_-16490,5.013,31.593,88.782,1,HumanControl(Clone)_-17114,,
0,17.00,Human,HumanControl(Clone)_-16506,39.760,35.442,96.918,1,HumanControl(Clone)_-16858,,
0,17.00,Human,HumanControl(Clone)_-16522,39.227,34.584,95.673,1,HumanControl(Clone)_-16858,,
0,17.00,Human,HumanControl(Clone)_-16538,38.005,6.626,96.600,1,HumanControl(Clone)_-16698,,
0,17.00,Human,HumanControl(Clone)_-16554,39.798,7.477,82.743,1,HumanControl(Clone)_-16698,,
0,17.00,Human,HumanControl(Clone)_-16570,11.700,7.937,98.863,1,,,
0,17.00,Human,HumanControl(Clone)_-16586,11.915,9.846,99.158,1,HumanControl(Clone)_-16570,,
0,17.00,Human,HumanControl(Clone)_-16602,35.719,8.495,96.460,1,HumanControl(Clone)_-16618,,
0,17.00,Human,HumanControl(Clone)_-16618,36.729,8.406,90.364,1,,,
0,17.00,Human,HumanControl(Clone)_-16634,37.488,9.885,96.031,1,HumanControl(Clone)_-16618,,
0,17.00,Human,HumanControl(Clone)_-16650,37.085,1.734,99.728,1,HumanControl(Clone)_-16666,,
0,17.00,Human,HumanControl(Clone)_-16666,38.880,4.547,99.245,1,HumanControl(Clone)_-16618,,
0,17.00,Human,HumanControl(Clone)_-16682,38.632,1.941,97.716,1,HumanControl(Clone)_-16666,,
0,17.00,Human,HumanControl(Clone)_-16698,38.596,7.490,97.831,1,HumanControl(Clone)_-16618,,
0,17.00,Human,HumanControl(Clone)_-16714,59.359,32.320,91.713,1,HumanControl(Clone)_-16426,,
0,17.00,Human,HumanControl(Clone)_-16730,40.800,34.540,94.701,1,HumanControl(Clone)_-16858,,
0,17.00,Human,HumanControl(Clone)_-16746,39.030,8.391,99.379,1,HumanControl(Clone)_-16618,,
0,17.00,Human,HumanControl(Clone)_-16762,39.101,13.519,97.840,1,HumanControl(Clone)_-16538,,
0,17.00,Human,HumanControl(Clone)_-16778,16.433,32.380,96.028,1,HumanControl(Clone)_-16346,,
0,17.00,Human,HumanControl(Clone)_-16794,42.355,8.156,98.949,1,HumanControl(Clone)_-16538,,
0,17.00,Human,HumanControl(Clone)_-16810,71.039,11.367,92.223,1,,,
0,17.00,Human,HumanControl(Clone)_-16826,41.253,6.603,93.166,1,HumanControl(Clone)_-16698,,
0,17.00,Human,HumanControl(Clone)_-16842,40.398,4.914,96.184,1,HumanControl(Clone)_-16554,,
0,17.00,Human,HumanControl(Clone)_-16858,37.827,36.133,97.089,1,RobotControl(Clone)_-17164,,
0,17.00,Human,HumanControl(Clone)_-16874,37.250,33.731,95.433,1,HumanControl(Clone)_-16730,,
0,17.00,Human,HumanControl(Clone)_-16890,-0.728,45.093,99.232,1,,,
0,17.00,Human,HumanControl(Clone)_-16906,0.423,44.744,96.091,1,HumanControl(Clone)_-16890,,
0,17.00,Human,HumanControl(Clone)_-16954,5.348,33.809,98.259,1,HumanControl(Clone)_-16778,,
0,17.00,Human,HumanControl(Clone)_-16970,45.004,6.661,88.604,1,HumanControl(Clone)_-16554,,
0,17.00,Human,HumanControl(Clone)_-16986,39.048,6.600,99.402,1,HumanControl(Clone)_-16650,,
0,17.00,Human,HumanControl(Clone)_-17002,55.620,28.608,86.824,1,HumanControl(Clone)_-16426,,
0,17.00,Human,HumanControl(Clone)_-17018,40.075,0.622,99.255,1,HumanControl(Clone)_-16650,,
0,17.00,Human,HumanControl(Clone)_-17098,36.561,7.422,98.672,1,HumanControl(Clone)_-16650,,
0,17.00,Human,HumanControl(Clone)_-17114,12.650,31.096,98.378,1,HumanControl(Clone)_-16346,,
0,17.00,Human,HumanControl(Clone)_-17130,40.867,9.698,96.974,1,HumanControl(Clone)_-16698,,
0,17.50,Robot,RobotControl(Clone)_-17146,14.324,33.023,,,,,1
0,17.50,Robot,RobotControl(Clone)_-17164,38.692,33.783,,,,,1
0,17.50,Robot,RobotControl(Clone)_-17182,53.538,40.198,,,,,1
0,17.50,Human,HumanControl(Clone)_-16346,10.013,33.653,95.211,1,RobotControl(Clone)_-17146,,
0,17.50,Human,HumanControl(Clone)_-16378,-1.891,45.083,97.523,1,HumanControl(Clone)_-16890,,
0,17.50,Human,HumanControl(Clone)_-16410,11.917,31.399,95.502,1,HumanControl(Clone)_-16346,,
0,17.50,Human,HumanControl(Clone)_-16426,55.360,34.833,92.337,1,RobotControl(Clone)_-17182,,
0,17.50,Human,HumanControl(Clone)_-16442,58.834,28.250,79.660,1,HumanControl(Clone)_-16714,,
0,17.50,Human,HumanControl(Clone)_-16458,71.883,10.801,98.162,1,HumanControl(Clone)_-16810,,
0,17.50,Human,HumanControl(Clone)_-16474,71.287,11.619,99.192,1,HumanControl(Clone)_-16810,,
0,17.50,Human,HumanControl(Clone)_-16490,6.234,31.628,88.658,1,HumanControl(Clone)_-17114,,
0,17.50,Human,HumanControl(Clone)_-16506,39.706,38.481,96.794,1,HumanControl(Clone)_-16858,,
0,17.50,Human,HumanControl(Clone)_-16522,38.254,38.041,95.478,1,HumanControl(Clone)_-16858,,
0,17.50,Human,HumanControl(Clone)_-16538,37.988,7.838,96.600,1,HumanControl(Clone)_-16698,,
0,17.50,Human,HumanControl(Clone)_-16554,37.198,7.171,82.743,1,HumanControl(Clone)_-16698,,
0,17.50,Human,HumanControl(Clone)_-16570,4.208,7.721,98.863,1,,,
0,17.50,Human,HumanControl(Clone)_-16586,12.560,7.655,98.826,1,HumanControl(Clone)_-16570,,
0,17.50,Human,HumanControl(Clone)_-16602,34.344,7.318,96.460,1,HumanControl(Clone)_-16618,,
0,17.50,Human,HumanControl(Clone)_-16618,35.784,6.600,90.364,1,,,
0,17.50,Human,HumanControl(Clone)_-16634,36.884,9.803,95.586,1,HumanControl(Clone)_-16618,,
0,17.50,Human,HumanControl(Clone)_-16650,40.391,3.737,99.728,1,HumanControl(Clone)_-16666,,
0,17.50,Human,HumanControl(Clone)_-16666,35.393,7.520,99.245,1,HumanControl(Clone)_-16618,,
0,17.50,Human,HumanControl(Clone)_-16682,40.003,9.792,97.408,1,HumanControl(Clone)_-16666,,
0,17.50,Human,HumanControl(Clone)_-16698,38.117,9.894,97.519,1,HumanControl(Clone)_-16618,,
0,17.50,Human,HumanControl(Clone)_-16714,56.414,32.026,91.576,1,HumanControl(Clone)_-16426,,
0,17.50,Human,HumanControl(Clone)_-16730,39.043,37.097,94.701,1,HumanControl(Clone)_-16858,,
0,17.50,Human,HumanControl(Clone)_-16746,37.679,8.803,99.379,0,HumanControl(Clone)_-16618,,
0,17.50,Human,HumanControl(Clone)_-16762,38.008,12.321,97.526,1,HumanControl(Clone)_-16538,,
0,17.50,Human,HumanControl(Clone)_-16778,14.079,30.872,95.994,1,HumanControl(Clone)_-16346,,
0,17.50,Human,HumanControl(Clone)_-16794,38.734,8.853,98.949,0,HumanControl(Clone)_-16538,,
0,17.50,Human,HumanControl(Clone)_-16810,70.412,10.512,92.205,1,,,
0,17.50,Human,HumanControl(Clone)_-16826,39.546,6.894,93.166,1,HumanControl(Clone)_-16698,,
0,17.50,Human,HumanControl(Clone)_-16842,35.979,8.629,96.184,1,HumanControl(Clone)_-16554,,
0,17.50,Human,HumanControl(Clone)_-16858,39.109,34.728,96.766,1,RobotControl(Clone)_-17164,,
0,17.50,Human,HumanControl(Clone)_-16874,38.044,31.959,94.981,1,HumanControl(Clone)_-16730,,
0,17.50,Human,HumanControl(Clone)_-16890,1.599,44.999,99.232,1,,,
0,17.50,Human,HumanControl(Clone)_-16906,0.045,45.316,96.091,1,HumanControl(Clone)_-16890,,
0,17.50,Human,HumanControl(Clone)_-16954,15.303,32.731,98.259,1,HumanControl(Clone)_-16778,,
0,17.50,Human,HumanControl(Clone)_-16970,42.937,6.707,88.604,1,HumanControl(Clone)_-16554,,
0,17.50,Human,HumanControl(Clone)_-16986,40.799,0.787,99.402,1,HumanControl(Clone)_-16650,,
0,17.50,Human,HumanControl(Clone)_-17002,54.667,32.238,85.780,1,HumanControl(Clone)_-16426,,
0,17.50,Human,HumanControl(Clone)_-17018,38.462,1.655,99.255,1,HumanControl(Clone)_-16650,,
0,17.50,Human,HumanControl(Clone)_-17098,38.212,6.602,98.672,1,HumanControl(Clone)_-16650,,
0,17.50,Human,HumanControl(Clone)_-17114,12.851,31.008,98.378,1,HumanControl(Clone)_-16346,,
0,17.50,Human,HumanControl(Clone)_-17130,40.360,8.227,96.974,1,HumanControl(Clone)_-16698,,
0,18.00,Robot,RobotControl(Clone)_-17146,14.978,34.576,,,,,1
0,18.00,Robot,RobotControl(Clone)_-17164,38.378,35.250,,,,,1
0,18.00,Robot,RobotControl(Clone)_-17182,52.983,41.769,,,,,1
0,18.00,Human,HumanControl(Clone)_-16346,11.438,32.458,95.036,1,RobotControl(Clone)_-17146,,
0,18.00,Human,HumanControl(Clone)_-16378,-0.614,44.738,97.523,1,HumanControl(Clone)_-16890,,
0,18.00,Human,HumanControl(Clone)_-16410,10.168,31.661,95.242,1,HumanControl(Clone)_-16346,,
0,18.00,Human,HumanControl(Clone)_-16426,54.699,36.720,92.337,1,RobotControl(Clone)_-17182,,
0,18.00,Human,HumanControl(Clone)_-16442,56.833,28.250,79.660,1,HumanControl(Clone)_-16714,,
0,18.00,Human,HumanControl(Clone)_-16458,70.483,9.382,98.162,1,HumanControl(Clone)_-16810,,
0,18.00,Human,HumanControl(Clone)_-16474,69.456,10.783,99.192,0,HumanControl(Clone)_-16810,,
0,18.00,Human,HumanControl(Clone)_-16490,13.342,31.907,88.480,1,HumanControl(Clone)_-17114,,
0,18.00,Human,HumanControl(Clone)_-16506,37.818,37.859,96.475,1,HumanControl(Clone)_-16858,,
0,18.00,Human,HumanControl(Clone)_-16522,36.244,38.069,95.026,1,HumanControl(Clone)_-16858,,
0,18.00,Human,HumanControl(Clone)_-16538,38.946,9.579,96.600,1,HumanControl(Clone)_-16698,,
0,18.00,Human,HumanControl(Clone)_-16554,37.258,9.218,82.743,1,HumanControl(Clone)_-16698,,
0,18.00,Human,HumanControl(Clone)_-16570,4.476,7.783,98.863,1,,,
0,18.00,Human,HumanControl(Clone)_-16586,11.245,6.710,98.826,1,HumanControl(Clone)_-16570,,
0,18.00,Human,HumanControl(Clone)_-16602,33.966,6.600,96.460,1,HumanControl(Clone)_-16618,,
0,18.00,Human,HumanControl(Clone)_-16618,35.689,14.664,90.364,1,,,
0,18.00,Human,HumanControl(Clone)_-16634,35.470,8.289,95.586,1,HumanControl(Clone)_-16618,,
0,18.00,Human,HumanControl(Clone)_-16650,40.350,3.740,99.728,1,HumanControl(Clone)_-16666,,
0,18.00,Human,HumanControl(Clone)_-16666,35.141,7.304,99.245,1,HumanControl(Clone)_-16618,,
0,18.00,Human,HumanControl(Clone)_-16682,40.645,9.863,96.969,1,HumanControl(Clone)_-16666,,
0,18.00,Human,HumanControl(Clone)_-16698,36.526,9.898,97.073,1,HumanControl(Clone)_-16618,,
0,18.00,Human,HumanControl(Clone)_-16714,56.415,32.028,91.081,1,HumanControl(Clone)_-16426,,
0,18.00,Human,HumanControl(Clone)_-16730,37.068,37.026,94.701,1,HumanControl(Clone)_-16858,,
0,18.00,Human,HumanControl(Clone)_-16746,35.584,9.562,99.200,0,HumanControl(Clone)_-16618,,
0,18.00,Human,HumanControl(Clone)_-16762,36.503,6.639,97.078,1,HumanControl(Clone)_-16538,,
0,18.00,Human,HumanControl(Clone)_-16778,11.859,31.144,95.994,1,HumanControl(Clone)_-16346,,
0,18.00,Human,HumanControl(Clone)_-16794,36.824,8.298,98.949,0,HumanControl(Clone)_-16538,,
0,18.00,Human,HumanControl(Clone)_-16810,64.238,10.549,92.205,1,,,
0,18.00,Human,HumanControl(Clone)_-16826,38.695,8.384,93.166,1,HumanControl(Clone)_-16698,,
0,18.00,Human,HumanControl(Clone)_-16842,34.632,9.862,96.184,1,HumanControl(Clone)_-16554,,
0,18.00,Human,HumanControl(Clone)_-16858,39.151,32.602,96.766,1,RobotControl(Clone)_-17164,,
0,18.00,Human,HumanControl(Clone)_-16874,39.444,33.615,94.784,1,HumanControl(Clone)_-16730,,
0,18.00,Human,HumanControl(Clone)_-16890,1.597,44.997,99.232,1,,,
0,18.00,Human,HumanControl(Clone)_-16906,0.182,45.431,96.091,1,HumanControl(Clone)_-16890,,
0,18.00,Human,HumanControl(Clone)_-16954,16.383,31.761,98.003,1,HumanControl(Clone)_-16778,,
0,18.00,Human,HumanControl(Clone)_-16970,41.189,6.670,88.604,1,HumanControl(Clone)_-16554,,
0,18.00,Human,HumanControl(Clone)_-16986,40.352,0.625,99.402,1,HumanControl(Clone)_-16650,,
0,18.00,Human,HumanControl(Clone)_-17002,55.748,33.911,85.488,1,HumanControl(Clone)_-16426,,
0,18.00,Human,HumanControl(Clone)_-17018,38.598,1.715,99.255,1,HumanControl(Clone)_-16650,,
0,18.00,Human,HumanControl(Clone)_-17098,38.590,3.415,98.672,0,HumanControl(Clone)_-16650,,
0,18.00,Human,HumanControl(Clone)_-17114,13.113,30.881,98.378,1,HumanControl(Clone)_-16346,,
0,18.00,Human,HumanControl(Clone)_-17130,39.906,9.146,96.974,1,HumanControl(Clone)_-16698,,
0,18.50,Robot,RobotControl(Clone)_-17146,16.427,37.587,,,,,1
0,18.50,Robot,RobotControl(Clone)_-17164,37.734,38.441,,,,,1
0,18.50,Robot,RobotControl(Clone)_-17182,54.621,49.341,,,,,1
0,18.50,Human,HumanControl(Clone)_-16346,15.166,32.485,95.036,1,RobotControl(Clone)_-17146,,
0,18.50,Human,HumanControl(Clone)_-16378,0.215,44.359,97.074,1,HumanControl(Clone)_-16890,,
0,18.50,Human,HumanControl(Clone)_-16410,10.314,34.092,95.099,1,HumanControl(Clone)_-16346,,
0,18.50,Human,HumanControl(Clone)_-16426,53.374,40.494,92.337,1,RobotControl(Clone)_-17182,,
0,18.50,Human,HumanControl(Clone)_-16442,55.904,32.058,78.752,1,HumanControl(Clone)_-16714,,
0,18.50,Human,HumanControl(Clone)_-16458,65.495,9.491,98.081,1,HumanControl(Clone)_-16810,,
0,18.50,Human,HumanControl(Clone)_-16474,69.010,9.182,99.192,0,HumanControl(Clone)_-16810,,
0,18.50,Human,HumanControl(Clone)_-16490,13.840,30.206,88.092,1,HumanControl(Clone)_-17114,,
0,18.50,Human,HumanControl(Clone)_-16506,37.010,34.379,96.439,1,HumanControl(Clone)_-16858,,
0,18.50,Human,HumanControl(Clone)_-16522,36.117,34.883,94.676,1,HumanControl(Clone)_-16858,,
0,18.50,Human,HumanControl(Clone)_-16538,37.917,9.894,96.287,1,HumanControl(Clone)_-16698,,
0,18.50,Human,HumanControl(Clone)_-16554,36.758,9.201,82.743,1,HumanControl(Clone)_-16698,,
0,18.50,Human,HumanControl(Clone)_-16570,7.005,8.250,98.863,1,,,
0,18.50,Human,HumanControl(Clone)_-16586,4.206,9.055,98.826,1,HumanControl(Clone)_-16570,,
0,18.50,Human,HumanControl(Clone)_-16602,33.558,6.601,96.460,1,HumanControl(Clone)_-16618,,
0,18.50,Human,HumanControl(Clone)_-16618,35.624,16.450,90.032,1,,,
0,18.50,Human,HumanControl(Clone)_-16634,36.123,7.292,95.586,1,HumanControl(Clone)_-16618,,
0,18.50,Human,HumanControl(Clone)_-16650,41.192,9.361,99.728,1,HumanControl(Clone)_-16666,,
0,18.50,Human,HumanControl(Clone)_-16666,37.852,0.602,99.245,1,HumanControl(Clone)_-16618,,
0,18.50,Human,HumanControl(Clone)_-16682,39.095,9.891,96.190,1,HumanControl(Clone)_-16666,,
0,18.50,Human,HumanControl(Clone)_-16698,36.906,8.161,96.939,1,HumanControl(Clone)_-16618,,
0,18.50,Human,HumanControl(Clone)_-16714,55.876,35.618,90.829,1,HumanControl(Clone)_-16426,,
0,18.50,Human,HumanControl(Clone)_-16730,36.647,33.429,94.701,1,HumanControl(Clone)_-16858,,
0,18.50,Human,HumanControl(Clone)_-16746,35.108,8.130,99.111,0,HumanControl(Clone)_-16618,,
0,18.50,Human,HumanControl(Clone)_-16762,38.473,6.602,97.078,0,HumanControl(Clone)_-16538,,
0,18.50,Human,HumanControl(Clone)_-16778,10.714,31.831,95.715,1,HumanControl(Clone)_-16346,,
0,18.50,Human,HumanControl(Clone)_-16794,37.894,8.352,98.949,0,HumanControl(Clone)_-16538,,
0,18.50,Human,HumanControl(Clone)_-16810,63.846,10.672,92.205,1,,,
0,18.50,Human,HumanControl(Clone)_-16826,38.842,7.989,93.166,1,HumanControl(Clone)_-16698,,
0,18.50,Human,HumanControl(Clone)_-16842,35.502,9.380,96.184,1,HumanControl(Clone)_-16554,,
0,18.50,Human,HumanControl(Clone)_-16858,39.545,34.500,96.766,1,RobotControl(Clone)_-17164,,
0,18.50,Human,HumanControl(Clone)_-16874,39.377,37.344,94.784,0,HumanControl(Clone)_-16730,,
0,18.50,Human,HumanControl(Clone)_-16890,8.394,45.499,99.130,1,,,
0,18.50,Human,HumanControl(Clone)_-16906,1.324,44.382,96.091,1,HumanControl(Clone)_-16890,,
0,18.50,Human,HumanControl(Clone)_-16954,14.496,28.756,97.700,1,HumanControl(Clone)_-16778,,
0,18.50,Human,HumanControl(Clone)_-16970,37.447,7.318,88.604,1,HumanControl(Clone)_-16554,,
0,18.50,Human,HumanControl(Clone)_-16986,38.770,2.986,99.402,1,HumanControl(Clone)_-16650,,
0,18.50,Human,HumanControl(Clone)_-17002,57.063,35.174,85.175,1,HumanControl(Clone)_-16426,,
0,18.50,Human,HumanControl(Clone)_-17018,36.980,1.142,99.255,1,HumanControl(Clone)_-16650,,
0,18.50,Human,HumanControl(Clone)_-17098,39.669,2.174,98.672,0,HumanControl(Clone)_-16650,,
0,18.50,Human,HumanControl(Clone)_-17114,10.490,33.101,98.378,1,HumanControl(Clone)_-16346,,
0,18.50,Human,HumanControl(Clone)_-17130,40.122,7.576,96.974,1,HumanControl(Clone)_-16698,,
0,19.00,Robot,RobotControl(Clone)_-17146,17.159,39.088,,,,,1
0,19.00,Robot,RobotControl(Clone)_-17164,37.413,40.039,,,,,1
0,19.00,Robot,RobotControl(Clone)_-17182,53.491,50.566,,,,,1
0,19.00,Human,HumanControl(Clone)_-16346,16.125,34.242,94.771,1,RobotControl(Clone)_-17146,,
0,19.00,Human,HumanControl(Clone)_-16378,1.117,44.904,96.834,1,HumanControl(Clone)_-16890,,
0,19.00,Human,HumanControl(Clone)_-16410,11.587,34.595,94.742,1,HumanControl(Clone)_-16346,,
0,19.00,Human,HumanControl(Clone)_-16426,52.938,42.446,92.337,1,RobotControl(Clone)_-17182,,
0,19.00,Human,HumanControl(Clone)_-16442,56.456,33.981,78.244,1,HumanControl(Clone)_-16714,,
0,19.00,Human,HumanControl(Clone)_-16458,65.976,8.896,98.081,1,HumanControl(Clone)_-16810,,
0,19.00,Human,HumanControl(Clone)_-16474,65.844,10.037,98.909,0,HumanControl(Clone)_-16810,,
0,19.00,Human,HumanControl(Clone)_-16490,12.662,31.596,87.923,1,HumanControl(Clone)_-17114,,
0,19.00,Human,HumanControl(Clone)_-16506,38.054,32.993,96.439,1,HumanControl(Clone)_-16858,,
0,19.00,Human,HumanControl(Clone)_-16522,37.402,33.845,94.676,1,HumanControl(Clone)_-16858,,
0,19.00,Human,HumanControl(Clone)_-16538,35.848,9.897,95.169,1,HumanControl(Clone)_-16698,,
0,19.00,Human,HumanControl(Clone)_-16554,34.893,8.396,82.743,1,HumanControl(Clone)_-16698,,
0,19.00,Human,HumanControl(Clone)_-16570,7.021,8.250,98.863,1,,,
0,19.00,Human,HumanControl(Clone)_-16586,6.025,8.161,98.826,1,HumanControl(Clone)_-16570,,
0,19.00,Human,HumanControl(Clone)_-16602,33.588,8.408,96.460,1,HumanControl(Clone)_-16618,,
0,19.00,Human,HumanControl(Clone)_-16618,35.589,14.569,89.558,1,,,
0,19.00,Human,HumanControl(Clone)_-16634,36.109,8.334,95.586,1,HumanControl(Clone)_-16618,,
0,19.00,Human,HumanControl(Clone)_-16650,42.304,9.870,98.923,1,HumanControl(Clone)_-16666,,
0,19.00,Human,HumanControl(Clone)_-16666,37.927,0.844,99.245,1,HumanControl(Clone)_-16618,,
0,19.00,Human,HumanControl(Clone)_-16682,38.376,9.900,95.518,1,HumanControl(Clone)_-16666,,
0,19.00,Human,HumanControl(Clone)_-16698,37.127,8.351,96.939,1,HumanControl(Clone)_-16618,,
0,19.00,Human,HumanControl(Clone)_-16714,55.320,36.671,90.637,1,HumanControl(Clone)_-16426,,
0,19.00,Human,HumanControl(Clone)_-16730,37.425,31.641,94.661,1,HumanControl(Clone)_-16858,,
0,19.00,Human,HumanControl(Clone)_-16746,35.355,13.202,99.111,0,HumanControl(Clone)_-16618,,
0,19.00,Human,HumanControl(Clone)_-16762,40.882,6.600,97.078,0,HumanControl(Clone)_-16538,,
0,19.00,Human,HumanControl(Clone)_-16778,10.864,30.767,95.715,1,HumanControl(Clone)_-16346,,
0,19.00,Human,HumanControl(Clone)_-16794,38.727,8.860,98.949,0,HumanControl(Clone)_-16538,,
0,19.00,Human,HumanControl(Clone)_-16810,65.999,11.325,92.205,1,,,
0,19.00,Human,HumanControl(Clone)_-16826,38.735,7.628,93.166,1,HumanControl(Clone)_-16698,,
0,19.00,Human,HumanControl(Clone)_-16842,35.237,7.176,96.184,1,HumanControl(Clone)_-16554,,
0,19.00,Human,HumanControl(Clone)_-16858,39.217,36.441,96.588,1,RobotControl(Clone)_-17164,,
0,19.00,Human,HumanControl(Clone)_-16874,38.057,37.564,94.505,0,HumanControl(Clone)_-16730,,
0,19.00,Human,HumanControl(Clone)_-16890,8.137,45.229,99.130,1,,,
0,19.00,Human,HumanControl(Clone)_-16906,0.542,43.931,96.091,1,HumanControl(Clone)_-16890,,
0,19.00,Human,HumanControl(Clone)_-16954,12.697,28.870,97.700,1,HumanControl(Clone)_-16778,,
0,19.00,Human,HumanControl(Clone)_-16970,36.804,7.323,88.604,1,HumanControl(Clone)_-16554,,
0,19.00,Human,HumanControl(Clone)_-16986,40.308,4.209,99.402,1,HumanControl(Clone)_-16650,,
0,19.00,Human,HumanControl(Clone)_-17002,56.505,37.099,85.175,1,HumanControl(Clone)_-16426,,
0,19.00,Human,HumanControl(Clone)_-17018,38.543,2.251,99.255,1,HumanControl(Clone)_-16650,,
0,19.00,Human,HumanControl(Clone)_-17098,40.765,2.671,98.672,0,HumanControl(Clone)_-16650,,
0,19.00,Human,HumanControl(Clone)_-17114,10.377,33.548,98.324,1,HumanControl(Clone)_-16346,,
0,19.00,Human,HumanControl(Clone)_-17130,39.799,6.600,96.974,1,HumanControl(Clone)_-16698,,
0,19.50,Robot,RobotControl(Clone)_-17146,18.640,42.077,,,,,1
0,19.50,Robot,RobotControl(Clone)_-17164,36.500,48.377,,,,,1
0,19.50,Robot,RobotControl(Clone)_-17182,51.619,51.926,,,,,1
0,19.50,Human,HumanControl(Clone)_-16346,16.752,38.192,94.442,1,RobotControl(Clone)_-17146,,
0,19.50,Human,HumanControl(Clone)_-16378,6.632,44.853,96.814,1,HumanControl(Clone)_-16890,,
0,19.50,Human,HumanControl(Clone)_-16410,15.199,33.310,94.742,1,HumanControl(Clone)_-16346,,
0,19.50,Human,HumanControl(Clone)_-16426,53.162,50.406,92.337,1,RobotControl(Clone)_-17182,,
0,19.50,Human,HumanControl(Clone)_-16442,55.835,35.814,77.745,1,HumanControl(Clone)_-16714,,
0,19.50,Human,HumanControl(Clone)_-16458,64.829,10.320,98.062,1,HumanControl(Clone)_-16810,,
0,19.50,Human,HumanControl(Clone)_-16474,65.820,10.453,98.739,0,HumanControl(Clone)_-16810,,
0,19.50,Human,HumanControl(Clone)_-16490,11.205,33.044,87.923,1,HumanControl(Clone)_-17114,,
0,19.50,Human,HumanControl(Clone)_-16506,40.797,32.797,96.109,1,HumanControl(Clone)_-16858,,
0,19.50,Human,HumanControl(Clone)_-16522,40.480,33.860,94.530,1,HumanControl(Clone)_-16858,,
0,19.50,Human,HumanControl(Clone)_-16538,34.540,7.390,95.080,1,HumanControl(Clone)_-16698,,
0,19.50,Human,HumanControl(Clone)_-16554,35.732,8.300,82.743,1,HumanControl(Clone)_-16698,,
0,19.50,Human,HumanControl(Clone)_-16570,13.148,8.793,98.863,1,,,
0,19.50,Human,HumanControl(Clone)_-16586,6.034,8.161,98.826,1,HumanControl(Clone)_-16570,,
0,19.50,Human,HumanControl(Clone)_-16602,34.339,13.649,96.322,1,HumanControl(Clone)_-16618,,
0,19.50,Human,HumanControl(Clone)_-16618,35.992,12.500,89.513,1,,,
0,19.50,Human,HumanControl(Clone)_-16634,35.628,14.459,95.494,1,HumanControl(Clone)_-16618,,
0,19.50,Human,HumanControl(Clone)_-16650,40.876,8.318,97.913,1,HumanControl(Clone)_-16666,,
0,19.50,Human,HumanControl(Clone)_-16666,37.966,9.891,98.932,1,HumanControl(Clone)_-16618,,
0,19.50,Human,HumanControl(Clone)_-16682,37.228,1.837,95.429,1,HumanControl(Clone)_-16666,,
0,19.50,Human,HumanControl(Clone)_-16698,35.106,9.899,96.269,1,HumanControl(Clone)_-16618,,
0,19.50,Human,HumanControl(Clone)_-16714,53.299,40.115,90.331,1,HumanControl(Clone)_-16426,,
0,19.50,Human,HumanControl(Clone)_-16730,40.373,31.694,94.513,1,HumanControl(Clone)_-16858,,
0,19.50,Human,HumanControl(Clone)_-16746,35.324,13.481,99.111,0,HumanControl(Clone)_-16618,,
0,19.50,Human,HumanControl(Clone)_-16762,40.108,8.997,97.078,0,HumanControl(Clone)_-16538,,
0,19.50,Human,HumanControl(Clone)_-16778,12.954,30.476,95.715,1,HumanControl(Clone)_-16346,,
0,19.50,Human,HumanControl(Clone)_-16794,38.579,8.567,98.949,0,HumanControl(Clone)_-16538,,
0,19.50,Human,HumanControl(Clone)_-16810,66.866,10.924,92.186,1,,,
0,19.50,Human,HumanControl(Clone)_-16826,37.836,6.990,93.166,1,HumanControl(Clone)_-16698,,
0,19.50,Human,HumanControl(Clone)_-16842,36.838,7.155,96.184,1,HumanControl(Clone)_-16554,,
0,19.50,Human,HumanControl(Clone)_-16858,37.591,40.078,96.154,1,RobotControl(Clone)_-17164,,
0,19.50,Human,HumanControl(Clone)_-16874,36.375,35.531,94.321,0,HumanControl(Clone)_-16730,,
0,19.50,Human,HumanControl(Clone)_-16890,5.595,44.998,99.130,1,,,
0,19.50,Human,HumanControl(Clone)_-16906,7.630,44.875,96.091,1,HumanControl(Clone)_-16890,,
0,19.50,Human,HumanControl(Clone)_-16954,11.984,30.175,97.578,1,HumanControl(Clone)_-16778,,
0,19.50,Human,HumanControl(Clone)_-16970,35.558,7.273,88.604,1,HumanControl(Clone)_-16554,,
0,19.50,Human,HumanControl(Clone)_-16986,39.191,9.892,99.402,1,HumanControl(Clone)_-16650,,
0,19.50,Human,HumanControl(Clone)_-17002,54.296,40.331,85.041,1,HumanControl(Clone)_-16426,,
0,19.50,Human,HumanControl(Clone)_-17018,38.645,4.810,99.255,1,HumanControl(Clone)_-16650,,
0,19.50,Human,HumanControl(Clone)_-17098,40.151,4.627,98.672,0,HumanControl(Clone)_-16650,,
0,19.50,Human,HumanControl(Clone)_-17114,14.178,32.907,98.287,1,HumanControl(Clone)_-16346,,
0,19.50,Human,HumanControl(Clone)_-17130,37.554,8.553,96.974,1,HumanControl(Clone)_-16698,,
0,20.00,Robot,RobotControl(Clone)_-17146,17.862,47.754,,,,,1
0,20.00,Robot,RobotControl(Clone)_-17164,36.502,50.035,,,,,1
0,20.00,Robot,RobotControl(Clone)_-17182,51.661,50.760,,,,,1
0,20.00,Human,HumanControl(Clone)_-16346,17.267,40.125,94.442,1,RobotControl(Clone)_-17146,,
0,20.00,Human,HumanControl(Clone)_-16378,6.570,44.851,96.814,1,HumanControl(Clone)_-16890,,
0,20.00,Human,HumanControl(Clone)_-16410,16.995,34.276,94.742,0,HumanControl(Clone)_-16346,,
0,20.00,Human,HumanControl(Clone)_-16426,53.162,50.406,92.337,0,RobotControl(Clone)_-17182,,
0,20.00,Human,HumanControl(Clone)_-16442,54.822,37.538,77.544,1,HumanControl(Clone)_-16714,,
0,20.00,Human,HumanControl(Clone)_-16458,64.320,10.050,97.828,0,HumanControl(Clone)_-16810,,
0,20.00,Human,HumanControl(Clone)_-16474,65.568,10.321,98.263,0,HumanControl(Clone)_-16810,,
0,20.00,Human,HumanControl(Clone)_-16490,11.215,33.051,87.923,1,HumanControl(Clone)_-17114,,
0,20.00,Human,HumanControl(Clone)_-16506,40.680,34.636,96.109,0,HumanControl(Clone)_-16858,,
0,20.00,Human,HumanControl(Clone)_-16522,40.640,35.959,94.321,0,HumanControl(Clone)_-16858,,
0,20.00,Human,HumanControl(Clone)_-16538,34.941,6.921,95.080,0,HumanControl(Clone)_-16698,,
0,20.00,Human,HumanControl(Clone)_-16554,35.005,8.977,82.743,1,HumanControl(Clone)_-16698,,
0,20.00,Human,HumanControl(Clone)_-16570,15.145,8.969,98.863,1,,,
0,20.00,Human,HumanControl(Clone)_-16586,6.038,8.160,98.826,1,HumanControl(Clone)_-16570,,
0,20.00,Human,HumanControl(Clone)_-16602,34.089,13.769,95.168,1,HumanControl(Clone)_-16618,,
0,20.00,Human,HumanControl(Clone)_-16618,35.982,12.496,88.884,1,,,
0,20.00,Human,HumanControl(Clone)_-16634,34.946,12.675,95.033,1,HumanControl(Clone)_-16618,,
0,20.00,Human,HumanControl(Clone)_-16650,39.665,6.648,97.913,1,HumanControl(Clone)_-16666,,
0,20.00,Human,HumanControl(Clone)_-16666,37.518,9.856,97.855,1,HumanControl(Clone)_-16618,,
0,20.00,Human,HumanControl(Clone)_-16682,37.418,1.745,95.429,1,HumanControl(Clone)_-16666,,
0,20.00,Human,HumanControl(Clone)_-16698,34.285,9.830,95.608,0,HumanControl(Clone)_-16618,,
0,20.00,Human,HumanControl(Clone)_-16714,52.283,41.685,90.024,1,HumanControl(Clone)_-16426,,
0,20.00,Human,HumanControl(Clone)_-16730,40.409,33.487,94.025,1,HumanControl(Clone)_-16858,,
0,20.00,Human,HumanControl(Clone)_-16746,35.331,13.664,99.111,0,HumanControl(Clone)_-16618,,
0,20.00,Human,HumanControl(Clone)_-16762,38.598,6.610,97.078,0,HumanControl(Clone)_-16538,,
0,20.00,Human,HumanControl(Clone)_-16778,13.038,30.296,95.715,1,HumanControl(Clone)_-16346,,
0,20.00,Human,HumanControl(Clone)_-16794,38.095,8.885,98.949,0,HumanControl(Clone)_-16538,,
0,20.00,Human,HumanControl(Clone)_-16810,72.952,10.169,92.186,1,,,
0,20.00,Human,HumanControl(Clone)_-16826,36.464,7.551,93.166,1,HumanControl(Clone)_-16698,,
0,20.00,Human,HumanControl(Clone)_-16842,37.029,8.827,96.184,1,HumanControl(Clone)_-16554,,
0,20.00,Human,HumanControl(Clone)_-16858,36.918,41.954,95.968,1,RobotControl(Clone)_-17164,,
0,20.00,Human,HumanControl(Clone)_-16874,36.855,34.290,94.112,0,HumanControl(Clone)_-16730,,
0,20.00,Human,HumanControl(Clone)_-16890,5.581,45.000,99.130,1,,,
0,20.00,Human,HumanControl(Clone)_-16906,7.673,44.867,96.091,1,HumanControl(Clone)_-16890,,
0,20.00,Human,HumanControl(Clone)_-16954,11.966,30.134,97.142,1,HumanControl(Clone)_-16778,,
0,20.00,Human,HumanControl(Clone)_-16970,34.036,8.549,88.604,1,HumanControl(Clone)_-16554,,
0,20.00,Human,HumanControl(Clone)_-16986,39.235,9.874,99.402,1,HumanControl(Clone)_-16650,,
0,20.00,Human,HumanControl(Clone)_-17002,53.309,41.924,84.851,1,HumanControl(Clone)_-16426,,
0,20.00,Human,HumanControl(Clone)_-17018,38.209,4.801,99.255,0,HumanControl(Clone)_-16650,,
0,20.00,Human,HumanControl(Clone)_-17098,40.465,7.419,98.672,0,HumanControl(Clone)_-16650,,
0,20.00,Human,HumanControl(Clone)_-17114,16.146,33.168,98.287,1,HumanControl(Clone)_-16346,,
0,20.00,Human,HumanControl(Clone)_-17130,36.518,9.899,96.571,0,HumanControl(Clone)_-16698,,
0,20.50,Robot,RobotControl(Clone)_-17146,18.095,50.372,,,,,1
0,20.50,Robot,RobotControl(Clone)_-17164,36.469,50.142,,,,,1
0,20.50,Robot,RobotControl(Clone)_-17182,51.154,49.459,,,,,1
0,20.50,Human,HumanControl(Clone)_-16346,19.300,47.596,92.439,0,RobotControl(Clone)_-17146,,
0,20.50,Human,HumanControl(Clone)_-16378,6.645,45.388,96.814,0,HumanControl(Clone)_-16890,,
0,20.50,Human,HumanControl(Clone)_-16410,17.450,37.360,94.742,0,HumanControl(Clone)_-16346,,
0,20.50,Human,HumanControl(Clone)_-16426,51.548,52.458,92.224,0,RobotControl(Clone)_-17182,,
0,20.50,Human,HumanControl(Clone)_-16442,52.677,40.914,77.544,1,HumanControl(Clone)_-16714,,
0,20.50,Human,HumanControl(Clone)_-16458,70.917,11.267,97.785,0,HumanControl(Clone)_-16810,,
0,20.50,Human,HumanControl(Clone)_-16474,67.774,11.355,98.225,0,HumanControl(Clone)_-16810,,
0,20.50,Human,HumanControl(Clone)_-16490,15.187,32.574,87.923,1,HumanControl(Clone)_-17114,,
0,20.50,Human,HumanControl(Clone)_-16506,40.074,36.499,96.109,0,HumanControl(Clone)_-16858,,
0,20.50,Human,HumanControl(Clone)_-16522,39.393,39.093,93.999,0,HumanControl(Clone)_-16858,,
0,20.50,Human,HumanControl(Clone)_-16538,35.204,7.098,95.080,0,HumanControl(Clone)_-16698,,
0,20.50,Human,HumanControl(Clone)_-16554,32.801,7.969,82.743,1,HumanControl(Clone)_-16698,,
0,20.50,Human,HumanControl(Clone)_-16570,13.035,8.392,98.863,1,,,
0,20.50,Human,HumanControl(Clone)_-16586,6.040,8.160,98.826,1,HumanControl(Clone)_-16570,,
0,20.50,Human,HumanControl(Clone)_-16602,34.777,11.451,94.419,0,HumanControl(Clone)_-16618,,
0,20.50,Human,HumanControl(Clone)_-16618,35.953,13.210,88.480,1,,,
0,20.50,Human,HumanControl(Clone)_-16634,34.495,13.338,95.033,1,HumanControl(Clone)_-16618,,
0,20.50,Human,HumanControl(Clone)_-16650,38.145,9.373,97.913,1,HumanControl(Clone)_-16666,,
0,20.50,Human,HumanControl(Clone)_-16666,32.181,14.941,97.766,1,HumanControl(Clone)_-16618,,
0,20.50,Human,HumanControl(Clone)_-16682,39.163,9.887,95.429,1,HumanControl(Clone)_-16666,,
0,20.50,Human,HumanControl(Clone)_-16698,34.738,9.899,94.947,0,HumanControl(Clone)_-16618,,
0,20.50,Human,HumanControl(Clone)_-16714,48.985,50.348,89.983,1,HumanControl(Clone)_-16426,,
0,20.50,Human,HumanControl(Clone)_-16730,39.463,37.319,94.025,1,HumanControl(Clone)_-16858,,
0,20.50,Human,HumanControl(Clone)_-16746,35.105,12.415,99.111,0,HumanControl(Clone)_-16618,,
0,20.50,Human,HumanControl(Clone)_-16762,36.160,6.824,97.078,0,HumanControl(Clone)_-16538,,
0,20.50,Human,HumanControl(Clone)_-16778,14.977,33.710,95.433,1,HumanControl(Clone)_-16346,,
0,20.50,Human,HumanControl(Clone)_-16794,35.875,8.377,98.949,0,HumanControl(Clone)_-16538,,
0,20.50,Human,HumanControl(Clone)_-16810,75.092,10.461,92.186,1,,,
0,20.50,Human,HumanControl(Clone)_-16826,35.653,9.351,93.166,1,HumanControl(Clone)_-16698,,
0,20.50,Human,HumanControl(Clone)_-16842,36.745,9.616,95.826,1,HumanControl(Clone)_-16554,,
0,20.50,Human,HumanControl(Clone)_-16858,36.794,49.078,95.968,1,RobotControl(Clone)_-17164,,
0,20.50,Human,HumanControl(Clone)_-16874,39.060,32.868,94.112,0,HumanControl(Clone)_-16730,,
0,20.50,Human,HumanControl(Clone)_-16890,-2.573,45.009,99.130,1,,,
0,20.50,Human,HumanControl(Clone)_-16906,6.495,44.316,95.557,1,HumanControl(Clone)_-16890,,
0,20.50,Human,HumanControl(Clone)_-16954,13.658,31.039,96.825,0,HumanControl(Clone)_-16778,,
0,20.50,Human,HumanControl(Clone)_-16970,34.595,7.923,88.604,0,HumanControl(Clone)_-16554,,
0,20.50,Human,HumanControl(Clone)_-16986,42.402,9.155,99.402,1,HumanControl(Clone)_-16650,,
0,20.50,Human,HumanControl(Clone)_-17002,49.476,47.740,84.830,1,HumanControl(Clone)_-16426,,
0,20.50,Human,HumanControl(Clone)_-17018,39.337,4.825,99.255,0,HumanControl(Clone)_-16650,,
0,20.50,Human,HumanControl(Clone)_-17098,40.655,6.631,98.672,0,HumanControl(Clone)_-16650,,
0,20.50,Human,HumanControl(Clone)_-17114,17.379,36.351,98.287,1,HumanControl(Clone)_-16346,,
0,20.50,Human,HumanControl(Clone)_-17130,33.571,8.643,96.571,0,HumanControl(Clone)_-16698,,
0,21.00,Robot,RobotControl(Clone)_-17146,18.095,50.372,,,,,1
0,21.00,Robot,RobotControl(Clone)_-17164,36.234,48.866,,,,,1
0,21.00,Robot,RobotControl(Clone)_-17182,50.822,51.075,,,,,1
0,21.00,Human,HumanControl(Clone)_-16346,19.301,48.929,92.439,0,RobotControl(Clone)_-17146,,
0,21.00,Human,HumanControl(Clone)_-16378,1.026,45.600,96.814,0,HumanControl(Clone)_-16890,,
0,21.00,Human,HumanControl(Clone)_-16410,17.631,39.008,94.742,0,HumanControl(Clone)_-16346,,
0,21.00,Human,HumanControl(Clone)_-16426,51.809,51.406,92.061,0,RobotControl(Clone)_-17182,,
0,21.00,Human,HumanControl(Clone)_-16442,53.073,48.979,77.544,1,HumanControl(Clone)_-16714,,
0,21.00,Human,HumanControl(Clone)_-16458,72.124,11.385,97.785,0,HumanControl(Clone)_-16810,,
0,21.00,Human,HumanControl(Clone)_-16474,69.838,12.229,97.921,0,HumanControl(Clone)_-16810,,
0,21.00,Human,HumanControl(Clone)_-16490,17.125,33.078,87.923,0,HumanControl(Clone)_-17114,,
0,21.00,Human,HumanControl(Clone)_-16506,40.073,36.443,95.570,0,HumanControl(Clone)_-16858,,
0,21.00,Human,HumanControl(Clone)_-16522,38.689,40.252,93.999,0,HumanControl(Clone)_-16858,,
0,21.00,Human,HumanControl(Clone)_-16538,33.852,7.249,95.080,0,HumanControl(Clone)_-16698,,
0,21.00,Human,HumanControl(Clone)_-16554,30.897,6.600,82.743,1,HumanControl(Clone)_-16698,,
0,21.00,Human,HumanControl(Clone)_-16570,11.053,8.128,98.863,1,,,
0,21.00,Human,HumanControl(Clone)_-16586,13.164,8.648,98.826,1,HumanControl(Clone)_-16570,,
0,21.00,Human,HumanControl(Clone)_-16602,35.522,11.288,94.419,0,HumanControl(Clone)_-16618,,
0,21.00,Human,HumanControl(Clone)_-16618,34.826,14.225,88.480,1,,,
0,21.00,Human,HumanControl(Clone)_-16634,35.625,13.590,94.386,1,HumanControl(Clone)_-16618,,
0,21.00,Human,HumanControl(Clone)_-16650,38.154,9.900,96.925,1,HumanControl(Clone)_-16666,,
0,21.00,Human,HumanControl(Clone)_-16666,32.682,15.212,97.766,1,HumanControl(Clone)_-16618,,
0,21.00,Human,HumanControl(Clone)_-16682,39.563,9.873,94.797,1,HumanControl(Clone)_-16666,,
0,21.00,Human,HumanControl(Clone)_-16698,34.468,12.087,94.290,0,HumanControl(Clone)_-16618,,
0,21.00,Human,HumanControl(Clone)_-16714,49.377,50.775,89.983,1,HumanControl(Clone)_-16426,,
0,21.00,Human,HumanControl(Clone)_-16730,38.669,39.066,94.025,0,HumanControl(Clone)_-16858,,
0,21.00,Human,HumanControl(Clone)_-16746,36.326,12.382,98.438,0,HumanControl(Clone)_-16618,,
0,21.00,Human,HumanControl(Clone)_-16762,35.204,6.608,97.078,0,HumanControl(Clone)_-16538,,
0,21.00,Human,HumanControl(Clone)_-16778,15.662,35.555,95.152,1,HumanControl(Clone)_-16346,,
0,21.00,Human,HumanControl(Clone)_-16794,35.031,8.249,98.949,0,HumanControl(Clone)_-16538,,
0,21.00,Human,HumanControl(Clone)_-16810,73.262,10.621,92.186,1,,,
0,21.00,Human,HumanControl(Clone)_-16826,34.336,9.726,92.504,1,HumanControl(Clone)_-16698,,
0,21.00,Human,HumanControl(Clone)_-16842,36.119,9.799,95.153,0,HumanControl(Clone)_-16554,,
0,21.00,Human,HumanControl(Clone)_-16858,37.216,49.253,95.968,1,RobotControl(Clone)_-17164,,
0,21.00,Human,HumanControl(Clone)_-16874,39.961,33.818,93.782,0,HumanControl(Clone)_-16730,,
0,21.00,Human,HumanControl(Clone)_-16890,-2.356,45.009,99.130,1,,,
0,21.00,Human,HumanControl(Clone)_-16906,6.953,45.757,95.312,1,HumanControl(Clone)_-16890,,
0,21.00,Human,HumanControl(Clone)_-16954,13.654,31.029,96.825,0,HumanControl(Clone)_-16778,,
0,21.00,Human,HumanControl(Clone)_-16970,35.263,9.228,88.604,0,HumanControl(Clone)_-16554,,
0,21.00,Human,HumanControl(Clone)_-16986,42.074,8.164,99.402,1,HumanControl(Clone)_-16650,,
0,21.00,Human,HumanControl(Clone)_-17002,48.055,49.137,84.830,0,HumanControl(Clone)_-16426,,
0,21.00,Human,HumanControl(Clone)_-17018,39.588,5.352,99.255,0,HumanControl(Clone)_-16650,,
0,21.00,Human,HumanControl(Clone)_-17098,41.984,6.622,98.672,0,HumanControl(Clone)_-16650,,
0,21.00,Human,HumanControl(Clone)_-17114,17.132,38.077,98.287,1,HumanControl(Clone)_-16346,,
0,21.00,Human,HumanControl(Clone)_-17130,31.615,7.440,96.571,0,HumanControl(Clone)_-16698,,
0,21.50,Robot,RobotControl(Clone)_-17146,19.310,51.513,,,,,1
0,21.50,Robot,RobotControl(Clone)_-17164,36.335,45.607,,,,,1
0,21.50,Robot,RobotControl(Clone)_-17182,48.725,53.582,,,,,1
0,21.50,Human,HumanControl(Clone)_-16346,17.344,49.711,92.439,0,RobotControl(Clone)_-17146,,
0,21.50,Human,HumanControl(Clone)_-16378,-1.277,46.528,96.244,0,HumanControl(Clone)_-16890,,
0,21.50,Human,HumanControl(Clone)_-16410,18.250,42.200,93.539,0,HumanControl(Clone)_-16346,,
0,21.50,Human,HumanControl(Clone)_-16426,51.613,50.172,91.783,0,RobotControl(Clone)_-17182,,
0,21.50,Human,HumanControl(Clone)_-16442,52.207,51.847,77.429,1,HumanControl(Clone)_-16714,,
0,21.50,Human,HumanControl(Clone)_-16458,72.309,10.951,97.785,0,HumanControl(Clone)_-16810,,
0,21.50,Human,HumanControl(Clone)_-16474,71.908,13.160,97.881,0,HumanControl(Clone)_-16810,,
0,21.50,Human,HumanControl(Clone)_-16490,18.637,35.644,87.923,0,HumanControl(Clone)_-17114,,
0,21.50,Human,HumanControl(Clone)_-16506,39.028,38.850,95.188,0,HumanControl(Clone)_-16858,,
0,21.50,Human,HumanControl(Clone)_-16522,37.586,42.617,93.999,0,HumanControl(Clone)_-16858,,
0,21.50,Human,HumanControl(Clone)_-16538,33.298,7.683,95.080,0,HumanControl(Clone)_-16698,,
0,21.50,Human,HumanControl(Clone)_-16554,32.065,7.526,82.743,1,HumanControl(Clone)_-16698,,
0,21.50,Human,HumanControl(Clone)_-16570,4.989,7.303,98.863,1,,,
0,21.50,Human,HumanControl(Clone)_-16586,12.052,8.182,98.826,0,HumanControl(Clone)_-16570,,
0,21.50,Human,HumanControl(Clone)_-16602,36.270,13.242,93.701,0,HumanControl(Clone)_-16618,,
0,21.50,Human,HumanControl(Clone)_-16618,26.445,14.745,88.480,1,,,
0,21.50,Human,HumanControl(Clone)_-16634,34.708,14.232,93.555,1,HumanControl(Clone)_-16618,,
0,21.50,Human,HumanControl(Clone)_-16650,36.658,16.726,96.835,1,HumanControl(Clone)_-16666,,
0,21.50,Human,HumanControl(Clone)_-16666,35.927,14.375,97.443,1,HumanControl(Clone)_-16618,,
0,21.50,Human,HumanControl(Clone)_-16682,36.727,15.001,94.639,1,HumanControl(Clone)_-16666,,
0,21.50,Human,HumanControl(Clone)_-16698,33.714,14.123,93.880,0,HumanControl(Clone)_-16618,,
0,21.50,Human,HumanControl(Clone)_-16714,51.273,52.294,89.983,0,HumanControl(Clone)_-16426,,
0,21.50,Human,HumanControl(Clone)_-16730,37.722,41.561,93.577,0,HumanControl(Clone)_-16858,,
0,21.50,Human,HumanControl(Clone)_-16746,37.904,14.221,98.165,0,HumanControl(Clone)_-16618,,
0,21.50,Human,HumanControl(Clone)_-16762,34.961,6.612,97.078,0,HumanControl(Clone)_-16538,,
0,21.50,Human,HumanControl(Clone)_-16778,17.153,39.252,95.115,1,HumanControl(Clone)_-16346,,
0,21.50,Human,HumanControl(Clone)_-16794,33.996,6.966,98.949,0,HumanControl(Clone)_-16538,,
0,21.50,Human,HumanControl(Clone)_-16810,70.417,10.507,92.165,0,,,
0,21.50,Human,HumanControl(Clone)_-16826,32.521,9.900,91.726,1,HumanControl(Clone)_-16698,,
0,21.50,Human,HumanControl(Clone)_-16842,33.524,9.583,94.313,0,HumanControl(Clone)_-16554,,
0,21.50,Human,HumanControl(Clone)_-16858,35.959,51.357,95.638,1,RobotControl(Clone)_-17164,,
0,21.50,Human,HumanControl(Clone)_-16874,39.471,36.391,93.738,0,HumanControl(Clone)_-16730,,
0,21.50,Human,HumanControl(Clone)_-16890,1.314,43.831,99.067,1,,,
0,21.50,Human,HumanControl(Clone)_-16906,-2.653,45.721,95.312,1,HumanControl(Clone)_-16890,,
0,21.50,Human,HumanControl(Clone)_-16954,14.795,33.435,96.538,0,HumanControl(Clone)_-16778,,
0,21.50,Human,HumanControl(Clone)_-16970,35.444,9.532,88.604,0,HumanControl(Clone)_-16554,,
0,21.50,Human,HumanControl(Clone)_-16986,38.119,7.727,99.402,1,HumanControl(Clone)_-16650,,
0,21.50,Human,HumanControl(Clone)_-17002,50.057,50.495,84.692,0,HumanControl(Clone)_-16426,,
0,21.50,Human,HumanControl(Clone)_-17018,38.751,9.838,99.255,0,HumanControl(Clone)_-16650,,
0,21.50,Human,HumanControl(Clone)_-17098,40.203,8.044,98.672,0,HumanControl(Clone)_-16650,,
0,21.50,Human,HumanControl(Clone)_-17114,18.071,41.203,98.013,1,HumanControl(Clone)_-16346,,
0,21.50,Human,HumanControl(Clone)_-17130,32.919,8.609,96.571,0,HumanControl(Clone)_-16698,,
0,22.00,Robot,RobotControl(Clone)_-17146,20.526,52.653,,,,,1
0,22.00,Robot,RobotControl(Clone)_-17164,36.346,46.198,,,,,1
0,22.00,Robot,RobotControl(Clone)_-17182,47.648,54.813,,,,,1
0,22.00,Human,HumanControl(Clone)_-16346,17.344,49.711,92.439,0,RobotControl(Clone)_-17146,,
0,22.00,Human,HumanControl(Clone)_-16378,-1.794,45.583,95.787,0,HumanControl(Clone)_-16890,,
0,22.00,Human,HumanControl(Clone)_-16410,19.308,47.633,92.212,0,HumanControl(Clone)_-16346,,
0,22.00,Human,HumanControl(Clone)_-16426,50.666,51.549,91.619,0,RobotControl(Clone)_-17182,,
0,22.00,Human,HumanControl(Clone)_-16442,49.729,52.078,76.984,1,HumanControl(Clone)_-16714,,
0,22.00,Human,HumanControl(Clone)_-16458,72.284,10.937,97.785,0,HumanControl(Clone)_-16810,,
0,22.00,Human,HumanControl(Clone)_-16474,72.808,12.280,97.881,0,HumanControl(Clone)_-16810,,
0,22.00,Human,HumanControl(Clone)_-16490,18.184,36.898,87.923,0,HumanControl(Clone)_-17114,,
0,22.00,Human,HumanControl(Clone)_-16506,38.491,40.058,94.883,0,HumanControl(Clone)_-16858,,
0,22.00,Human,HumanControl(Clone)_-16522,36.500,47.599,93.883,0,HumanControl(Clone)_-16858,,
0,22.00,Human,HumanControl(Clone)_-16538,33.017,7.291,95.080,0,HumanControl(Clone)_-16698,,
0,22.00,Human,HumanControl(Clone)_-16554,32.801,8.359,82.743,1,HumanControl(Clone)_-16698,,
0,22.00,Human,HumanControl(Clone)_-16570,4.229,6.628,98.863,0,,,
0,22.00,Human,HumanControl(Clone)_-16586,12.000,8.289,98.826,0,HumanControl(Clone)_-16570,,
0,22.00,Human,HumanControl(Clone)_-16602,35.864,14.670,93.701,0,HumanControl(Clone)_-16618,,
0,22.00,Human,HumanControl(Clone)_-16618,24.464,14.723,88.480,1,,,
0,22.00,Human,HumanControl(Clone)_-16634,34.917,15.233,93.417,1,HumanControl(Clone)_-16618,,
0,22.00,Human,HumanControl(Clone)_-16650,36.349,17.246,96.835,1,HumanControl(Clone)_-16666,,
0,22.00,Human,HumanControl(Clone)_-16666,35.857,13.251,96.566,0,HumanControl(Clone)_-16618,,
0,22.00,Human,HumanControl(Clone)_-16682,35.465,16.449,94.064,0,HumanControl(Clone)_-16666,,
0,22.00,Human,HumanControl(Clone)_-16698,33.216,14.605,93.603,0,HumanControl(Clone)_-16618,,
0,22.00,Human,HumanControl(Clone)_-16714,51.174,52.462,89.983,0,HumanControl(Clone)_-16426,,
0,22.00,Human,HumanControl(Clone)_-16730,37.222,42.811,93.384,0,HumanControl(Clone)_-16858,,
0,22.00,Human,HumanControl(Clone)_-16746,38.661,15.009,97.708,0,HumanControl(Clone)_-16618,,
0,22.00,Human,HumanControl(Clone)_-16762,34.104,6.680,97.078,0,HumanControl(Clone)_-16538,,
0,22.00,Human,HumanControl(Clone)_-16778,17.406,41.228,95.115,1,HumanControl(Clone)_-16346,,
0,22.00,Human,HumanControl(Clone)_-16794,34.221,7.686,98.949,0,HumanControl(Clone)_-16538,,
0,22.00,Human,HumanControl(Clone)_-16810,70.454,10.524,92.165,0,,,
0,22.00,Human,HumanControl(Clone)_-16826,34.352,9.899,91.066,0,HumanControl(Clone)_-16698,,
0,22.00,Human,HumanControl(Clone)_-16842,32.253,9.314,93.873,0,HumanControl(Clone)_-16554,,
0,22.00,Human,HumanControl(Clone)_-16858,34.744,50.281,95.638,0,RobotControl(Clone)_-17164,,
0,22.00,Human,HumanControl(Clone)_-16874,38.882,37.587,93.738,0,HumanControl(Clone)_-16730,,
0,22.00,Human,HumanControl(Clone)_-16890,1.530,44.781,99.067,0,,,
0,22.00,Human,HumanControl(Clone)_-16906,-3.268,44.093,95.312,1,HumanControl(Clone)_-16890,,
0,22.00,Human,HumanControl(Clone)_-16954,15.281,34.674,96.538,0,HumanControl(Clone)_-16778,,
0,22.00,Human,HumanControl(Clone)_-16970,35.571,9.632,87.888,0,HumanControl(Clone)_-16554,,
0,22.00,Human,HumanControl(Clone)_-16986,37.075,14.428,99.402,1,HumanControl(Clone)_-16650,,
0,22.00,Human,HumanControl(Clone)_-17002,51.737,49.935,84.378,0,HumanControl(Clone)_-16426,,
0,22.00,Human,HumanControl(Clone)_-17018,37.697,9.857,98.583,0,HumanControl(Clone)_-16650,,
0,22.00,Human,HumanControl(Clone)_-17098,39.046,8.709,98.672,0,HumanControl(Clone)_-16650,,
0,22.00,Human,HumanControl(Clone)_-17114,18.877,42.979,98.013,1,HumanControl(Clone)_-16346,,
0,22.00,Human,HumanControl(Clone)_-17130,34.095,8.679,96.571,0,HumanControl(Clone)_-16698,,
0,22.50,Robot,RobotControl(Clone)_-17146,22.957,54.933,,,,,1
0,22.50,Robot,RobotControl(Clone)_-17164,36.229,49.604,,,,,1
0,22.50,Robot,RobotControl(Clone)_-17182,45.392,57.246,,,,,1
0,22.50,Human,HumanControl(Clone)_-16346,18.317,50.623,92.439,0,RobotControl(Clone)_-17146,,
0,22.50,Human,HumanControl(Clone)_-16378,-0.620,43.773,95.010,0,HumanControl(Clone)_-16890,,
0,22.50,Human,HumanControl(Clone)_-16410,17.714,49.238,92.212,0,HumanControl(Clone)_-16346,,
0,22.50,Human,HumanControl(Clone)_-16426,48.575,53.390,91.316,0,RobotControl(Clone)_-17182,,
0,22.50,Human,HumanControl(Clone)_-16442,48.395,51.954,76.801,1,HumanControl(Clone)_-16714,,
0,22.50,Human,HumanControl(Clone)_-16458,70.669,11.425,97.785,0,HumanControl(Clone)_-16810,,
0,22.50,Human,HumanControl(Clone)_-16474,71.257,10.559,97.881,0,HumanControl(Clone)_-16810,,
0,22.50,Human,HumanControl(Clone)_-16490,18.001,39.531,85.188,0,HumanControl(Clone)_-17114,,
0,22.50,Human,HumanControl(Clone)_-16506,37.419,42.495,94.842,0,HumanControl(Clone)_-16858,,
0,22.50,Human,HumanControl(Clone)_-16522,35.683,50.460,93.688,0,HumanControl(Clone)_-16858,,
0,22.50,Human,HumanControl(Clone)_-16538,33.641,8.692,95.080,0,HumanControl(Clone)_-16698,,
0,22.50,Human,HumanControl(Clone)_-16554,35.170,16.968,82.743,1,HumanControl(Clone)_-16698,,
0,22.50,Human,HumanControl(Clone)_-16570,5.577,7.550,98.863,0,,,
0,22.50,Human,HumanControl(Clone)_-16586,11.103,8.369,98.826,0,HumanControl(Clone)_-16570,,
0,22.50,Human,HumanControl(Clone)_-16602,33.140,14.985,93.701,0,HumanControl(Clone)_-16618,,
0,22.50,Human,HumanControl(Clone)_-16618,26.830,14.843,88.480,1,,,
0,22.50,Human,HumanControl(Clone)_-16634,26.405,15.763,92.804,1,HumanControl(Clone)_-16618,,
0,22.50,Human,HumanControl(Clone)_-16650,35.722,14.806,96.068,0,HumanControl(Clone)_-16666,,
0,22.50,Human,HumanControl(Clone)_-16666,33.590,12.750,96.566,0,HumanControl(Clone)_-16618,,
0,22.50,Human,HumanControl(Clone)_-16682,35.725,16.127,93.729,0,HumanControl(Clone)_-16666,,
0,22.50,Human,HumanControl(Clone)_-16698,25.802,14.244,92.979,0,HumanControl(Clone)_-16618,,
0,22.50,Human,HumanControl(Clone)_-16714,51.337,51.225,89.983,0,HumanControl(Clone)_-16426,,
0,22.50,Human,HumanControl(Clone)_-16730,36.710,48.296,93.384,0,HumanControl(Clone)_-16858,,
0,22.50,Human,HumanControl(Clone)_-16746,37.254,15.004,97.708,0,HumanControl(Clone)_-16618,,
0,22.50,Human,HumanControl(Clone)_-16762,34.183,6.605,97.078,0,HumanControl(Clone)_-16538,,
0,22.50,Human,HumanControl(Clone)_-16778,18.712,49.268,95.115,0,HumanControl(Clone)_-16346,,
0,22.50,Human,HumanControl(Clone)_-16794,33.942,7.740,98.949,0,HumanControl(Clone)_-16538,,
0,22.50,Human,HumanControl(Clone)_-16810,70.254,10.401,91.697,0,,,
0,22.50,Human,HumanControl(Clone)_-16826,38.176,9.899,90.531,0,HumanControl(Clone)_-16698,,
0,22.50,Human,HumanControl(Clone)_-16842,31.764,8.220,93.873,0,HumanControl(Clone)_-16554,,
0,22.50,Human,HumanControl(Clone)_-16858,35.092,47.056,95.638,0,RobotControl(Clone)_-17164,,
0,22.50,Human,HumanControl(Clone)_-16874,37.746,39.999,93.591,0,HumanControl(Clone)_-16730,,
0,22.50,Human,HumanControl(Clone)_-16890,1.586,44.958,99.067,0,,,
0,22.50,Human,HumanControl(Clone)_-16906,-0.234,42.353,94.361,0,HumanControl(Clone)_-16890,,
0,22.50,Human,HumanControl(Clone)_-16954,16.182,37.177,96.234,0,HumanControl(Clone)_-16778,,
0,22.50,Human,HumanControl(Clone)_-16970,35.430,7.622,87.754,0,HumanControl(Clone)_-16554,,
0,22.50,Human,HumanControl(Clone)_-16986,37.355,16.031,99.402,0,HumanControl(Clone)_-16650,,
0,22.50,Human,HumanControl(Clone)_-17002,52.132,50.398,84.032,0,HumanControl(Clone)_-16426,,
0,22.50,Human,HumanControl(Clone)_-17018,36.242,13.950,98.172,0,HumanControl(Clone)_-16650,,
0,22.50,Human,HumanControl(Clone)_-17098,36.584,13.005,98.672,0,HumanControl(Clone)_-16650,,
0,22.50,Human,HumanControl(Clone)_-17114,15.536,49.013,98.013,0,HumanControl(Clone)_-16346,,
0,22.50,Human,HumanControl(Clone)_-17130,35.338,13.031,96.571,0,HumanControl(Clone)_-16698,,
0,23.00,Robot,RobotControl(Clone)_-17146,24.173,56.074,,,,,1
0,23.00,Robot,RobotControl(Clone)_-17164,36.220,51.276,,,,,1
0,23.00,Robot,RobotControl(Clone)_-17182,44.260,58.460,,,,,1
0,23.00,Human,HumanControl(Clone)_-16346,19.291,51.534,92.439,0,RobotControl(Clone)_-17146,,
0,23.00,Human,HumanControl(Clone)_-16378,0.644,43.662,95.010,0,HumanControl(Clone)_-16890,,
0,23.00,Human,HumanControl(Clone)_-16410,17.634,49.215,92.212,0,HumanControl(Clone)_-16346,,
0,23.00,Human,HumanControl(Clone)_-16426,47.632,54.491,91.007,0,RobotControl(Clone)_-17182,,
0,23.00,Human,HumanControl(Clone)_-16442,49.958,53.109,76.593,1,HumanControl(Clone)_-16714,,
0,23.00,Human,HumanControl(Clone)_-16458,71.143,11.806,97.785,0,HumanControl(Clone)_-16810,,
0,23.00,Human,HumanControl(Clone)_-16474,70.168,11.369,97.881,0,HumanControl(Clone)_-16810,,
0,23.00,Human,HumanControl(Clone)_-16490,18.228,40.845,84.045,0,HumanControl(Clone)_-17114,,
0,23.00,Human,HumanControl(Clone)_-16506,37.014,47.505,94.842,0,HumanControl(Clone)_-16858,,
0,23.00,Human,HumanControl(Clone)_-16522,34.678,51.471,93.497,0,HumanControl(Clone)_-16858,,
0,23.00,Human,HumanControl(Clone)_-16538,33.067,8.571,95.080,0,HumanControl(Clone)_-16698,,
0,23.00,Human,HumanControl(Clone)_-16554,33.263,18.136,82.743,1,HumanControl(Clone)_-16698,,
0,23.00,Human,HumanControl(Clone)_-16570,7.139,8.155,98.863,0,,,
0,23.00,Human,HumanControl(Clone)_-16586,6.090,8.207,98.826,0,HumanControl(Clone)_-16570,,
0,23.00,Human,HumanControl(Clone)_-16602,27.777,14.983,93.701,0,HumanControl(Clone)_-16618,,
0,23.00,Human,HumanControl(Clone)_-16618,28.858,15.063,88.480,0,,,
0,23.00,Human,HumanControl(Clone)_-16634,24.389,15.976,90.459,1,HumanControl(Clone)_-16618,,
0,23.00,Human,HumanControl(Clone)_-16650,36.020,13.691,95.377,0,HumanControl(Clone)_-16666,,
0,23.00,Human,HumanControl(Clone)_-16666,32.367,13.060,96.566,0,HumanControl(Clone)_-16618,,
0,23.00,Human,HumanControl(Clone)_-16682,34.945,15.341,93.249,0,HumanControl(Clone)_-16666,,
0,23.00,Human,HumanControl(Clone)_-16698,24.134,13.756,90.577,0,HumanControl(Clone)_-16618,,
0,23.00,Human,HumanControl(Clone)_-16714,50.940,51.151,89.983,0,HumanControl(Clone)_-16426,,
0,23.00,Human,HumanControl(Clone)_-16730,36.060,49.250,93.384,0,HumanControl(Clone)_-16858,,
0,23.00,Human,HumanControl(Clone)_-16746,38.220,15.175,97.708,0,HumanControl(Clone)_-16618,,
0,23.00,Human,HumanControl(Clone)_-16762,33.407,6.902,97.078,0,HumanControl(Clone)_-16538,,
0,23.00,Human,HumanControl(Clone)_-16778,18.761,49.271,95.115,0,HumanControl(Clone)_-16346,,
0,23.00,Human,HumanControl(Clone)_-16794,34.473,7.084,98.949,0,HumanControl(Clone)_-16538,,
0,23.00,Human,HumanControl(Clone)_-16810,70.003,10.011,91.165,0,,,
0,23.00,Human,HumanControl(Clone)_-16826,37.233,9.873,90.083,0,HumanControl(Clone)_-16698,,
0,23.00,Human,HumanControl(Clone)_-16842,31.697,8.276,93.873,0,HumanControl(Clone)_-16554,,
0,23.00,Human,HumanControl(Clone)_-16858,35.721,45.883,95.296,0,RobotControl(Clone)_-17164,,
0,23.00,Human,HumanControl(Clone)_-16874,37.210,41.220,93.381,0,HumanControl(Clone)_-16730,,
0,23.00,Human,HumanControl(Clone)_-16890,1.556,44.862,99.067,0,,,
0,23.00,Human,HumanControl(Clone)_-16906,1.125,42.715,93.983,0,HumanControl(Clone)_-16890,,
0,23.00,Human,HumanControl(Clone)_-16954,16.504,38.470,96.234,0,HumanControl(Clone)_-16778,,
0,23.00,Human,HumanControl(Clone)_-16970,35.419,8.131,87.754,0,HumanControl(Clone)_-16554,,
0,23.00,Human,HumanControl(Clone)_-16986,37.055,16.611,99.402,0,HumanControl(Clone)_-16650,,
0,23.00,Human,HumanControl(Clone)_-17002,52.031,50.841,83.866,0,HumanControl(Clone)_-16426,,
0,23.00,Human,HumanControl(Clone)_-17018,36.563,15.380,97.711,0,HumanControl(Clone)_-16650,,
0,23.00,Human,HumanControl(Clone)_-17098,37.110,13.490,98.672,0,HumanControl(Clone)_-16650,,
0,23.00,Human,HumanControl(Clone)_-17114,15.965,50.120,97.118,0,HumanControl(Clone)_-16346,,
0,23.00,Human,HumanControl(Clone)_-17130,34.095,13.968,96.250,0,HumanControl(Clone)_-16698,,
0,23.50,Robot,RobotControl(Clone)_-17146,25.875,57.670,,,,,1
0,23.50,Robot,RobotControl(Clone)_-17164,36.177,54.612,,,,,1
0,23.50,Robot,RobotControl(Clone)_-17182,41.973,60.881,,,,,1
0,23.50,Human,HumanControl(Clone)_-16346,21.238,53.357,90.753,0,RobotControl(Clone)_-17146,,
0,23.50,Human,HumanControl(Clone)_-16378,1.806,44.252,94.068,0,HumanControl(Clone)_-16890,,
0,23.50,Human,HumanControl(Clone)_-16410,17.054,49.760,92.096,0,HumanControl(Clone)_-16346,,
0,23.50,Human,HumanControl(Clone)_-16426,45.876,56.569,90.966,0,RobotControl(Clone)_-17182,,
0,23.50,Human,HumanControl(Clone)_-16442,51.121,52.285,76.593,1,HumanControl(Clone)_-16714,,
0,23.50,Human,HumanControl(Clone)_-16458,69.775,11.900,97.409,0,HumanControl(Clone)_-16810,,
0,23.50,Human,HumanControl(Clone)_-16474,70.570,11.270,97.881,0,HumanControl(Clone)_-16810,,
0,23.50,Human,HumanControl(Clone)_-16490,19.300,47.596,84.045,0,HumanControl(Clone)_-17114,,
0,23.50,Human,HumanControl(Clone)_-16506,35.999,48.877,94.842,0,HumanControl(Clone)_-16858,,
0,23.50,Human,HumanControl(Clone)_-16522,33.743,49.018,93.151,0,HumanControl(Clone)_-16858,,
0,23.50,Human,HumanControl(Clone)_-16538,33.609,8.953,95.080,0,HumanControl(Clone)_-16698,,
0,23.50,Human,HumanControl(Clone)_-16554,26.413,15.561,82.061,1,HumanControl(Clone)_-16698,,
0,23.50,Human,HumanControl(Clone)_-16570,7.102,8.284,98.863,0,,,
0,23.50,Human,HumanControl(Clone)_-16586,6.142,7.771,98.826,0,HumanControl(Clone)_-16570,,
0,23.50,Human,HumanControl(Clone)_-16602,25.129,15.069,93.701,0,HumanControl(Clone)_-16618,,
0,23.50,Human,HumanControl(Clone)_-16618,28.617,15.014,88.480,0,,,
0,23.50,Human,HumanControl(Clone)_-16634,23.147,14.834,90.263,1,HumanControl(Clone)_-16618,,
0,23.50,Human,HumanControl(Clone)_-16650,36.235,11.102,94.571,0,HumanControl(Clone)_-16666,,
0,23.50,Human,HumanControl(Clone)_-16666,26.657,14.378,95.625,0,HumanControl(Clone)_-16618,,
0,23.50,Human,HumanControl(Clone)_-16682,34.922,13.206,93.249,0,HumanControl(Clone)_-16666,,
0,23.50,Human,HumanControl(Clone)_-16698,24.114,14.274,88.338,0,HumanControl(Clone)_-16618,,
0,23.50,Human,HumanControl(Clone)_-16714,49.915,52.133,89.843,0,HumanControl(Clone)_-16426,,
0,23.50,Human,HumanControl(Clone)_-16730,34.770,49.018,93.384,0,HumanControl(Clone)_-16858,,
0,23.50,Human,HumanControl(Clone)_-16746,36.639,15.370,97.708,0,HumanControl(Clone)_-16618,,
0,23.50,Human,HumanControl(Clone)_-16762,33.329,7.842,97.078,0,HumanControl(Clone)_-16538,,
0,23.50,Human,HumanControl(Clone)_-16778,18.043,50.010,94.086,0,HumanControl(Clone)_-16346,,
0,23.50,Human,HumanControl(Clone)_-16794,34.332,8.101,98.949,0,HumanControl(Clone)_-16538,,
0,23.50,Human,HumanControl(Clone)_-16810,69.804,9.715,90.630,0,,,
0,23.50,Human,HumanControl(Clone)_-16826,36.245,14.371,89.761,0,HumanControl(Clone)_-16698,,
0,23.50,Human,HumanControl(Clone)_-16842,31.666,8.302,93.873,0,HumanControl(Clone)_-16554,,
0,23.50,Human,HumanControl(Clone)_-16858,36.248,45.645,94.712,0,RobotControl(Clone)_-17164,,
0,23.50,Human,HumanControl(Clone)_-16874,36.952,41.849,93.381,0,HumanControl(Clone)_-16730,,
0,23.50,Human,HumanControl(Clone)_-16890,7.444,45.340,99.067,0,,,
0,23.50,Human,HumanControl(Clone)_-16906,2.805,44.293,93.893,0,HumanControl(Clone)_-16890,,
0,23.50,Human,HumanControl(Clone)_-16954,17.096,41.070,96.234,0,HumanControl(Clone)_-16778,,
0,23.50,Human,HumanControl(Clone)_-16970,34.602,12.214,87.754,0,HumanControl(Clone)_-16554,,
0,23.50,Human,HumanControl(Clone)_-16986,36.345,16.516,99.162,0,HumanControl(Clone)_-16650,,
0,23.50,Human,HumanControl(Clone)_-17002,51.902,50.995,83.866,0,HumanControl(Clone)_-16426,,
0,23.50,Human,HumanControl(Clone)_-17018,37.704,15.176,97.711,0,HumanControl(Clone)_-16650,,
0,23.50,Human,HumanControl(Clone)_-17098,37.412,13.683,98.672,0,HumanControl(Clone)_-16650,,
0,23.50,Human,HumanControl(Clone)_-17114,18.003,51.160,96.999,0,HumanControl(Clone)_-16346,,
0,23.50,Human,HumanControl(Clone)_-17130,32.531,13.743,96.158,0,HumanControl(Clone)_-16698,,
0,24.00,Robot,RobotControl(Clone)_-17146,26.726,58.468,,,,,1
0,24.00,Robot,RobotControl(Clone)_-17164,36.154,56.279,,,,,1
0,24.00,Robot,RobotControl(Clone)_-17182,40.828,62.090,,,,,1
0,24.00,Human,HumanControl(Clone)_-16346,22.211,54.268,89.372,0,RobotControl(Clone)_-17146,,
0,24.00,Human,HumanControl(Clone)_-16378,1.715,44.249,92.823,0,HumanControl(Clone)_-16890,,
0,24.00,Human,HumanControl(Clone)_-16410,17.854,50.354,90.425,0,HumanControl(Clone)_-16346,,
0,24.00,Human,HumanControl(Clone)_-16426,44.969,57.582,90.966,0,RobotControl(Clone)_-17182,,
0,24.00,Human,HumanControl(Clone)_-16442,51.222,52.571,76.593,1,HumanControl(Clone)_-16714,,
0,24.00,Human,HumanControl(Clone)_-16458,69.711,10.934,97.199,0,HumanControl(Clone)_-16810,,
0,24.00,Human,HumanControl(Clone)_-16474,70.689,11.328,97.881,0,HumanControl(Clone)_-16810,,
0,24.00,Human,HumanControl(Clone)_-16490,19.300,48.929,84.045,0,HumanControl(Clone)_-17114,,
0,24.00,Human,HumanControl(Clone)_-16506,34.785,48.568,94.842,0,HumanControl(Clone)_-16858,,
0,24.00,Human,HumanControl(Clone)_-16522,33.702,49.965,92.825,0,HumanControl(Clone)_-16858,,
0,24.00,Human,HumanControl(Clone)_-16538,35.441,13.129,95.080,0,HumanControl(Clone)_-16698,,
0,24.00,Human,HumanControl(Clone)_-16554,24.156,16.002,79.639,1,HumanControl(Clone)_-16698,,
0,24.00,Human,HumanControl(Clone)_-16570,7.136,8.292,98.863,0,,,
0,24.00,Human,HumanControl(Clone)_-16586,6.156,7.980,98.826,0,HumanControl(Clone)_-16570,,
0,24.00,Human,HumanControl(Clone)_-16602,26.041,15.015,93.701,0,HumanControl(Clone)_-16618,,
0,24.00,Human,HumanControl(Clone)_-16618,29.057,15.177,88.480,0,,,
0,24.00,Human,HumanControl(Clone)_-16634,24.724,15.117,90.263,1,HumanControl(Clone)_-16618,,
0,24.00,Human,HumanControl(Clone)_-16650,35.134,11.687,94.571,0,HumanControl(Clone)_-16666,,
0,24.00,Human,HumanControl(Clone)_-16666,26.755,14.308,95.625,0,HumanControl(Clone)_-16618,,
0,24.00,Human,HumanControl(Clone)_-16682,33.084,13.597,93.249,0,HumanControl(Clone)_-16666,,
0,24.00,Human,HumanControl(Clone)_-16698,25.292,13.960,87.315,0,HumanControl(Clone)_-16618,,
0,24.00,Human,HumanControl(Clone)_-16714,48.960,53.119,89.643,0,HumanControl(Clone)_-16426,,
0,24.00,Human,HumanControl(Clone)_-16730,34.633,47.519,93.384,0,HumanControl(Clone)_-16858,,
0,24.00,Human,HumanControl(Clone)_-16746,36.266,14.947,97.708,0,HumanControl(Clone)_-16618,,
0,24.00,Human,HumanControl(Clone)_-16762,33.067,7.654,97.078,0,HumanControl(Clone)_-16538,,
0,24.00,Human,HumanControl(Clone)_-16778,16.903,50.719,92.947,0,HumanControl(Clone)_-16346,,
0,24.00,Human,HumanControl(Clone)_-16794,34.635,8.235,98.949,0,HumanControl(Clone)_-16538,,
0,24.00,Human,HumanControl(Clone)_-16810,69.712,9.576,90.092,0,,,
0,24.00,Human,HumanControl(Clone)_-16826,34.927,14.630,89.301,0,HumanControl(Clone)_-16698,,
0,24.00,Human,HumanControl(Clone)_-16842,31.651,8.314,93.873,0,HumanControl(Clone)_-16554,,
0,24.00,Human,HumanControl(Clone)_-16858,36.279,47.009,94.456,0,RobotControl(Clone)_-17164,,
0,24.00,Human,HumanControl(Clone)_-16874,36.928,42.802,93.381,0,HumanControl(Clone)_-16730,,
0,24.00,Human,HumanControl(Clone)_-16890,7.283,43.995,99.067,0,,,
0,24.00,Human,HumanControl(Clone)_-16906,6.224,44.512,93.845,0,HumanControl(Clone)_-16890,,
0,24.00,Human,HumanControl(Clone)_-16954,17.215,42.398,96.234,0,HumanControl(Clone)_-16778,,
0,24.00,Human,HumanControl(Clone)_-16970,34.008,12.939,87.754,0,HumanControl(Clone)_-16554,,
0,24.00,Human,HumanControl(Clone)_-16986,36.777,15.883,99.162,0,HumanControl(Clone)_-16650,,
0,24.00,Human,HumanControl(Clone)_-17002,50.831,51.586,83.866,0,HumanControl(Clone)_-16426,,
0,24.00,Human,HumanControl(Clone)_-17018,38.126,14.081,97.025,0,HumanControl(Clone)_-16650,,
0,24.00,Human,HumanControl(Clone)_-17098,37.208,12.420,98.581,0,HumanControl(Clone)_-16650,,
0,24.00,Human,HumanControl(Clone)_-17114,19.204,49.955,96.999,0,HumanControl(Clone)_-16346,,
0,24.00,Human,HumanControl(Clone)_-17130,28.236,14.490,94.917,0,HumanControl(Clone)_-16698,,
0,24.50,Robot,RobotControl(Clone)_-17146,25.099,56.954,,,,,1
0,24.50,Robot,RobotControl(Clone)_-17164,36.153,56.391,,,,,1
0,24.50,Robot,RobotControl(Clone)_-17182,38.878,64.144,,,,,1
0,24.50,Human,HumanControl(Clone)_-16346,23.992,56.198,88.589,0,RobotControl(Clone)_-17146,,
0,24.50,Human,HumanControl(Clone)_-16378,6.847,43.659,91.641,0,HumanControl(Clone)_-16890,,
0,24.50,Human,HumanControl(Clone)_-16410,19.740,51.562,89.476,0,HumanControl(Clone)_-16346,,
0,24.50,Human,HumanControl(Clone)_-16426,43.155,59.553,90.966,0,RobotControl(Clone)_-17182,,
0,24.50,Human,HumanControl(Clone)_-16442,49.128,52.200,76.593,1,HumanControl(Clone)_-16714,,
0,24.50,Human,HumanControl(Clone)_-16458,69.338,10.680,97.199,0,HumanControl(Clone)_-16810,,
0,24.50,Human,HumanControl(Clone)_-16474,70.447,10.573,97.881,0,HumanControl(Clone)_-16810,,
0,24.50,Human,HumanControl(Clone)_-16490,18.601,49.264,84.045,0,HumanControl(Clone)_-17114,,
0,24.50,Human,HumanControl(Clone)_-16506,36.386,47.514,94.542,0,HumanControl(Clone)_-16858,,
0,24.50,Human,HumanControl(Clone)_-16522,35.119,47.815,92.782,0,HumanControl(Clone)_-16858,,
0,24.50,Human,HumanControl(Clone)_-16538,34.395,14.709,94.389,0,HumanControl(Clone)_-16698,,
0,24.50,Human,HumanControl(Clone)_-16554,24.478,14.662,79.437,1,HumanControl(Clone)_-16698,,
0,24.50,Human,HumanControl(Clone)_-16570,7.051,8.424,98.863,0,,,
0,24.50,Human,HumanControl(Clone)_-16586,7.328,7.440,98.826,0,HumanControl(Clone)_-16570,,
0,24.50,Human,HumanControl(Clone)_-16602,29.401,16.142,93.336,0,HumanControl(Clone)_-16618,,
0,24.50,Human,HumanControl(Clone)_-16618,28.995,15.167,88.480,0,,,
0,24.50,Human,HumanControl(Clone)_-16634,28.024,15.885,89.836,0,HumanControl(Clone)_-16618,,
0,24.50,Human,HumanControl(Clone)_-16650,32.958,13.164,93.877,0,HumanControl(Clone)_-16666,,
0,24.50,Human,HumanControl(Clone)_-16666,29.109,13.984,94.667,0,HumanControl(Clone)_-16618,,
0,24.50,Human,HumanControl(Clone)_-16682,26.792,14.703,93.189,0,HumanControl(Clone)_-16666,,
0,24.50,Human,HumanControl(Clone)_-16698,25.891,13.319,86.482,0,HumanControl(Clone)_-16618,,
0,24.50,Human,HumanControl(Clone)_-16714,47.168,55.119,89.299,0,HumanControl(Clone)_-16426,,
0,24.50,Human,HumanControl(Clone)_-16730,35.528,45.788,93.092,0,HumanControl(Clone)_-16858,,
0,24.50,Human,HumanControl(Clone)_-16746,33.439,15.063,97.708,0,HumanControl(Clone)_-16618,,
0,24.50,Human,HumanControl(Clone)_-16762,33.928,9.874,96.772,0,HumanControl(Clone)_-16538,,
0,24.50,Human,HumanControl(Clone)_-16778,18.620,52.589,91.213,0,HumanControl(Clone)_-16346,,
0,24.50,Human,HumanControl(Clone)_-16794,34.850,9.439,98.949,0,HumanControl(Clone)_-16538,,
0,24.50,Human,HumanControl(Clone)_-16810,69.582,9.426,89.854,0,,,
0,24.50,Human,HumanControl(Clone)_-16826,32.263,14.651,89.301,0,HumanControl(Clone)_-16698,,
0,24.50,Human,HumanControl(Clone)_-16842,32.854,8.881,93.873,0,HumanControl(Clone)_-16554,,
0,24.50,Human,HumanControl(Clone)_-16858,36.282,49.834,93.584,0,RobotControl(Clone)_-17164,,
0,24.50,Human,HumanControl(Clone)_-16874,36.594,48.794,93.381,0,HumanControl(Clone)_-16730,,
0,24.50,Human,HumanControl(Clone)_-16890,6.787,41.364,99.067,0,,,
0,24.50,Human,HumanControl(Clone)_-16906,7.069,44.975,93.845,0,HumanControl(Clone)_-16890,,
0,24.50,Human,HumanControl(Clone)_-16954,19.300,47.596,94.728,0,HumanControl(Clone)_-16778,,
0,24.50,Human,HumanControl(Clone)_-16970,28.191,14.426,87.333,0,HumanControl(Clone)_-16554,,
0,24.50,Human,HumanControl(Clone)_-16986,36.960,13.664,99.162,0,HumanControl(Clone)_-16650,,
0,24.50,Human,HumanControl(Clone)_-17002,49.250,53.408,83.539,0,HumanControl(Clone)_-16426,,
0,24.50,Human,HumanControl(Clone)_-17018,37.385,11.840,96.933,0,HumanControl(Clone)_-16650,,
0,24.50,Human,HumanControl(Clone)_-17098,36.346,11.429,98.581,0,HumanControl(Clone)_-16650,,
0,24.50,Human,HumanControl(Clone)_-17114,21.413,51.643,96.999,0,HumanControl(Clone)_-16346,,
0,24.50,Human,HumanControl(Clone)_-17130,25.806,14.538,94.705,0,HumanControl(Clone)_-16698,,
0,25.00,Robot,RobotControl(Clone)_-17146,25.868,57.677,,,,,1
0,25.00,Robot,RobotControl(Clone)_-17164,36.169,55.225,,,,,1
0,25.00,Robot,RobotControl(Clone)_-17182,39.595,63.368,,,,,1
0,25.00,Human,HumanControl(Clone)_-16346,25.131,56.795,87.732,0,RobotControl(Clone)_-17146,,
0,25.00,Human,HumanControl(Clone)_-16378,6.967,43.435,91.641,0,HumanControl(Clone)_-16890,,
0,25.00,Human,HumanControl(Clone)_-16410,20.685,52.392,88.438,0,HumanControl(Clone)_-16346,,
0,25.00,Human,HumanControl(Clone)_-16426,42.236,60.527,90.966,0,RobotControl(Clone)_-17182,,
0,25.00,Human,HumanControl(Clone)_-16442,48.027,53.616,76.259,1,HumanControl(Clone)_-16714,,
0,25.00,Human,HumanControl(Clone)_-16458,69.013,9.443,97.199,0,HumanControl(Clone)_-16810,,
0,25.00,Human,HumanControl(Clone)_-16474,72.713,9.708,97.708,0,HumanControl(Clone)_-16810,,
0,25.00,Human,HumanControl(Clone)_-16490,19.991,49.586,82.581,0,HumanControl(Clone)_-17114,,
0,25.00,Human,HumanControl(Clone)_-16506,36.475,47.671,93.275,0,HumanControl(Clone)_-16858,,
0,25.00,Human,HumanControl(Clone)_-16522,35.945,46.755,92.782,0,HumanControl(Clone)_-16858,,
0,25.00,Human,HumanControl(Clone)_-16538,33.102,14.746,94.389,0,HumanControl(Clone)_-16698,,
0,25.00,Human,HumanControl(Clone)_-16554,23.301,14.077,78.514,0,HumanControl(Clone)_-16698,,
0,25.00,Human,HumanControl(Clone)_-16570,7.056,8.485,98.863,0,,,
0,25.00,Human,HumanControl(Clone)_-16586,7.724,7.693,98.826,0,HumanControl(Clone)_-16570,,
0,25.00,Human,HumanControl(Clone)_-16602,27.825,16.227,92.259,0,HumanControl(Clone)_-16618,,
0,25.00,Human,HumanControl(Clone)_-16618,30.000,15.187,88.480,0,,,
0,25.00,Human,HumanControl(Clone)_-16634,29.010,16.070,89.226,0,HumanControl(Clone)_-16618,,
0,25.00,Human,HumanControl(Clone)_-16650,28.478,14.046,92.967,0,HumanControl(Clone)_-16666,,
0,25.00,Human,HumanControl(Clone)_-16666,29.994,13.950,94.022,0,HumanControl(Clone)_-16618,,
0,25.00,Human,HumanControl(Clone)_-16682,26.709,12.691,93.096,0,HumanControl(Clone)_-16666,,
0,25.00,Human,HumanControl(Clone)_-16698,27.722,12.895,86.482,0,HumanControl(Clone)_-16618,,
0,25.00,Human,HumanControl(Clone)_-16714,46.280,56.126,88.992,0,HumanControl(Clone)_-16426,,
0,25.00,Human,HumanControl(Clone)_-16730,36.735,46.086,92.674,0,HumanControl(Clone)_-16858,,
0,25.00,Human,HumanControl(Clone)_-16746,32.086,15.221,97.708,0,HumanControl(Clone)_-16618,,
0,25.00,Human,HumanControl(Clone)_-16762,34.847,9.888,96.334,0,HumanControl(Clone)_-16538,,
0,25.00,Human,HumanControl(Clone)_-16778,19.598,53.373,91.213,0,HumanControl(Clone)_-16346,,
0,25.00,Human,HumanControl(Clone)_-16794,35.514,13.237,98.949,0,HumanControl(Clone)_-16538,,
0,25.00,Human,HumanControl(Clone)_-16810,71.371,10.283,89.723,0,,,
0,25.00,Human,HumanControl(Clone)_-16826,28.152,15.144,89.301,0,HumanControl(Clone)_-16698,,
0,25.00,Human,HumanControl(Clone)_-16842,33.657,8.309,93.873,0,HumanControl(Clone)_-16554,,
0,25.00,Human,HumanControl(Clone)_-16858,36.408,51.177,93.366,0,RobotControl(Clone)_-17164,,
0,25.00,Human,HumanControl(Clone)_-16874,36.378,48.929,93.381,0,HumanControl(Clone)_-16730,,
0,25.00,Human,HumanControl(Clone)_-16890,6.536,40.050,99.067,0,,,
0,25.00,Human,HumanControl(Clone)_-16906,6.468,44.366,92.659,0,HumanControl(Clone)_-16890,,
0,25.00,Human,HumanControl(Clone)_-16954,19.227,48.861,94.728,0,HumanControl(Clone)_-16778,,
0,25.00,Human,HumanControl(Clone)_-16970,27.159,14.696,86.730,0,HumanControl(Clone)_-16554,,
0,25.00,Human,HumanControl(Clone)_-16986,36.296,12.516,99.162,0,HumanControl(Clone)_-16650,,
0,25.00,Human,HumanControl(Clone)_-17002,48.436,54.589,83.495,0,HumanControl(Clone)_-16426,,
0,25.00,Human,HumanControl(Clone)_-17018,36.170,11.419,96.933,0,HumanControl(Clone)_-16650,,
0,25.00,Human,HumanControl(Clone)_-17098,35.126,11.113,98.581,0,HumanControl(Clone)_-16650,,
0,25.00,Human,HumanControl(Clone)_-17114,22.289,52.667,96.999,0,HumanControl(Clone)_-16346,,
0,25.00,Human,HumanControl(Clone)_-17130,24.349,14.189,94.499,0,HumanControl(Clone)_-16698,,
0,25.50,Robot,RobotControl(Clone)_-17146,28.301,59.955,,,,,1
0,25.50,Robot,RobotControl(Clone)_-17164,36.262,52.894,,,,,1
0,25.50,Robot,RobotControl(Clone)_-17182,41.527,61.296,,,,,0
0,25.50,Human,HumanControl(Clone)_-16346,25.128,57.005,87.732,0,RobotControl(Clone)_-17146,,
0,25.50,Human,HumanControl(Clone)_-16378,6.454,40.772,91.641,0,HumanControl(Clone)_-16890,,
0,25.50,Human,HumanControl(Clone)_-16410,22.336,54.230,87.824,0,HumanControl(Clone)_-16346,,
0,25.50,Human,HumanControl(Clone)_-16426,40.607,62.445,90.966,0,,,
0,25.50,Human,HumanControl(Clone)_-16442,45.835,56.246,76.066,1,HumanControl(Clone)_-16714,,
0,25.50,Human,HumanControl(Clone)_-16458,71.218,9.070,97.199,0,HumanControl(Clone)_-16810,,
0,25.50,Human,HumanControl(Clone)_-16474,73.324,10.747,97.557,0,HumanControl(Clone)_-16810,,
0,25.50,Human,HumanControl(Clone)_-16490,22.121,51.212,82.388,0,HumanControl(Clone)_-17114,,
0,25.50,Human,HumanControl(Clone)_-16506,36.314,49.814,93.017,0,HumanControl(Clone)_-16858,,
0,25.50,Human,HumanControl(Clone)_-16522,37.624,49.002,92.782,0,HumanControl(Clone)_-16858,,
0,25.50,Human,HumanControl(Clone)_-16538,26.251,14.589,94.144,0,HumanControl(Clone)_-16698,,
0,25.50,Human,HumanControl(Clone)_-16554,23.403,13.717,77.888,0,HumanControl(Clone)_-16698,,
0,25.50,Human,HumanControl(Clone)_-16570,6.875,8.264,98.863,0,,,
0,25.50,Human,HumanControl(Clone)_-16586,7.597,8.993,98.826,0,HumanControl(Clone)_-16570,,
0,25.50,Human,HumanControl(Clone)_-16602,27.814,17.159,91.828,0,HumanControl(Clone)_-16618,,
0,25.50,Human,HumanControl(Clone)_-16618,28.610,14.948,88.480,0,,,
0,25.50,Human,HumanControl(Clone)_-16634,29.991,16.238,88.925,0,HumanControl(Clone)_-16618,,
0,25.50,Human,HumanControl(Clone)_-16650,27.995,12.904,92.845,0,HumanControl(Clone)_-16666,,
0,25.50,Human,HumanControl(Clone)_-16666,29.804,14.867,93.936,0,HumanControl(Clone)_-16618,,
0,25.50,Human,HumanControl(Clone)_-16682,29.326,11.382,92.369,0,HumanControl(Clone)_-16666,,
0,25.50,Human,HumanControl(Clone)_-16698,29.642,13.123,86.482,0,HumanControl(Clone)_-16618,,
0,25.50,Human,HumanControl(Clone)_-16714,44.680,58.224,88.950,0,HumanControl(Clone)_-16426,,
0,25.50,Human,HumanControl(Clone)_-16730,37.874,47.106,92.368,0,HumanControl(Clone)_-16858,,
0,25.50,Human,HumanControl(Clone)_-16746,26.731,15.899,97.276,0,HumanControl(Clone)_-16618,,
0,25.50,Human,HumanControl(Clone)_-16762,36.530,15.136,96.242,0,HumanControl(Clone)_-16538,,
0,25.50,Human,HumanControl(Clone)_-16778,21.670,55.004,91.213,0,HumanControl(Clone)_-16346,,
0,25.50,Human,HumanControl(Clone)_-16794,34.762,15.858,98.949,0,HumanControl(Clone)_-16538,,
0,25.50,Human,HumanControl(Clone)_-16810,70.925,11.336,89.723,0,,,
0,25.50,Human,HumanControl(Clone)_-16826,26.781,13.732,89.301,0,HumanControl(Clone)_-16698,,
0,25.50,Human,HumanControl(Clone)_-16842,35.773,12.913,93.873,0,HumanControl(Clone)_-16554,,
0,25.50,Human,HumanControl(Clone)_-16858,36.773,53.796,93.366,0,RobotControl(Clone)_-17164,,
0,25.50,Human,HumanControl(Clone)_-16874,34.545,49.627,93.381,0,HumanControl(Clone)_-16730,,
0,25.50,Human,HumanControl(Clone)_-16890,6.035,37.428,99.067,0,,,
0,25.50,Human,HumanControl(Clone)_-16906,6.170,41.752,91.605,0,HumanControl(Clone)_-16890,,
0,25.50,Human,HumanControl(Clone)_-16954,18.678,51.437,94.728,0,HumanControl(Clone)_-16778,,
0,25.50,Human,HumanControl(Clone)_-16970,24.576,15.213,86.730,0,HumanControl(Clone)_-16554,,
0,25.50,Human,HumanControl(Clone)_-16986,33.148,15.217,99.162,0,HumanControl(Clone)_-16650,,
0,25.50,Human,HumanControl(Clone)_-17002,46.794,56.593,83.167,0,HumanControl(Clone)_-16426,,
0,25.50,Human,HumanControl(Clone)_-17018,34.538,13.833,96.933,0,HumanControl(Clone)_-16650,,
0,25.50,Human,HumanControl(Clone)_-17098,35.744,11.100,98.581,0,HumanControl(Clone)_-16650,,
0,25.50,Human,HumanControl(Clone)_-17114,23.374,55.114,96.999,0,HumanControl(Clone)_-16346,,
0,25.50,Human,HumanControl(Clone)_-17130,24.549,13.997,92.653,0,HumanControl(Clone)_-16698,,
0,26.00,Robot,RobotControl(Clone)_-17146,29.517,61.095,,,,,1
0,26.00,Robot,RobotControl(Clone)_-17164,36.281,51.895,,,,,1
0,26.00,Robot,RobotControl(Clone)_-17182,41.144,61.698,,,,,0
0,26.00,Human,HumanControl(Clone)_-16346,26.102,57.915,86.552,0,RobotControl(Clone)_-17146,,
0,26.00,Human,HumanControl(Clone)_-16378,6.151,39.416,91.641,0,HumanControl(Clone)_-16890,,
0,26.00,Human,HumanControl(Clone)_-16410,23.104,55.044,86.947,0,HumanControl(Clone)_-16346,,
0,26.00,Human,HumanControl(Clone)_-16426,40.224,62.537,90.966,0,,,
0,26.00,Human,HumanControl(Clone)_-16442,45.787,56.226,75.532,1,HumanControl(Clone)_-16714,,
0,26.00,Human,HumanControl(Clone)_-16458,71.984,10.127,96.875,0,HumanControl(Clone)_-16810,,
0,26.00,Human,HumanControl(Clone)_-16474,72.893,11.540,97.557,0,HumanControl(Clone)_-16810,,
0,26.00,Human,HumanControl(Clone)_-16490,22.761,52.401,82.388,0,HumanControl(Clone)_-17114,,
0,26.00,Human,HumanControl(Clone)_-16506,36.689,50.912,92.797,0,HumanControl(Clone)_-16858,,
0,26.00,Human,HumanControl(Clone)_-16522,37.647,50.379,92.452,0,HumanControl(Clone)_-16858,,
0,26.00,Human,HumanControl(Clone)_-16538,26.355,13.551,93.104,0,HumanControl(Clone)_-16698,,
0,26.00,Human,HumanControl(Clone)_-16554,24.131,13.347,77.888,0,HumanControl(Clone)_-16698,,
0,26.00,Human,HumanControl(Clone)_-16570,6.811,8.246,98.863,0,,,
0,26.00,Human,HumanControl(Clone)_-16586,7.320,9.153,98.826,0,HumanControl(Clone)_-16570,,
0,26.00,Human,HumanControl(Clone)_-16602,29.148,17.570,91.828,0,HumanControl(Clone)_-16618,,
0,26.00,Human,HumanControl(Clone)_-16618,27.444,15.013,88.480,0,,,
0,26.00,Human,HumanControl(Clone)_-16634,29.977,15.866,88.495,0,HumanControl(Clone)_-16618,,
0,26.00,Human,HumanControl(Clone)_-16650,27.385,12.568,92.662,0,HumanControl(Clone)_-16666,,
0,26.00,Human,HumanControl(Clone)_-16666,28.359,14.486,93.874,0,HumanControl(Clone)_-16618,,
0,26.00,Human,HumanControl(Clone)_-16682,29.953,12.079,91.729,0,HumanControl(Clone)_-16666,,
0,26.00,Human,HumanControl(Clone)_-16698,29.969,13.586,86.353,0,HumanControl(Clone)_-16618,,
0,26.00,Human,HumanControl(Clone)_-16714,43.936,59.287,88.950,0,HumanControl(Clone)_-16426,,
0,26.00,Human,HumanControl(Clone)_-16730,37.967,47.796,91.615,0,HumanControl(Clone)_-16858,,
0,26.00,Human,HumanControl(Clone)_-16746,26.634,15.768,97.214,0,HumanControl(Clone)_-16618,,
0,26.00,Human,HumanControl(Clone)_-16762,35.490,15.817,96.242,0,HumanControl(Clone)_-16538,,
0,26.00,Human,HumanControl(Clone)_-16778,22.596,55.978,91.213,0,HumanControl(Clone)_-16346,,
0,26.00,Human,HumanControl(Clone)_-16794,33.515,16.255,98.588,0,HumanControl(Clone)_-16538,,
0,26.00,Human,HumanControl(Clone)_-16810,66.085,11.073,89.723,0,,,
0,26.00,Human,HumanControl(Clone)_-16826,26.301,12.459,88.823,0,HumanControl(Clone)_-16698,,
0,26.00,Human,HumanControl(Clone)_-16842,35.743,13.861,93.184,0,HumanControl(Clone)_-16554,,
0,26.00,Human,HumanControl(Clone)_-16858,36.007,53.865,93.042,0,RobotControl(Clone)_-17164,,
0,26.00,Human,HumanControl(Clone)_-16874,34.663,48.894,93.199,0,HumanControl(Clone)_-16730,,
0,26.00,Human,HumanControl(Clone)_-16890,5.785,36.118,98.769,0,,,
0,26.00,Human,HumanControl(Clone)_-16906,6.135,40.468,89.252,0,HumanControl(Clone)_-16890,,
0,26.00,Human,HumanControl(Clone)_-16954,19.121,52.681,94.728,0,HumanControl(Clone)_-16778,,
0,26.00,Human,HumanControl(Clone)_-16970,23.274,15.150,86.730,0,HumanControl(Clone)_-16554,,
0,26.00,Human,HumanControl(Clone)_-16986,28.325,16.737,98.725,0,HumanControl(Clone)_-16650,,
0,26.00,Human,HumanControl(Clone)_-17002,45.974,57.556,82.844,0,HumanControl(Clone)_-16426,,
0,26.00,Human,HumanControl(Clone)_-17018,33.301,15.036,96.933,0,HumanControl(Clone)_-16650,,
0,26.00,Human,HumanControl(Clone)_-17098,35.190,11.669,98.581,0,HumanControl(Clone)_-16650,,
0,26.00,Human,HumanControl(Clone)_-17114,23.902,56.343,95.808,0,HumanControl(Clone)_-16346,,
0,26.00,Human,HumanControl(Clone)_-17130,25.255,13.542,91.834,0,HumanControl(Clone)_-16698,,
0,26.50,Robot,RobotControl(Clone)_-17146,31.950,63.373,,,,,1
0,26.50,Robot,RobotControl(Clone)_-17164,36.191,54.574,,,,,1
0,26.50,Robot,RobotControl(Clone)_-17182,42.726,61.175,,,,,0
0,26.50,Human,HumanControl(Clone)_-16346,28.049,59.737,86.064,0,RobotControl(Clone)_-17146,,
0,26.50,Human,HumanControl(Clone)_-16378,5.595,36.777,91.317,0,HumanControl(Clone)_-16890,,
0,26.50,Human,HumanControl(Clone)_-16410,25.071,56.463,85.692,0,HumanControl(Clone)_-16346,,
0,26.50,Human,HumanControl(Clone)_-16426,38.393,64.477,90.822,0,,,
0,26.50,Human,HumanControl(Clone)_-16442,44.329,58.828,75.489,1,HumanControl(Clone)_-16714,,
0,26.50,Human,HumanControl(Clone)_-16458,70.589,11.474,96.832,0,HumanControl(Clone)_-16810,,
0,26.50,Human,HumanControl(Clone)_-16474,71.108,12.368,97.219,0,HumanControl(Clone)_-16810,,
0,26.50,Human,HumanControl(Clone)_-16490,23.484,54.968,82.388,0,HumanControl(Clone)_-17114,,
0,26.50,Human,HumanControl(Clone)_-16506,36.629,53.635,92.797,0,HumanControl(Clone)_-16858,,
0,26.50,Human,HumanControl(Clone)_-16522,36.903,52.342,92.408,0,HumanControl(Clone)_-16858,,
0,26.50,Human,HumanControl(Clone)_-16538,27.948,12.772,92.915,0,HumanControl(Clone)_-16698,,
0,26.50,Human,HumanControl(Clone)_-16554,26.041,13.060,77.888,0,HumanControl(Clone)_-16698,,
0,26.50,Human,HumanControl(Clone)_-16570,7.039,8.158,98.863,0,,,
0,26.50,Human,HumanControl(Clone)_-16586,6.114,8.601,98.826,0,HumanControl(Clone)_-16570,,
0,26.50,Human,HumanControl(Clone)_-16602,30.002,16.383,91.828,0,HumanControl(Clone)_-16618,,
0,26.50,Human,HumanControl(Clone)_-16618,27.262,16.602,87.971,0,,,
0,26.50,Human,HumanControl(Clone)_-16634,29.193,15.460,88.495,0,HumanControl(Clone)_-16618,,
0,26.50,Human,HumanControl(Clone)_-16650,28.910,13.141,92.662,0,HumanControl(Clone)_-16666,,
0,26.50,Human,HumanControl(Clone)_-16666,26.497,14.205,93.750,0,HumanControl(Clone)_-16618,,
0,26.50,Human,HumanControl(Clone)_-16682,29.996,13.258,91.644,0,HumanControl(Clone)_-16666,,
0,26.50,Human,HumanControl(Clone)_-16698,28.914,14.487,86.353,0,HumanControl(Clone)_-16618,,
0,26.50,Human,HumanControl(Clone)_-16714,41.739,60.936,88.950,0,,,
0,26.50,Human,HumanControl(Clone)_-16730,37.381,50.040,91.515,0,HumanControl(Clone)_-16858,,
0,26.50,Human,HumanControl(Clone)_-16746,27.777,14.103,96.777,0,HumanControl(Clone)_-16618,,
0,26.50,Human,HumanControl(Clone)_-16762,33.579,15.853,95.881,0,HumanControl(Clone)_-16538,,
0,26.50,Human,HumanControl(Clone)_-16778,24.885,57.465,91.213,0,HumanControl(Clone)_-16346,,
0,26.50,Human,HumanControl(Clone)_-16794,27.925,15.822,97.377,0,HumanControl(Clone)_-16538,,
0,26.50,Human,HumanControl(Clone)_-16810,65.010,12.474,89.723,0,,,
0,26.50,Human,HumanControl(Clone)_-16826,27.953,11.709,88.071,0,HumanControl(Clone)_-16698,,
0,26.50,Human,HumanControl(Clone)_-16842,33.444,14.628,93.092,0,HumanControl(Clone)_-16554,,
0,26.50,Human,HumanControl(Clone)_-16858,35.583,52.862,92.653,0,RobotControl(Clone)_-17164,,
0,26.50,Human,HumanControl(Clone)_-16874,36.460,47.408,92.986,0,HumanControl(Clone)_-16730,,
0,26.50,Human,HumanControl(Clone)_-16890,5.286,33.498,98.729,0,,,
0,26.50,Human,HumanControl(Clone)_-16906,5.857,37.842,88.963,0,HumanControl(Clone)_-16890,,
0,26.50,Human,HumanControl(Clone)_-16954,20.899,54.658,93.174,0,HumanControl(Clone)_-16778,,
0,26.50,Human,HumanControl(Clone)_-16970,23.754,14.186,84.373,0,HumanControl(Clone)_-16554,,
0,26.50,Human,HumanControl(Clone)_-16986,25.988,17.037,98.725,0,HumanControl(Clone)_-16650,,
0,26.50,Human,HumanControl(Clone)_-17002,43.792,59.689,82.672,0,HumanControl(Clone)_-16426,,
0,26.50,Human,HumanControl(Clone)_-17018,31.203,15.159,96.933,0,HumanControl(Clone)_-16650,,
0,26.50,Human,HumanControl(Clone)_-17098,33.164,13.188,97.889,0,HumanControl(Clone)_-16650,,
0,26.50,Human,HumanControl(Clone)_-17114,25.893,58.075,95.107,0,HumanControl(Clone)_-16346,,
0,26.50,Human,HumanControl(Clone)_-17130,27.043,13.197,91.772,0,HumanControl(Clone)_-16698,,
0,27.00,Robot,RobotControl(Clone)_-17146,33.167,64.513,,,,,0
0,27.00,Robot,RobotControl(Clone)_-17164,36.142,56.215,,,,,1
0,27.00,Robot,RobotControl(Clone)_-17182,44.695,60.485,,,,,0
0,27.00,Human,HumanControl(Clone)_-16346,29.022,60.648,85.591,0,,,
0,27.00,Human,HumanControl(Clone)_-16378,5.381,35.446,91.317,0,HumanControl(Clone)_-16890,,
0,27.00,Human,HumanControl(Clone)_-16410,25.911,57.165,85.692,0,HumanControl(Clone)_-16346,,
0,27.00,Human,HumanControl(Clone)_-16426,37.504,65.470,90.618,0,,,
0,27.00,Human,HumanControl(Clone)_-16442,43.506,60.057,75.160,1,HumanControl(Clone)_-16714,,
0,27.00,Human,HumanControl(Clone)_-16458,65.803,10.980,96.832,0,HumanControl(Clone)_-16810,,
0,27.00,Human,HumanControl(Clone)_-16474,70.296,12.252,96.890,0,HumanControl(Clone)_-16810,,
0,27.00,Human,HumanControl(Clone)_-16490,23.807,56.265,81.250,0,HumanControl(Clone)_-17114,,
0,27.00,Human,HumanControl(Clone)_-16506,36.021,53.569,92.470,0,HumanControl(Clone)_-16858,,
0,27.00,Human,HumanControl(Clone)_-16522,37.095,53.523,92.408,0,HumanControl(Clone)_-16858,,
0,27.00,Human,HumanControl(Clone)_-16538,28.396,12.729,92.915,0,HumanControl(Clone)_-16698,,
0,27.00,Human,HumanControl(Clone)_-16554,26.119,13.311,77.888,0,HumanControl(Clone)_-16698,,
0,27.00,Human,HumanControl(Clone)_-16570,7.082,8.111,98.863,0,,,
0,27.00,Human,HumanControl(Clone)_-16586,6.063,8.334,98.826,0,HumanControl(Clone)_-16570,,
0,27.00,Human,HumanControl(Clone)_-16602,28.744,17.273,91.828,0,HumanControl(Clone)_-16618,,
0,27.00,Human,HumanControl(Clone)_-16618,27.382,16.755,87.781,0,,,
0,27.00,Human,HumanControl(Clone)_-16634,28.570,16.013,87.795,0,HumanControl(Clone)_-16618,,
0,27.00,Human,HumanControl(Clone)_-16650,26.639,11.976,92.662,0,HumanControl(Clone)_-16666,,
0,27.00,Human,HumanControl(Clone)_-16666,25.390,15.624,91.835,0,HumanControl(Clone)_-16618,,
0,27.00,Human,HumanControl(Clone)_-16682,30.000,12.700,91.644,0,HumanControl(Clone)_-16666,,
0,27.00,Human,HumanControl(Clone)_-16698,27.634,15.433,86.353,0,HumanControl(Clone)_-16618,,
0,27.00,Human,HumanControl(Clone)_-16714,40.656,61.766,88.950,0,,,
0,27.00,Human,HumanControl(Clone)_-16730,37.219,51.220,91.515,0,HumanControl(Clone)_-16858,,
0,27.00,Human,HumanControl(Clone)_-16746,26.530,14.534,96.154,0,HumanControl(Clone)_-16618,,
0,27.00,Human,HumanControl(Clone)_-16762,32.483,15.622,94.683,0,HumanControl(Clone)_-16538,,
0,27.00,Human,HumanControl(Clone)_-16778,26.064,58.218,90.063,0,HumanControl(Clone)_-16346,,
0,27.00,Human,HumanControl(Clone)_-16794,26.390,16.577,95.781,0,HumanControl(Clone)_-16538,,
0,27.00,Human,HumanControl(Clone)_-16810,65.176,13.839,89.723,0,,,
0,27.00,Human,HumanControl(Clone)_-16826,28.338,11.335,87.382,0,HumanControl(Clone)_-16698,,
0,27.00,Human,HumanControl(Clone)_-16842,28.289,14.581,93.092,0,HumanControl(Clone)_-16554,,
0,27.00,Human,HumanControl(Clone)_-16858,35.097,52.339,92.653,0,RobotControl(Clone)_-17164,,
0,27.00,Human,HumanControl(Clone)_-16874,37.681,47.433,92.986,0,HumanControl(Clone)_-16730,,
0,27.00,Human,HumanControl(Clone)_-16890,5.036,32.188,98.729,0,,,
0,27.00,Human,HumanControl(Clone)_-16906,5.635,36.539,88.760,0,HumanControl(Clone)_-16890,,
0,27.00,Human,HumanControl(Clone)_-16954,21.907,55.526,91.920,0,HumanControl(Clone)_-16778,,
0,27.00,Human,HumanControl(Clone)_-16970,24.847,13.434,83.348,0,HumanControl(Clone)_-16554,,
0,27.00,Human,HumanControl(Clone)_-16986,24.526,16.788,98.725,0,HumanControl(Clone)_-16650,,
0,27.00,Human,HumanControl(Clone)_-17002,42.528,60.503,82.455,0,,,
0,27.00,Human,HumanControl(Clone)_-17018,31.249,14.879,96.933,0,HumanControl(Clone)_-16650,,
0,27.00,Human,HumanControl(Clone)_-17098,32.142,13.762,97.238,0,HumanControl(Clone)_-16650,,
0,27.00,Human,HumanControl(Clone)_-17114,27.098,58.662,94.333,0,HumanControl(Clone)_-16346,,
0,27.00,Human,HumanControl(Clone)_-17130,27.491,13.199,91.772,0,HumanControl(Clone)_-16698,,
0,27.50,Robot,RobotControl(Clone)_-17146,35.101,65.821,,,,,0
0,27.50,Robot,RobotControl(Clone)_-17164,36.086,59.536,,,,,1
0,27.50,Robot,RobotControl(Clone)_-17182,46.233,59.844,,,,,0
0,27.50,Human,HumanControl(Clone)_-16346,30.970,62.469,85.265,0,,,
0,27.50,Human,HumanControl(Clone)_-16378,4.942,32.809,91.317,0,HumanControl(Clone)_-16890,,
0,27.50,Human,HumanControl(Clone)_-16410,27.595,59.025,85.692,0,HumanControl(Clone)_-16346,,
0,27.50,Human,HumanControl(Clone)_-16442,41.018,61.785,75.116,1,,,
0,27.50,Human,HumanControl(Clone)_-16458,64.490,12.295,96.554,0,HumanControl(Clone)_-16810,,
0,27.50,Human,HumanControl(Clone)_-16474,64.533,11.018,96.846,0,HumanControl(Clone)_-16810,,
0,27.50,Human,HumanControl(Clone)_-16490,25.613,58.150,80.563,0,HumanControl(Clone)_-17114,,
0,27.50,Human,HumanControl(Clone)_-16506,36.108,53.315,92.056,0,HumanControl(Clone)_-16858,,
0,27.50,Human,HumanControl(Clone)_-16522,35.793,54.267,92.255,0,HumanControl(Clone)_-16858,,
0,27.50,Human,HumanControl(Clone)_-16538,28.773,14.404,92.915,0,HumanControl(Clone)_-16698,,
0,27.50,Human,HumanControl(Clone)_-16554,27.721,14.267,77.571,0,HumanControl(Clone)_-16698,,
0,27.50,Human,HumanControl(Clone)_-16570,7.091,8.357,98.863,0,,,
0,27.50,Human,HumanControl(Clone)_-16586,6.972,7.339,98.826,0,HumanControl(Clone)_-16570,,
0,27.50,Human,HumanControl(Clone)_-16602,26.646,18.902,91.523,0,HumanControl(Clone)_-16618,,
0,27.50,Human,HumanControl(Clone)_-16618,30.000,17.683,87.351,0,,,
0,27.50,Human,HumanControl(Clone)_-16634,28.637,18.337,87.395,0,HumanControl(Clone)_-16618,,
0,27.50,Human,HumanControl(Clone)_-16650,24.224,13.055,92.662,0,HumanControl(Clone)_-16666,,
0,27.50,Human,HumanControl(Clone)_-16666,25.749,16.975,91.835,0,HumanControl(Clone)_-16618,,
0,27.50,Human,HumanControl(Clone)_-16682,27.332,13.122,91.644,0,HumanControl(Clone)_-16666,,
0,27.50,Human,HumanControl(Clone)_-16698,26.451,17.696,85.641,0,HumanControl(Clone)_-16618,,
0,27.50,Human,HumanControl(Clone)_-16714,38.854,63.754,88.950,0,,,
0,27.50,Human,HumanControl(Clone)_-16730,35.572,52.030,91.404,0,HumanControl(Clone)_-16858,,
0,27.50,Human,HumanControl(Clone)_-16746,23.127,14.810,95.437,0,HumanControl(Clone)_-16618,,
0,27.50,Human,HumanControl(Clone)_-16762,27.002,16.143,93.571,0,HumanControl(Clone)_-16538,,
0,27.50,Human,HumanControl(Clone)_-16778,28.250,59.826,89.578,0,HumanControl(Clone)_-16346,,
0,27.50,Human,HumanControl(Clone)_-16794,24.647,14.984,94.912,0,HumanControl(Clone)_-16538,,
0,27.50,Human,HumanControl(Clone)_-16810,65.313,16.519,89.723,0,,,
0,27.50,Human,HumanControl(Clone)_-16826,28.318,12.884,87.382,0,HumanControl(Clone)_-16698,,
0,27.50,Human,HumanControl(Clone)_-16842,25.668,14.737,93.092,0,HumanControl(Clone)_-16554,,
0,27.50,Human,HumanControl(Clone)_-16858,36.882,54.762,92.632,0,RobotControl(Clone)_-17164,,
0,27.50,Human,HumanControl(Clone)_-16874,37.751,50.003,92.830,0,HumanControl(Clone)_-16730,,
0,27.50,Human,HumanControl(Clone)_-16890,4.537,29.568,98.729,0,,,
0,27.50,Human,HumanControl(Clone)_-16906,5.136,33.925,88.760,0,HumanControl(Clone)_-16890,,
0,27.50,Human,HumanControl(Clone)_-16954,24.148,56.966,91.754,0,HumanControl(Clone)_-16778,,
0,27.50,Human,HumanControl(Clone)_-16970,25.892,13.568,81.128,0,HumanControl(Clone)_-16554,,
0,27.50,Human,HumanControl(Clone)_-16986,24.697,15.984,97.087,0,HumanControl(Clone)_-16650,,
0,27.50,Human,HumanControl(Clone)_-17002,40.289,62.496,82.305,0,,,
0,27.50,Human,HumanControl(Clone)_-17018,31.206,13.098,96.933,0,HumanControl(Clone)_-16650,,
0,27.50,Human,HumanControl(Clone)_-17098,33.171,16.025,97.151,0,HumanControl(Clone)_-16650,,
0,27.50,Human,HumanControl(Clone)_-17114,29.087,60.415,94.333,0,HumanControl(Clone)_-16346,,
0,27.50,Human,HumanControl(Clone)_-17130,27.820,15.288,90.763,0,HumanControl(Clone)_-16698,,
0,28.00,Robot,RobotControl(Clone)_-17146,35.954,63.332,,,,,0
0,28.00,Robot,RobotControl(Clone)_-17164,36.062,61.197,,,,,1
0,28.00,Robot,RobotControl(Clone)_-17182,46.348,59.855,,,,,0
0,28.00,Human,HumanControl(Clone)_-16346,31.945,63.380,85.265,0,,,
0,28.00,Human,HumanControl(Clone)_-16378,4.711,31.493,91.317,0,HumanControl(Clone)_-16890,,
0,28.00,Human,HumanControl(Clone)_-16410,28.471,59.991,84.968,0,HumanControl(Clone)_-16346,,
0,28.00,Human,HumanControl(Clone)_-16442,39.297,62.310,75.116,0,,,
0,28.00,Human,HumanControl(Clone)_-16458,64.989,13.523,96.156,0,HumanControl(Clone)_-16810,,
0,28.00,Human,HumanControl(Clone)_-16474,64.565,12.360,96.846,0,HumanControl(Clone)_-16810,,
0,28.00,Human,HumanControl(Clone)_-16490,26.854,58.639,79.797,0,HumanControl(Clone)_-17114,,
0,28.00,Human,HumanControl(Clone)_-16506,35.737,52.506,91.746,0,HumanControl(Clone)_-16858,,
0,28.00,Human,HumanControl(Clone)_-16522,35.210,53.451,92.037,0,HumanControl(Clone)_-16858,,
0,28.00,Human,HumanControl(Clone)_-16538,30.000,15.220,92.915,0,HumanControl(Clone)_-16698,,
0,28.00,Human,HumanControl(Clone)_-16554,28.018,16.474,76.163,0,HumanControl(Clone)_-16698,,
0,28.00,Human,HumanControl(Clone)_-16570,7.126,8.410,98.863,0,,,
0,28.00,Human,HumanControl(Clone)_-16586,7.304,7.385,98.826,0,HumanControl(Clone)_-16570,,
0,28.00,Human,HumanControl(Clone)_-16602,28.175,18.871,91.523,0,HumanControl(Clone)_-16618,,
0,28.00,Human,HumanControl(Clone)_-16618,29.486,16.981,86.921,0,,,
0,28.00,Human,HumanControl(Clone)_-16634,29.972,18.888,87.395,0,HumanControl(Clone)_-16618,,
0,28.00,Human,HumanControl(Clone)_-16650,21.782,13.492,91.690,0,HumanControl(Clone)_-16666,,
0,28.00,Human,HumanControl(Clone)_-16666,26.240,17.587,91.123,0,HumanControl(Clone)_-16618,,
0,28.00,Human,HumanControl(Clone)_-16682,26.331,13.962,90.177,0,HumanControl(Clone)_-16666,,
0,28.00,Human,HumanControl(Clone)_-16698,27.828,17.575,83.748,0,HumanControl(Clone)_-16618,,
0,28.00,Human,HumanControl(Clone)_-16714,38.080,64.832,88.950,0,,,
0,28.00,Human,HumanControl(Clone)_-16730,33.976,50.630,91.293,0,HumanControl(Clone)_-16858,,
0,28.00,Human,HumanControl(Clone)_-16746,22.597,14.698,95.437,0,HumanControl(Clone)_-16618,,
0,28.00,Human,HumanControl(Clone)_-16762,26.912,15.544,93.571,0,HumanControl(Clone)_-16538,,
0,28.00,Human,HumanControl(Clone)_-16778,29.225,60.725,89.105,0,,,
0,28.00,Human,HumanControl(Clone)_-16794,25.295,13.839,94.912,0,HumanControl(Clone)_-16538,,
0,28.00,Human,HumanControl(Clone)_-16810,65.376,17.859,89.723,0,,,
0,28.00,Human,HumanControl(Clone)_-16826,29.184,11.379,87.255,0,HumanControl(Clone)_-16698,,
0,28.00,Human,HumanControl(Clone)_-16842,22.812,13.720,92.364,0,HumanControl(Clone)_-16554,,
0,28.00,Human,HumanControl(Clone)_-16858,37.091,56.690,92.632,0,RobotControl(Clone)_-17164,,
0,28.00,Human,HumanControl(Clone)_-16874,37.645,51.356,92.608,0,HumanControl(Clone)_-16730,,
0,28.00,Human,HumanControl(Clone)_-16890,4.287,28.258,98.418,0,,,
0,28.00,Human,HumanControl(Clone)_-16906,4.895,32.616,88.760,0,HumanControl(Clone)_-16890,,
0,28.00,Human,HumanControl(Clone)_-16954,25.312,57.615,91.754,0,HumanControl(Clone)_-16778,,
0,28.00,Human,HumanControl(Clone)_-16970,27.828,11.984,80.355,0,HumanControl(Clone)_-16554,,
0,28.00,Human,HumanControl(Clone)_-16986,23.635,15.022,96.368,0,HumanControl(Clone)_-16650,,
0,28.00,Human,HumanControl(Clone)_-17002,39.269,63.415,82.240,0,,,
0,28.00,Human,HumanControl(Clone)_-17018,30.015,14.166,96.743,0,HumanControl(Clone)_-16650,,
0,28.00,Human,HumanControl(Clone)_-17098,32.931,16.098,96.808,0,HumanControl(Clone)_-16650,,
0,28.00,Human,HumanControl(Clone)_-17114,29.883,61.519,94.088,0,HumanControl(Clone)_-16346,,
0,28.00,Human,HumanControl(Clone)_-17130,25.391,16.610,90.469,0,HumanControl(Clone)_-16698,,
0,28.50,Robot,RobotControl(Clone)_-17146,37.008,61.542,,,,,0
0,28.50,Robot,RobotControl(Clone)_-17164,36.024,64.527,,,,,0
0,28.50,Robot,RobotControl(Clone)_-17182,46.402,59.861,,,,,0
0,28.50,Human,HumanControl(Clone)_-16346,33.894,65.200,85.265,0,,,
0,28.50,Human,HumanControl(Clone)_-16378,4.216,28.871,90.981,0,HumanControl(Clone)_-16890,,
0,28.50,Human,HumanControl(Clone)_-16410,30.332,61.882,84.728,0,,,
0,28.50,Human,HumanControl(Clone)_-16442,37.641,64.285,74.967,0,,,
0,28.50,Human,HumanControl(Clone)_-16458,65.846,16.038,95.987,0,HumanControl(Clone)_-16810,,
0,28.50,Human,HumanControl(Clone)_-16474,65.325,14.926,96.846,0,HumanControl(Clone)_-16810,,
0,28.50,Human,HumanControl(Clone)_-16490,29.058,60.092,79.797,0,HumanControl(Clone)_-17114,,
0,28.50,Human,HumanControl(Clone)_-16506,36.133,54.862,91.394,0,HumanControl(Clone)_-16858,,
0,28.50,Human,HumanControl(Clone)_-16522,36.066,55.923,91.864,0,HumanControl(Clone)_-16858,,
0,28.50,Human,HumanControl(Clone)_-16538,30.000,18.240,92.528,0,HumanControl(Clone)_-16698,,
0,28.50,Human,HumanControl(Clone)_-16554,27.280,17.450,75.090,0,HumanControl(Clone)_-16698,,
0,28.50,Human,HumanControl(Clone)_-16570,6.876,8.315,98.863,0,,,
0,28.50,Human,HumanControl(Clone)_-16586,7.864,8.586,98.826,0,HumanControl(Clone)_-16570,,
0,28.50,Human,HumanControl(Clone)_-16602,28.916,17.756,91.523,0,HumanControl(Clone)_-16618,,
0,28.50,Human,HumanControl(Clone)_-16618,28.659,15.037,86.921,0,,,
0,28.50,Human,HumanControl(Clone)_-16634,29.999,16.263,86.922,0,HumanControl(Clone)_-16618,,
0,28.50,Human,HumanControl(Clone)_-16650,20.954,15.110,91.469,0,HumanControl(Clone)_-16666,,
0,28.50,Human,HumanControl(Clone)_-16666,27.777,16.543,90.919,0,HumanControl(Clone)_-16618,,
0,28.50,Human,HumanControl(Clone)_-16682,25.938,16.502,89.289,0,HumanControl(Clone)_-16666,,
0,28.50,Human,HumanControl(Clone)_-16698,28.779,16.139,83.614,0,HumanControl(Clone)_-16618,,
0,28.50,Human,HumanControl(Clone)_-16730,34.443,52.693,90.926,0,HumanControl(Clone)_-16858,,
0,28.50,Human,HumanControl(Clone)_-16746,23.910,15.596,94.709,0,HumanControl(Clone)_-16618,,
0,28.50,Human,HumanControl(Clone)_-16762,27.345,15.172,93.571,0,HumanControl(Clone)_-16538,,
0,28.50,Human,HumanControl(Clone)_-16778,31.133,62.566,88.778,0,,,
0,28.50,Human,HumanControl(Clone)_-16794,27.132,12.863,93.338,0,HumanControl(Clone)_-16538,,
0,28.50,Human,HumanControl(Clone)_-16810,65.458,20.528,89.723,0,,,
0,28.50,Human,HumanControl(Clone)_-16826,29.180,12.409,87.255,0,HumanControl(Clone)_-16698,,
0,28.50,Human,HumanControl(Clone)_-16842,23.521,13.810,91.628,0,HumanControl(Clone)_-16554,,
0,28.50,Human,HumanControl(Clone)_-16858,36.509,59.553,92.547,0,,,
0,28.50,Human,HumanControl(Clone)_-16874,35.172,52.008,92.608,0,HumanControl(Clone)_-16730,,
0,28.50,Human,HumanControl(Clone)_-16890,-0.329,26.750,98.377,0,,,
0,28.50,Human,HumanControl(Clone)_-16906,4.417,29.994,88.612,0,HumanControl(Clone)_-16890,,
0,28.50,Human,HumanControl(Clone)_-16954,27.532,59.086,90.519,0,HumanControl(Clone)_-16778,,
0,28.50,Human,HumanControl(Clone)_-16970,28.325,11.766,79.258,0,HumanControl(Clone)_-16554,,
0,28.50,Human,HumanControl(Clone)_-16986,22.245,13.030,96.368,0,HumanControl(Clone)_-16650,,
0,28.50,Human,HumanControl(Clone)_-17002,37.491,65.297,81.901,0,,,
0,28.50,Human,HumanControl(Clone)_-17018,27.502,14.184,96.420,0,HumanControl(Clone)_-16650,,
0,28.50,Human,HumanControl(Clone)_-17098,26.461,15.643,95.382,0,HumanControl(Clone)_-16650,,
0,28.50,Human,HumanControl(Clone)_-17114,31.733,63.456,94.047,0,,,
0,28.50,Human,HumanControl(Clone)_-17130,25.559,18.327,89.758,0,HumanControl(Clone)_-16698,,
0,29.00,Robot,RobotControl(Clone)_-17146,38.091,60.176,,,,,0
0,29.00,Robot,RobotControl(Clone)_-17164,37.398,63.720,,,,,0
0,29.00,Robot,RobotControl(Clone)_-17182,47.398,58.115,,,,,0
0,29.00,Human,HumanControl(Clone)_-16346,34.782,66.154,85.265,0,,,
0,29.00,Human,HumanControl(Clone)_-16378,1.004,26.750,90.981,0,HumanControl(Clone)_-16890,,
0,29.00,Human,HumanControl(Clone)_-16410,31.302,62.788,84.524,0,,,
0,29.00,Human,HumanControl(Clone)_-16442,36.953,65.317,74.754,0,,,
0,29.00,Human,HumanControl(Clone)_-16458,65.997,17.361,95.746,0,HumanControl(Clone)_-16810,,
0,29.00,Human,HumanControl(Clone)_-16474,65.601,16.234,96.476,0,HumanControl(Clone)_-16810,,
0,29.00,Human,HumanControl(Clone)_-16490,29.835,61.176,79.797,0,HumanControl(Clone)_-17114,,
0,29.00,Human,HumanControl(Clone)_-16506,36.195,56.193,91.068,0,HumanControl(Clone)_-16858,,
0,29.00,Human,HumanControl(Clone)_-16522,36.083,57.302,91.647,0,HumanControl(Clone)_-16858,,
0,29.00,Human,HumanControl(Clone)_-16538,28.823,18.897,92.141,0,HumanControl(Clone)_-16698,,
0,29.00,Human,HumanControl(Clone)_-16554,27.577,18.089,74.557,0,HumanControl(Clone)_-16698,,
0,29.00,Human,HumanControl(Clone)_-16570,6.813,8.330,98.863,0,,,
0,29.00,Human,HumanControl(Clone)_-16586,7.683,8.897,98.826,0,HumanControl(Clone)_-16570,,
0,29.00,Human,HumanControl(Clone)_-16602,28.552,17.867,91.321,0,HumanControl(Clone)_-16618,,
0,29.00,Human,HumanControl(Clone)_-16618,27.211,14.466,86.921,0,,,
0,29.00,Human,HumanControl(Clone)_-16634,29.995,15.435,86.492,0,HumanControl(Clone)_-16618,,
0,29.00,Human,HumanControl(Clone)_-16650,21.282,15.847,90.919,0,HumanControl(Clone)_-16666,,
0,29.00,Human,HumanControl(Clone)_-16666,28.033,15.983,89.624,0,HumanControl(Clone)_-16618,,
0,29.00,Human,HumanControl(Clone)_-16682,25.239,17.053,89.289,0,HumanControl(Clone)_-16666,,
0,29.00,Human,HumanControl(Clone)_-16698,28.381,14.437,83.483,0,HumanControl(Clone)_-16618,,
0,29.00,Human,HumanControl(Clone)_-16730,34.666,53.840,90.926,0,HumanControl(Clone)_-16858,,
0,29.00,Human,HumanControl(Clone)_-16746,24.985,15.981,93.668,0,HumanControl(Clone)_-16618,,
0,29.00,Human,HumanControl(Clone)_-16762,26.690,15.586,93.571,0,HumanControl(Clone)_-16538,,
0,29.00,Human,HumanControl(Clone)_-16778,32.099,63.475,88.778,0,,,
0,29.00,Human,HumanControl(Clone)_-16794,27.804,11.798,92.356,0,HumanControl(Clone)_-16538,,
0,29.00,Human,HumanControl(Clone)_-16810,65.498,21.861,89.723,0,,,
0,29.00,Human,HumanControl(Clone)_-16826,29.346,13.687,87.255,0,HumanControl(Clone)_-16698,,
0,29.00,Human,HumanControl(Clone)_-16842,23.716,14.706,91.523,0,HumanControl(Clone)_-16554,,
0,29.00,Human,HumanControl(Clone)_-16858,36.468,61.025,92.547,0,,,
0,29.00,Human,HumanControl(Clone)_-16874,33.916,51.516,92.268,0,HumanControl(Clone)_-16730,,
0,29.00,Human,HumanControl(Clone)_-16890,-0.137,25.431,98.377,0,,,
0,29.00,Human,HumanControl(Clone)_-16906,4.227,28.675,88.401,0,HumanControl(Clone)_-16890,,
0,29.00,Human,HumanControl(Clone)_-16954,28.538,59.961,90.519,0,HumanControl(Clone)_-16778,,
0,29.00,Human,HumanControl(Clone)_-16970,28.749,12.575,78.609,0,HumanControl(Clone)_-16554,,
0,29.00,Human,HumanControl(Clone)_-16986,20.747,12.656,96.368,0,HumanControl(Clone)_-16650,,
0,29.00,Human,HumanControl(Clone)_-17002,36.689,66.341,81.901,0,,,
0,29.00,Human,HumanControl(Clone)_-17018,26.140,14.671,96.225,0,HumanControl(Clone)_-16650,,
0,29.00,Human,HumanControl(Clone)_-17098,24.939,14.916,94.394,0,HumanControl(Clone)_-16650,,
0,29.00,Human,HumanControl(Clone)_-17114,32.740,64.345,94.047,0,,,
0,29.00,Human,HumanControl(Clone)_-17130,26.569,17.972,88.642,0,HumanControl(Clone)_-16698,,
0,29.50,Robot,RobotControl(Clone)_-17146,39.580,58.783,,,,,0
0,29.50,Robot,RobotControl(Clone)_-17164,39.035,62.354,,,,,0
0,29.50,Robot,RobotControl(Clone)_-17182,48.902,54.404,,,,,0
0,29.50,Human,HumanControl(Clone)_-16378,-1.618,26.408,90.981,0,HumanControl(Clone)_-16890,,
0,29.50,Human,HumanControl(Clone)_-16410,33.252,64.603,84.203,0,,,
0,29.50,Human,HumanControl(Clone)_-16442,36.483,64.737,74.692,0,,,
0,29.50,Human,HumanControl(Clone)_-16458,66.019,20.026,95.564,0,HumanControl(Clone)_-16810,,
0,29.50,Human,HumanControl(Clone)_-16474,65.876,18.887,96.034,0,HumanControl(Clone)_-16810,,
0,29.50,Human,HumanControl(Clone)_-16490,31.470,63.279,79.797,0,,,
0,29.50,Human,HumanControl(Clone)_-16506,35.861,58.834,90.683,0,,,
0,29.50,Human,HumanControl(Clone)_-16522,35.671,59.965,91.498,0,,,
0,29.50,Human,HumanControl(Clone)_-16538,28.435,17.366,91.074,0,HumanControl(Clone)_-16698,,
0,29.50,Human,HumanControl(Clone)_-16554,28.181,16.251,73.968,0,HumanControl(Clone)_-16698,,
0,29.50,Human,HumanControl(Clone)_-16570,6.997,8.128,98.863,0,,,
0,29.50,Human,HumanControl(Clone)_-16586,6.354,8.927,98.826,0,HumanControl(Clone)_-16570,,
0,29.50,Human,HumanControl(Clone)_-16602,29.923,15.480,90.893,0,HumanControl(Clone)_-16618,,
0,29.50,Human,HumanControl(Clone)_-16618,26.143,14.208,85.106,0,,,
0,29.50,Human,HumanControl(Clone)_-16634,29.208,14.505,86.492,0,HumanControl(Clone)_-16618,,
0,29.50,Human,HumanControl(Clone)_-16650,23.519,16.402,88.404,0,HumanControl(Clone)_-16666,,
0,29.50,Human,HumanControl(Clone)_-16666,26.495,13.088,89.495,0,HumanControl(Clone)_-16618,,
0,29.50,Human,HumanControl(Clone)_-16682,25.619,17.403,89.289,0,HumanControl(Clone)_-16666,,
0,29.50,Human,HumanControl(Clone)_-16698,27.521,11.805,82.889,0,HumanControl(Clone)_-16618,,
0,29.50,Human,HumanControl(Clone)_-16730,35.005,56.409,90.926,0,HumanControl(Clone)_-16858,,
0,29.50,Human,HumanControl(Clone)_-16746,25.076,14.924,92.073,0,HumanControl(Clone)_-16618,,
0,29.50,Human,HumanControl(Clone)_-16762,26.417,16.019,93.406,0,HumanControl(Clone)_-16538,,
0,29.50,Human,HumanControl(Clone)_-16778,34.035,65.305,88.778,0,,,
0,29.50,Human,HumanControl(Clone)_-16794,27.850,12.749,92.224,0,HumanControl(Clone)_-16538,,
0,29.50,Human,HumanControl(Clone)_-16810,65.567,24.527,89.723,0,,,
0,29.50,Human,HumanControl(Clone)_-16826,27.575,15.328,87.255,0,HumanControl(Clone)_-16698,,
0,29.50,Human,HumanControl(Clone)_-16842,24.790,16.762,89.836,0,HumanControl(Clone)_-16554,,
0,29.50,Human,HumanControl(Clone)_-16858,36.418,63.740,92.060,0,,,
0,29.50,Human,HumanControl(Clone)_-16874,32.730,52.799,92.222,0,HumanControl(Clone)_-16730,,
0,29.50,Human,HumanControl(Clone)_-16890,1.052,25.051,98.007,0,,,
0,29.50,Human,HumanControl(Clone)_-16906,-0.329,26.750,88.401,0,HumanControl(Clone)_-16890,,
0,29.50,Human,HumanControl(Clone)_-16954,30.459,61.810,90.375,0,,,
0,29.50,Human,HumanControl(Clone)_-16970,27.497,13.683,78.543,0,HumanControl(Clone)_-16554,,
0,29.50,Human,HumanControl(Clone)_-16986,19.533,14.874,94.535,0,HumanControl(Clone)_-16650,,
0,29.50,Human,HumanControl(Clone)_-17018,23.216,14.995,96.225,0,HumanControl(Clone)_-16650,,
0,29.50,Human,HumanControl(Clone)_-17098,22.509,14.261,92.691,0,HumanControl(Clone)_-16650,,
0,29.50,Human,HumanControl(Clone)_-17114,34.723,66.074,94.047,0,,,
0,29.50,Human,HumanControl(Clone)_-17130,27.369,17.367,88.642,0,HumanControl(Clone)_-16698,,
0,30.00,Robot,RobotControl(Clone)_-17146,40.667,57.939,,,,,0
0,30.00,Robot,RobotControl(Clone)_-17164,39.375,61.816,,,,,0
0,30.00,Robot,RobotControl(Clone)_-17182,49.632,52.540,,,,,0
0,30.00,Human,HumanControl(Clone)_-16378,-1.826,25.167,90.981,0,HumanControl(Clone)_-16890,,
0,30.00,Human,HumanControl(Clone)_-16410,34.207,65.505,83.899,0,,,
0,30.00,Human,HumanControl(Clone)_-16442,36.295,65.837,74.382,0,,,
0,30.00,Human,HumanControl(Clone)_-16458,65.982,21.358,95.303,0,HumanControl(Clone)_-16810,,
0,30.00,Human,HumanControl(Clone)_-16474,65.923,20.221,95.625,0,HumanControl(Clone)_-16810,,
0,30.00,Human,HumanControl(Clone)_-16490,32.429,64.205,79.493,0,,,
0,30.00,Human,HumanControl(Clone)_-16506,35.926,60.166,90.361,0,,,
0,30.00,Human,HumanControl(Clone)_-16522,35.845,61.295,91.285,0,,,
0,30.00,Human,HumanControl(Clone)_-16538,29.176,17.000,91.074,0,HumanControl(Clone)_-16698,,
0,30.00,Human,HumanControl(Clone)_-16554,28.374,15.358,73.318,0,HumanControl(Clone)_-16698,,
0,30.00,Human,HumanControl(Clone)_-16570,7.011,8.066,98.863,0,,,
0,30.00,Human,HumanControl(Clone)_-16586,6.138,8.631,98.826,0,HumanControl(Clone)_-16570,,
0,30.00,Human,HumanControl(Clone)_-16602,29.834,15.411,90.893,0,HumanControl(Clone)_-16618,,
0,30.00,Human,HumanControl(Clone)_-16618,26.478,13.923,83.987,0,,,
0,30.00,Human,HumanControl(Clone)_-16634,29.263,13.992,86.492,0,HumanControl(Clone)_-16618,,
0,30.00,Human,HumanControl(Clone)_-16650,24.573,16.105,88.085,0,HumanControl(Clone)_-16666,,
0,30.00,Human,HumanControl(Clone)_-16666,24.573,11.957,89.495,0,HumanControl(Clone)_-16618,,
0,30.00,Human,HumanControl(Clone)_-16682,26.507,17.190,89.289,0,HumanControl(Clone)_-16666,,
0,30.00,Human,HumanControl(Clone)_-16698,26.304,11.757,80.664,0,HumanControl(Clone)_-16618,,
0,30.00,Human,HumanControl(Clone)_-16730,35.095,57.705,90.926,0,,,
0,30.00,Human,HumanControl(Clone)_-16746,24.625,15.104,92.073,0,HumanControl(Clone)_-16618,,
0,30.00,Human,HumanControl(Clone)_-16762,25.596,16.121,90.886,0,HumanControl(Clone)_-16538,,
0,30.00,Human,HumanControl(Clone)_-16778,34.992,66.127,88.778,0,,,
0,30.00,Human,HumanControl(Clone)_-16794,27.258,13.050,92.224,0,HumanControl(Clone)_-16538,,
0,30.00,Human,HumanControl(Clone)_-16810,65.602,25.860,88.732,0,,,
0,30.00,Human,HumanControl(Clone)_-16826,28.201,13.837,86.261,0,HumanControl(Clone)_-16698,,
0,30.00,Human,HumanControl(Clone)_-16842,25.472,17.460,89.836,0,HumanControl(Clone)_-16554,,
0,30.00,Human,HumanControl(Clone)_-16858,36.297,64.793,91.850,0,,,
0,30.00,Human,HumanControl(Clone)_-16874,33.654,53.751,91.890,0,HumanControl(Clone)_-16730,,
0,30.00,Human,HumanControl(Clone)_-16890,1.464,23.784,98.007,0,,,
0,30.00,Human,HumanControl(Clone)_-16906,0.492,25.880,88.053,0,HumanControl(Clone)_-16890,,
0,30.00,Human,HumanControl(Clone)_-16954,31.407,62.748,90.169,0,,,
0,30.00,Human,HumanControl(Clone)_-16970,26.819,15.108,78.543,0,HumanControl(Clone)_-16554,,
0,30.00,Human,HumanControl(Clone)_-16986,19.836,15.803,92.857,0,HumanControl(Clone)_-16650,,
0,30.00,Human,HumanControl(Clone)_-17018,22.061,15.742,94.544,0,HumanControl(Clone)_-16650,,
0,30.00,Human,HumanControl(Clone)_-17098,21.298,14.999,91.901,0,HumanControl(Clone)_-16650,,
0,30.00,Human,HumanControl(Clone)_-17130,28.216,17.858,88.040,0,HumanControl(Clone)_-16698,,
0,30.50,Robot,RobotControl(Clone)_-17146,38.949,56.861,,,,,0
0,30.50,Robot,RobotControl(Clone)_-17164,40.696,60.925,,,,,0
0,30.50,Robot,RobotControl(Clone)_-17182,51.077,48.809,,,,,0
0,30.50,Human,HumanControl(Clone)_-16378,0.788,24.655,90.981,0,HumanControl(Clone)_-16890,,
0,30.50,Human,HumanControl(Clone)_-16458,65.961,24.025,94.807,0,HumanControl(Clone)_-16810,,
0,30.50,Human,HumanControl(Clone)_-16474,65.964,22.887,94.722,0,HumanControl(Clone)_-16810,,
0,30.50,Human,HumanControl(Clone)_-16490,34.467,65.925,79.310,0,,,
0,30.50,Human,HumanControl(Clone)_-16506,35.967,62.833,90.318,0,,,
0,30.50,Human,HumanControl(Clone)_-16522,35.935,63.966,91.137,0,,,
0,30.50,Human,HumanControl(Clone)_-16538,29.706,16.002,91.074,0,HumanControl(Clone)_-16698,,
0,30.50,Human,HumanControl(Clone)_-16554,28.331,12.818,73.252,0,HumanControl(Clone)_-16698,,
0,30.50,Human,HumanControl(Clone)_-16570,7.117,8.310,98.863,0,,,
0,30.50,Human,HumanControl(Clone)_-16586,6.656,7.395,98.826,0,HumanControl(Clone)_-16570,,
0,30.50,Human,HumanControl(Clone)_-16602,27.172,15.871,90.827,0,HumanControl(Clone)_-16618,,
0,30.50,Human,HumanControl(Clone)_-16618,27.716,15.019,83.782,0,,,
0,30.50,Human,HumanControl(Clone)_-16634,28.370,11.697,86.091,0,HumanControl(Clone)_-16618,,
0,30.50,Human,HumanControl(Clone)_-16650,24.442,14.075,87.651,0,HumanControl(Clone)_-16666,,
0,30.50,Human,HumanControl(Clone)_-16666,24.758,13.107,89.386,0,HumanControl(Clone)_-16618,,
0,30.50,Human,HumanControl(Clone)_-16682,26.915,16.913,89.289,0,HumanControl(Clone)_-16666,,
0,30.50,Human,HumanControl(Clone)_-16698,25.870,13.460,78.373,0,HumanControl(Clone)_-16618,,
0,30.50,Human,HumanControl(Clone)_-16730,35.310,60.347,90.926,0,,,
0,30.50,Human,HumanControl(Clone)_-16746,26.094,14.531,92.073,0,HumanControl(Clone)_-16618,,
0,30.50,Human,HumanControl(Clone)_-16762,26.349,17.739,90.478,0,HumanControl(Clone)_-16538,,
0,30.50,Human,HumanControl(Clone)_-16794,28.628,13.822,90.830,0,HumanControl(Clone)_-16538,,
0,30.50,Human,HumanControl(Clone)_-16810,65.668,28.526,88.600,0,,,
0,30.50,Human,HumanControl(Clone)_-16826,27.537,11.141,86.128,0,HumanControl(Clone)_-16698,,
0,30.50,Human,HumanControl(Clone)_-16842,26.843,18.664,88.194,0,HumanControl(Clone)_-16554,,
0,30.50,Human,HumanControl(Clone)_-16858,36.096,65.670,91.581,0,,,
0,30.50,Human,HumanControl(Clone)_-16874,34.810,56.124,91.846,0,HumanControl(Clone)_-16730,,
0,30.50,Human,HumanControl(Clone)_-16890,1.877,21.149,97.647,0,,,
0,30.50,Human,HumanControl(Clone)_-16906,0.492,25.880,87.473,0,HumanControl(Clone)_-16890,,
0,30.50,Human,HumanControl(Clone)_-16954,33.326,64.599,89.845,0,,,
0,30.50,Human,HumanControl(Clone)_-16970,28.033,16.737,78.347,0,HumanControl(Clone)_-16554,,
0,30.50,Human,HumanControl(Clone)_-16986,21.100,16.651,90.953,0,HumanControl(Clone)_-16650,,
0,30.50,Human,HumanControl(Clone)_-17018,22.754,17.700,94.319,0,HumanControl(Clone)_-16650,,
0,30.50,Human,HumanControl(Clone)_-17098,22.462,16.662,91.901,0,HumanControl(Clone)_-16650,,
0,30.50,Human,HumanControl(Clone)_-17130,29.230,16.921,87.906,0,HumanControl(Clone)_-16698,,
0,31.00,Robot,RobotControl(Clone)_-17146,37.239,55.799,,,,,0
0,31.00,Robot,RobotControl(Clone)_-17164,41.934,60.197,,,,,0
0,31.00,Robot,RobotControl(Clone)_-17182,49.691,41.764,,,,,0
0,31.00,Human,HumanControl(Clone)_-16378,1.874,23.882,90.646,0,HumanControl(Clone)_-16890,,
0,31.00,Human,HumanControl(Clone)_-16458,65.961,25.358,94.097,0,HumanControl(Clone)_-16810,,
0,31.00,Human,HumanControl(Clone)_-16474,65.969,24.221,93.658,0,HumanControl(Clone)_-16810,,
0,31.00,Human,HumanControl(Clone)_-16506,35.981,64.166,90.001,0,,,
0,31.00,Human,HumanControl(Clone)_-16522,35.936,65.255,90.926,0,,,
0,31.00,Human,HumanControl(Clone)_-16538,29.610,15.949,91.074,0,HumanControl(Clone)_-16698,,
0,31.00,Human,HumanControl(Clone)_-16554,28.092,11.105,72.985,0,HumanControl(Clone)_-16698,,
0,31.00,Human,HumanControl(Clone)_-16570,7.168,8.349,98.863,0,,,
0,31.00,Human,HumanControl(Clone)_-16586,7.027,7.320,98.826,0,HumanControl(Clone)_-16570,,
0,31.00,Human,HumanControl(Clone)_-16602,25.133,15.798,90.726,0,HumanControl(Clone)_-16618,,
0,31.00,Human,HumanControl(Clone)_-16618,28.212,15.602,82.801,0,,,
0,31.00,Human,HumanControl(Clone)_-16634,28.710,13.074,85.357,0,HumanControl(Clone)_-16618,,
0,31.00,Human,HumanControl(Clone)_-16650,23.760,13.288,86.567,0,HumanControl(Clone)_-16666,,
0,31.00,Human,HumanControl(Clone)_-16666,24.795,13.709,89.386,0,HumanControl(Clone)_-16618,,
0,31.00,Human,HumanControl(Clone)_-16682,25.858,16.703,88.681,0,HumanControl(Clone)_-16666,,
0,31.00,Human,HumanControl(Clone)_-16698,26.858,15.168,78.373,0,HumanControl(Clone)_-16618,,
0,31.00,Human,HumanControl(Clone)_-16730,35.437,61.666,90.926,0,,,
0,31.00,Human,HumanControl(Clone)_-16746,25.840,14.122,90.531,0,HumanControl(Clone)_-16618,,
0,31.00,Human,HumanControl(Clone)_-16762,26.472,18.519,89.452,0,HumanControl(Clone)_-16538,,
0,31.00,Human,HumanControl(Clone)_-16794,29.546,13.625,90.830,0,HumanControl(Clone)_-16538,,
0,31.00,Human,HumanControl(Clone)_-16810,65.701,29.859,87.531,0,,,
0,31.00,Human,HumanControl(Clone)_-16826,26.603,11.129,86.128,0,HumanControl(Clone)_-16698,,
0,31.00,Human,HumanControl(Clone)_-16842,27.583,18.016,87.191,0,HumanControl(Clone)_-16554,,
0,31.00,Human,HumanControl(Clone)_-16858,36.193,66.236,91.188,0,,,
0,31.00,Human,HumanControl(Clone)_-16874,34.968,57.447,91.846,0,,,
0,31.00,Human,HumanControl(Clone)_-16890,2.050,19.827,97.310,0,,,
0,31.00,Human,HumanControl(Clone)_-16906,1.174,24.734,87.241,0,HumanControl(Clone)_-16890,,
0,31.00,Human,HumanControl(Clone)_-16954,34.288,65.523,89.539,0,,,
0,31.00,Human,HumanControl(Clone)_-16970,29.601,17.709,78.050,0,HumanControl(Clone)_-16554,,
0,31.00,Human,HumanControl(Clone)_-16986,22.386,16.519,90.953,0,HumanControl(Clone)_-16650,,
0,31.00,Human,HumanControl(Clone)_-17018,23.793,17.449,94.319,0,HumanControl(Clone)_-16650,,
0,31.00,Human,HumanControl(Clone)_-17098,23.802,16.397,90.396,0,HumanControl(Clone)_-16650,,
0,31.00,Human,HumanControl(Clone)_-17130,28.870,16.671,87.906,0,HumanControl(Clone)_-16698,,
0,31.50,Robot,RobotControl(Clone)_-17146,33.828,53.699,,,,,0
0,31.50,Robot,RobotControl(Clone)_-17164,40.306,61.251,,,,,0
0,31.50,Robot,RobotControl(Clone)_-17182,49.525,38.684,,,,,0
0,31.50,Human,HumanControl(Clone)_-16378,2.279,21.278,90.602,0,HumanControl(Clone)_-16890,,
0,31.50,Human,HumanControl(Clone)_-16458,65.990,28.025,93.611,0,HumanControl(Clone)_-16810,,
0,31.50,Human,HumanControl(Clone)_-16474,65.988,26.888,92.458,0,HumanControl(Clone)_-16810,,
0,31.50,Human,HumanControl(Clone)_-16506,35.605,65.049,89.811,0,,,
0,31.50,Human,HumanControl(Clone)_-16522,37.007,65.569,90.781,0,,,
0,31.50,Human,HumanControl(Clone)_-16538,28.257,14.454,91.074,0,HumanControl(Clone)_-16698,,
0,31.50,Human,HumanControl(Clone)_-16554,27.107,12.812,72.985,0,HumanControl(Clone)_-16698,,
0,31.50,Human,HumanControl(Clone)_-16570,6.898,8.336,98.863,0,,,
0,31.50,Human,HumanControl(Clone)_-16586,7.922,8.309,98.826,0,HumanControl(Clone)_-16570,,
0,31.50,Human,HumanControl(Clone)_-16602,25.811,14.819,90.625,0,HumanControl(Clone)_-16618,,
0,31.50,Human,HumanControl(Clone)_-16618,27.429,15.514,82.670,0,,,
0,31.50,Human,HumanControl(Clone)_-16634,29.309,13.476,85.357,0,HumanControl(Clone)_-16618,,
0,31.50,Human,HumanControl(Clone)_-16650,23.774,13.967,85.808,0,HumanControl(Clone)_-16666,,
0,31.50,Human,HumanControl(Clone)_-16666,26.652,13.705,87.741,0,HumanControl(Clone)_-16618,,
0,31.50,Human,HumanControl(Clone)_-16682,25.575,15.823,87.364,0,HumanControl(Clone)_-16666,,
0,31.50,Human,HumanControl(Clone)_-16698,30.123,16.692,77.327,0,HumanControl(Clone)_-16618,,
0,31.50,Human,HumanControl(Clone)_-16730,35.799,64.069,90.778,0,,,
0,31.50,Human,HumanControl(Clone)_-16746,28.121,13.287,89.993,0,HumanControl(Clone)_-16618,,
0,31.50,Human,HumanControl(Clone)_-16762,28.152,17.998,88.850,0,HumanControl(Clone)_-16538,,
0,31.50,Human,HumanControl(Clone)_-16794,29.997,15.193,90.830,0,HumanControl(Clone)_-16538,,
0,31.50,Human,HumanControl(Clone)_-16810,65.766,32.525,87.388,0,,,
0,31.50,Human,HumanControl(Clone)_-16826,25.771,13.240,84.457,0,HumanControl(Clone)_-16698,,
0,31.50,Human,HumanControl(Clone)_-16842,29.261,17.401,87.057,0,HumanControl(Clone)_-16554,,
0,31.50,Human,HumanControl(Clone)_-16874,35.143,60.105,91.846,0,,,
0,31.50,Human,HumanControl(Clone)_-16890,2.302,17.811,97.111,0,,,
0,31.50,Human,HumanControl(Clone)_-16906,1.774,22.150,87.084,0,HumanControl(Clone)_-16890,,
0,31.50,Human,HumanControl(Clone)_-16970,34.691,15.904,77.966,0,HumanControl(Clone)_-16554,,
0,31.50,Human,HumanControl(Clone)_-16986,24.110,14.928,90.953,0,HumanControl(Clone)_-16650,,
0,31.50,Human,HumanControl(Clone)_-17018,24.592,15.998,94.319,0,HumanControl(Clone)_-16650,,
0,31.50,Human,HumanControl(Clone)_-17098,24.868,14.250,89.106,0,HumanControl(Clone)_-16650,,
0,31.50,Human,HumanControl(Clone)_-17130,28.399,15.810,87.514,0,HumanControl(Clone)_-16698,,
0,32.00,Robot,RobotControl(Clone)_-17146,32.123,52.650,,,,,0
0,32.00,Robot,RobotControl(Clone)_-17164,38.495,62.037,,,,,0
0,32.00,Robot,RobotControl(Clone)_-17182,51.037,37.374,,,,,0
0,32.00,Human,HumanControl(Clone)_-16378,2.144,19.902,90.265,0,HumanControl(Clone)_-16890,,
0,32.00,Human,HumanControl(Clone)_-16458,66.000,29.358,92.916,0,HumanControl(Clone)_-16810,,
0,32.00,Human,HumanControl(Clone)_-16474,65.994,28.221,91.416,0,HumanControl(Clone)_-16810,,
0,32.00,Human,HumanControl(Clone)_-16506,35.549,66.135,89.501,0,,,
0,32.00,Human,HumanControl(Clone)_-16522,36.937,65.996,90.781,0,,,
0,32.00,Human,HumanControl(Clone)_-16538,28.649,14.765,90.410,0,HumanControl(Clone)_-16698,,
0,32.00,Human,HumanControl(Clone)_-16554,26.215,13.033,72.985,0,HumanControl(Clone)_-16698,,
0,32.00,Human,HumanControl(Clone)_-16570,6.841,8.366,98.863,0,,,
0,32.00,Human,HumanControl(Clone)_-16586,7.828,8.688,98.826,0,HumanControl(Clone)_-16570,,
0,32.00,Human,HumanControl(Clone)_-16602,27.001,14.917,90.625,0,HumanControl(Clone)_-16618,,
0,32.00,Human,HumanControl(Clone)_-16618,27.509,15.790,81.689,0,,,
0,32.00,Human,HumanControl(Clone)_-16634,30.000,13.206,85.357,0,HumanControl(Clone)_-16618,,
0,32.00,Human,HumanControl(Clone)_-16650,24.461,14.412,83.205,0,HumanControl(Clone)_-16666,,
0,32.00,Human,HumanControl(Clone)_-16666,28.184,13.880,86.539,0,HumanControl(Clone)_-16618,,
0,32.00,Human,HumanControl(Clone)_-16682,25.035,15.305,86.350,0,HumanControl(Clone)_-16666,,
0,32.00,Human,HumanControl(Clone)_-16698,29.960,17.618,77.200,0,HumanControl(Clone)_-16618,,
0,32.00,Human,HumanControl(Clone)_-16730,35.898,65.167,90.567,0,,,
0,32.00,Human,HumanControl(Clone)_-16746,28.955,13.082,89.993,0,HumanControl(Clone)_-16618,,
0,32.00,Human,HumanControl(Clone)_-16762,28.147,18.362,87.579,0,HumanControl(Clone)_-16538,,
0,32.00,Human,HumanControl(Clone)_-16794,29.981,15.161,90.830,0,HumanControl(Clone)_-16538,,
0,32.00,Human,HumanControl(Clone)_-16810,65.799,33.858,86.527,0,,,
0,32.00,Human,HumanControl(Clone)_-16826,25.649,14.163,82.915,0,HumanControl(Clone)_-16698,,
0,32.00,Human,HumanControl(Clone)_-16842,28.046,17.158,87.057,0,HumanControl(Clone)_-16554,,
0,32.00,Human,HumanControl(Clone)_-16874,35.301,61.429,91.846,0,,,
0,32.00,Human,HumanControl(Clone)_-16890,2.302,17.811,96.561,0,,,
0,32.00,Human,HumanControl(Clone)_-16906,1.780,20.892,86.859,0,HumanControl(Clone)_-16890,,
0,32.00,Human,HumanControl(Clone)_-16970,33.982,15.479,77.966,0,HumanControl(Clone)_-16554,,
0,32.00,Human,HumanControl(Clone)_-16986,23.050,13.363,90.411,0,HumanControl(Clone)_-16650,,
0,32.00,Human,HumanControl(Clone)_-17018,23.402,15.392,94.319,0,HumanControl(Clone)_-16650,,
0,32.00,Human,HumanControl(Clone)_-17098,23.824,12.160,88.124,0,HumanControl(Clone)_-16650,,
0,32.00,Human,HumanControl(Clone)_-17130,27.102,16.760,86.795,0,HumanControl(Clone)_-16698,,
0,32.50,Robot,RobotControl(Clone)_-17146,28.713,50.557,,,,,0
0,32.50,Robot,RobotControl(Clone)_-17164,39.981,61.029,,,,,0
0,32.50,Robot,RobotControl(Clone)_-17182,54.128,34.835,,,,,0
0,32.50,Human,HumanControl(Clone)_-16378,1.599,17.772,89.736,0,HumanControl(Clone)_-16890,,
0,32.50,Human,HumanControl(Clone)_-16458,66.033,32.024,92.504,0,HumanControl(Clone)_-16810,,
0,32.50,Human,HumanControl(Clone)_-16474,66.021,30.887,90.137,0,HumanControl(Clone)_-16810,,
0,32.50,Human,HumanControl(Clone)_-16538,29.754,17.031,90.410,0,HumanControl(Clone)_-16698,,
0,32.50,Human,HumanControl(Clone)_-16554,26.970,13.706,72.265,0,HumanControl(Clone)_-16698,,
0,32.50,Human,HumanControl(Clone)_-16570,6.970,8.124,98.863,0,,,
0,32.50,Human,HumanControl(Clone)_-16586,6.544,9.056,98.826,0,HumanControl(Clone)_-16570,,
0,32.50,Human,HumanControl(Clone)_-16602,26.773,17.095,90.625,0,HumanControl(Clone)_-16618,,
0,32.50,Human,HumanControl(Clone)_-16618,29.153,15.847,81.559,0,,,
0,32.50,Human,HumanControl(Clone)_-16634,29.387,12.817,85.357,0,HumanControl(Clone)_-16618,,
0,32.50,Human,HumanControl(Clone)_-16650,26.463,12.828,82.372,0,HumanControl(Clone)_-16666,,
0,32.50,Human,HumanControl(Clone)_-16666,27.606,14.490,85.610,0,HumanControl(Clone)_-16618,,
0,32.50,Human,HumanControl(Clone)_-16682,25.503,13.886,85.630,0,HumanControl(Clone)_-16666,,
0,32.50,Human,HumanControl(Clone)_-16698,28.168,17.500,77.115,0,HumanControl(Clone)_-16618,,
0,32.50,Human,HumanControl(Clone)_-16730,36.179,64.208,90.210,0,,,
0,32.50,Human,HumanControl(Clone)_-16746,28.131,12.147,89.659,0,HumanControl(Clone)_-16618,,
0,32.50,Human,HumanControl(Clone)_-16762,27.120,18.086,86.709,0,HumanControl(Clone)_-16538,,
0,32.50,Human,HumanControl(Clone)_-16794,28.761,13.663,90.830,0,HumanControl(Clone)_-16538,,
0,32.50,Human,HumanControl(Clone)_-16810,65.864,36.524,86.412,0,,,
0,32.50,Human,HumanControl(Clone)_-16826,27.438,15.599,82.710,0,HumanControl(Clone)_-16698,,
0,32.50,Human,HumanControl(Clone)_-16842,25.618,16.203,86.086,0,HumanControl(Clone)_-16554,,
0,32.50,Human,HumanControl(Clone)_-16874,35.707,63.321,91.783,0,,,
0,32.50,Human,HumanControl(Clone)_-16890,1.454,19.473,96.517,0,,,
0,32.50,Human,HumanControl(Clone)_-16906,2.372,19.069,86.500,0,HumanControl(Clone)_-16890,,
0,32.50,Human,HumanControl(Clone)_-16970,28.842,14.786,77.966,0,HumanControl(Clone)_-16554,,
0,32.50,Human,HumanControl(Clone)_-16986,21.651,13.284,88.822,0,HumanControl(Clone)_-16650,,
0,32.50,Human,HumanControl(Clone)_-17018,23.071,15.055,94.319,0,HumanControl(Clone)_-16650,,
0,32.50,Human,HumanControl(Clone)_-17098,22.978,12.811,87.906,0,HumanControl(Clone)_-16650,,
0,32.50,Human,HumanControl(Clone)_-17130,28.330,18.850,86.460,0,HumanControl(Clone)_-16698,,
0,33.00,Robot,RobotControl(Clone)_-17146,27.007,49.511,,,,,0
0,33.00,Robot,RobotControl(Clone)_-17164,41.390,60.198,,,,,0
0,33.00,Robot,RobotControl(Clone)_-17182,55.676,33.569,,,,,0
0,33.00,Human,HumanControl(Clone)_-16378,1.664,17.594,89.186,0,HumanControl(Clone)_-16890,,
0,33.00,Human,HumanControl(Clone)_-16458,66.044,33.358,91.914,0,HumanControl(Clone)_-16810,,
0,33.00,Human,HumanControl(Clone)_-16474,66.033,32.221,89.253,0,HumanControl(Clone)_-16810,,
0,33.00,Human,HumanControl(Clone)_-16538,30.000,17.290,90.410,0,HumanControl(Clone)_-16698,,
0,33.00,Human,HumanControl(Clone)_-16554,28.077,13.990,71.269,0,HumanControl(Clone)_-16698,,
0,33.00,Human,HumanControl(Clone)_-16570,6.968,8.060,98.863,0,,,
0,33.00,Human,HumanControl(Clone)_-16586,6.243,8.802,98.826,0,HumanControl(Clone)_-16570,,
0,33.00,Human,HumanControl(Clone)_-16602,26.478,18.900,90.214,0,HumanControl(Clone)_-16618,,
0,33.00,Human,HumanControl(Clone)_-16618,29.928,15.504,81.559,0,,,
0,33.00,Human,HumanControl(Clone)_-16634,29.505,12.640,85.357,0,HumanControl(Clone)_-16618,,
0,33.00,Human,HumanControl(Clone)_-16650,26.667,12.390,82.267,0,HumanControl(Clone)_-16666,,
0,33.00,Human,HumanControl(Clone)_-16666,27.044,15.616,84.946,0,HumanControl(Clone)_-16618,,
0,33.00,Human,HumanControl(Clone)_-16682,24.810,12.692,85.528,0,HumanControl(Clone)_-16666,,
0,33.00,Human,HumanControl(Clone)_-16698,27.382,17.324,76.513,0,HumanControl(Clone)_-16618,,
0,33.00,Human,HumanControl(Clone)_-16730,36.344,64.968,89.999,0,,,
0,33.00,Human,HumanControl(Clone)_-16746,27.675,11.895,87.991,0,HumanControl(Clone)_-16618,,
0,33.00,Human,HumanControl(Clone)_-16762,27.705,18.905,86.308,0,HumanControl(Clone)_-16538,,
0,33.00,Human,HumanControl(Clone)_-16794,29.478,14.431,90.830,0,HumanControl(Clone)_-16538,,
0,33.00,Human,HumanControl(Clone)_-16810,65.897,37.857,85.668,0,,,
0,33.00,Human,HumanControl(Clone)_-16826,28.407,16.866,82.121,0,HumanControl(Clone)_-16698,,
0,33.00,Human,HumanControl(Clone)_-16842,24.582,15.405,85.782,0,HumanControl(Clone)_-16554,,
0,33.00,Human,HumanControl(Clone)_-16874,35.792,64.096,91.466,0,,,
0,33.00,Human,HumanControl(Clone)_-16890,0.819,20.612,96.517,0,,,
0,33.00,Human,HumanControl(Clone)_-16906,2.433,19.253,86.500,0,HumanControl(Clone)_-16890,,
0,33.00,Human,HumanControl(Clone)_-16970,28.196,15.105,77.966,0,HumanControl(Clone)_-16554,,
0,33.00,Human,HumanControl(Clone)_-16986,22.229,13.631,87.116,0,HumanControl(Clone)_-16650,,
0,33.00,Human,HumanControl(Clone)_-17018,23.931,14.583,93.994,0,HumanControl(Clone)_-16650,,
0,33.00,Human,HumanControl(Clone)_-17098,23.395,13.605,87.798,0,HumanControl(Clone)_-16650,,
0,33.00,Human,HumanControl(Clone)_-17130,28.667,18.029,86.460,0,HumanControl(Clone)_-16698,,
0,33.50,Robot,RobotControl(Clone)_-17146,23.597,47.420,,,,,0
0,33.50,Robot,RobotControl(Clone)_-17164,39.793,61.397,,,,,0
0,33.50,Robot,RobotControl(Clone)_-17182,58.772,31.036,,,,,0
0,33.50,Human,HumanControl(Clone)_-16378,2.474,19.561,88.633,0,HumanControl(Clone)_-16890,,
0,33.50,Human,HumanControl(Clone)_-16458,66.081,36.024,91.540,0,HumanControl(Clone)_-16810,,
0,33.50,Human,HumanControl(Clone)_-16474,66.067,34.887,88.216,0,HumanControl(Clone)_-16810,,
0,33.50,Human,HumanControl(Clone)_-16538,28.921,16.178,90.410,0,HumanControl(Clone)_-16698,,
0,33.50,Human,HumanControl(Clone)_-16554,27.737,16.308,70.679,0,HumanControl(Clone)_-16698,,
0,33.50,Human,HumanControl(Clone)_-16570,7.128,8.281,98.863,0,,,
0,33.50,Human,HumanControl(Clone)_-16586,6.481,7.486,98.826,0,HumanControl(Clone)_-16570,,
0,33.50,Human,HumanControl(Clone)_-16602,28.026,18.426,89.746,0,HumanControl(Clone)_-16618,,
0,33.50,Human,HumanControl(Clone)_-16618,28.372,14.891,81.559,0,,,
0,33.50,Human,HumanControl(Clone)_-16634,29.834,14.246,85.357,0,HumanControl(Clone)_-16618,,
0,33.50,Human,HumanControl(Clone)_-16650,27.137,11.978,81.641,0,HumanControl(Clone)_-16666,,
0,33.50,Human,HumanControl(Clone)_-16666,27.908,17.296,84.946,0,HumanControl(Clone)_-16618,,
0,33.50,Human,HumanControl(Clone)_-16682,26.423,13.169,85.528,0,HumanControl(Clone)_-16666,,
0,33.50,Human,HumanControl(Clone)_-16698,27.371,15.412,76.121,0,HumanControl(Clone)_-16618,,
0,33.50,Human,HumanControl(Clone)_-16746,28.327,13.606,87.393,0,HumanControl(Clone)_-16618,,
0,33.50,Human,HumanControl(Clone)_-16762,29.523,18.191,85.761,0,HumanControl(Clone)_-16538,,
0,33.50,Human,HumanControl(Clone)_-16794,29.994,16.312,90.830,0,HumanControl(Clone)_-16538,,
0,33.50,Human,HumanControl(Clone)_-16810,65.962,40.523,85.569,0,,,
0,33.50,Human,HumanControl(Clone)_-16826,27.124,17.944,81.318,0,HumanControl(Clone)_-16698,,
0,33.50,Human,HumanControl(Clone)_-16842,26.549,14.861,85.371,0,HumanControl(Clone)_-16554,,
0,33.50,Human,HumanControl(Clone)_-16874,35.826,64.678,91.361,0,,,
0,33.50,Human,HumanControl(Clone)_-16890,-0.452,22.940,96.144,0,,,
0,33.50,Human,HumanControl(Clone)_-16906,1.774,20.479,86.342,0,HumanControl(Clone)_-16890,,
0,33.50,Human,HumanControl(Clone)_-16970,25.580,13.828,76.938,0,HumanControl(Clone)_-16554,,
0,33.50,Human,HumanControl(Clone)_-16986,23.065,12.494,86.888,0,HumanControl(Clone)_-16650,,
0,33.50,Human,HumanControl(Clone)_-17018,24.554,13.341,92.259,0,HumanControl(Clone)_-16650,,
0,33.50,Human,HumanControl(Clone)_-17098,25.888,12.057,87.276,0,HumanControl(Clone)_-16650,,
0,33.50,Human,HumanControl(Clone)_-17130,29.123,17.218,86.460,0,HumanControl(Clone)_-16698,,
0,34.00,Robot,RobotControl(Clone)_-17146,20.300,40.835,,,,,0
0,34.00,Robot,RobotControl(Clone)_-17164,38.322,62.750,,,,,0
0,34.00,Robot,RobotControl(Clone)_-17182,60.320,29.770,,,,,0
0,34.00,Human,HumanControl(Clone)_-16378,1.977,20.752,88.408,0,HumanControl(Clone)_-16890,,
0,34.00,Human,HumanControl(Clone)_-16458,66.096,37.357,91.006,0,HumanControl(Clone)_-16810,,
0,34.00,Human,HumanControl(Clone)_-16474,66.082,36.220,87.415,0,HumanControl(Clone)_-16810,,
0,34.00,Human,HumanControl(Clone)_-16538,28.325,15.731,89.429,0,HumanControl(Clone)_-16698,,
0,34.00,Human,HumanControl(Clone)_-16554,27.681,17.944,69.022,0,HumanControl(Clone)_-16698,,
0,34.00,Human,HumanControl(Clone)_-16570,7.185,8.308,98.863,0,,,
0,34.00,Human,HumanControl(Clone)_-16586,6.846,7.327,98.826,0,HumanControl(Clone)_-16570,,
0,34.00,Human,HumanControl(Clone)_-16602,28.703,18.182,89.478,0,HumanControl(Clone)_-16618,,
0,34.00,Human,HumanControl(Clone)_-16618,27.849,14.631,81.559,0,,,
0,34.00,Human,HumanControl(Clone)_-16634,29.862,14.958,85.357,0,HumanControl(Clone)_-16618,,
0,34.00,Human,HumanControl(Clone)_-16650,28.138,11.857,80.640,0,HumanControl(Clone)_-16666,,
0,34.00,Human,HumanControl(Clone)_-16666,27.728,16.898,84.946,0,HumanControl(Clone)_-16618,,
0,34.00,Human,HumanControl(Clone)_-16682,26.647,13.908,85.528,0,HumanControl(Clone)_-16666,,
0,34.00,Human,HumanControl(Clone)_-16698,26.888,14.910,76.121,0,HumanControl(Clone)_-16618,,
0,34.00,Human,HumanControl(Clone)_-16746,29.039,13.999,86.729,0,HumanControl(Clone)_-16618,,
0,34.00,Human,HumanControl(Clone)_-16762,29.967,17.866,84.701,0,HumanControl(Clone)_-16538,,
0,34.00,Human,HumanControl(Clone)_-16794,30.000,16.153,90.830,0,HumanControl(Clone)_-16538,,
0,34.00,Human,HumanControl(Clone)_-16810,65.995,41.856,84.752,0,,,
0,34.00,Human,HumanControl(Clone)_-16826,26.151,18.000,80.498,0,HumanControl(Clone)_-16698,,
0,34.00,Human,HumanControl(Clone)_-16842,27.034,15.935,85.371,0,HumanControl(Clone)_-16554,,
0,34.00,Human,HumanControl(Clone)_-16874,36.094,63.072,91.044,0,,,
0,34.00,Human,HumanControl(Clone)_-16890,-1.086,24.106,96.144,0,,,
0,34.00,Human,HumanControl(Clone)_-16906,1.057,21.625,86.118,0,HumanControl(Clone)_-16890,,
0,34.00,Human,HumanControl(Clone)_-16970,25.253,14.864,75.910,0,HumanControl(Clone)_-16554,,
0,34.00,Human,HumanControl(Clone)_-16986,22.324,11.100,86.321,0,HumanControl(Clone)_-16650,,
0,34.00,Human,HumanControl(Clone)_-17018,24.749,12.558,92.259,0,HumanControl(Clone)_-16650,,
0,34.00,Human,HumanControl(Clone)_-17098,26.488,11.181,85.709,0,HumanControl(Clone)_-16650,,
0,34.00,Human,HumanControl(Clone)_-17130,28.736,17.131,86.460,0,HumanControl(Clone)_-16698,,
0,34.50,Robot,RobotControl(Clone)_-17146,19.181,38.755,,,,,0
0,34.50,Robot,RobotControl(Clone)_-17164,39.343,62.292,,,,,0
0,34.50,Robot,RobotControl(Clone)_-17182,67.791,30.504,,,,,0
0,34.50,Human,HumanControl(Clone)_-16378,0.455,22.918,88.408,0,HumanControl(Clone)_-16890,,
0,34.50,Human,HumanControl(Clone)_-16458,66.137,40.024,90.663,0,HumanControl(Clone)_-16810,,
0,34.50,Human,HumanControl(Clone)_-16474,66.121,38.887,86.514,0,HumanControl(Clone)_-16810,,
0,34.50,Human,HumanControl(Clone)_-16538,26.096,14.118,88.579,0,HumanControl(Clone)_-16698,,
0,34.50,Human,HumanControl(Clone)_-16554,25.884,16.209,68.178,0,HumanControl(Clone)_-16698,,
0,34.50,Human,HumanControl(Clone)_-16570,6.915,8.351,98.863,0,,,
0,34.50,Human,HumanControl(Clone)_-16586,7.916,8.129,98.826,0,HumanControl(Clone)_-16570,,
0,34.50,Human,HumanControl(Clone)_-16602,29.491,18.350,89.478,0,HumanControl(Clone)_-16618,,
0,34.50,Human,HumanControl(Clone)_-16618,28.103,15.086,81.559,0,,,
0,34.50,Human,HumanControl(Clone)_-16634,29.322,14.402,85.357,0,HumanControl(Clone)_-16618,,
0,34.50,Human,HumanControl(Clone)_-16650,27.797,14.127,80.041,0,HumanControl(Clone)_-16666,,
0,34.50,Human,HumanControl(Clone)_-16666,27.054,15.722,84.358,0,HumanControl(Clone)_-16618,,
0,34.50,Human,HumanControl(Clone)_-16682,25.890,15.209,85.014,0,HumanControl(Clone)_-16666,,
0,34.50,Human,HumanControl(Clone)_-16698,27.498,12.317,75.921,0,HumanControl(Clone)_-16618,,
0,34.50,Human,HumanControl(Clone)_-16746,28.270,12.991,85.667,0,HumanControl(Clone)_-16618,,
0,34.50,Human,HumanControl(Clone)_-16762,28.890,16.737,84.616,0,HumanControl(Clone)_-16538,,
0,34.50,Human,HumanControl(Clone)_-16794,29.099,15.603,90.830,0,HumanControl(Clone)_-16538,,
0,34.50,Human,HumanControl(Clone)_-16810,66.060,44.521,84.643,0,,,
0,34.50,Human,HumanControl(Clone)_-16826,25.023,16.831,78.958,0,HumanControl(Clone)_-16698,,
0,34.50,Human,HumanControl(Clone)_-16842,26.503,17.170,84.661,0,HumanControl(Clone)_-16554,,
0,34.50,Human,HumanControl(Clone)_-16874,36.096,64.728,90.706,0,,,
0,34.50,Human,HumanControl(Clone)_-16890,-2.336,26.459,96.144,0,,,
0,34.50,Human,HumanControl(Clone)_-16906,-0.338,23.910,85.956,0,HumanControl(Clone)_-16890,,
0,34.50,Human,HumanControl(Clone)_-16970,23.861,15.387,75.910,0,HumanControl(Clone)_-16554,,
0,34.50,Human,HumanControl(Clone)_-16986,24.265,11.311,86.321,0,HumanControl(Clone)_-16650,,
0,34.50,Human,HumanControl(Clone)_-17018,26.596,11.238,91.632,0,HumanControl(Clone)_-16650,,
0,34.50,Human,HumanControl(Clone)_-17098,27.687,11.141,85.509,0,HumanControl(Clone)_-16650,,
0,34.50,Human,HumanControl(Clone)_-17130,27.943,17.458,86.330,0,HumanControl(Clone)_-16698,,
0,35.00,Robot,RobotControl(Clone)_-17146,17.470,37.719,,,,,0
0,35.00,Robot,RobotControl(Clone)_-17164,40.539,62.002,,,,,0
0,35.00,Robot,RobotControl(Clone)_-17182,67.748,29.519,,,,,0
0,35.00,Human,HumanControl(Clone)_-16378,-0.312,23.997,88.061,0,HumanControl(Clone)_-16890,,
0,35.00,Human,HumanControl(Clone)_-16458,66.156,41.357,90.173,0,HumanControl(Clone)_-16810,,
0,35.00,Human,HumanControl(Clone)_-16474,66.139,40.220,85.779,0,HumanControl(Clone)_-16810,,
0,35.00,Human,HumanControl(Clone)_-16538,25.631,12.455,86.611,0,HumanControl(Clone)_-16698,,
0,35.00,Human,HumanControl(Clone)_-16554,25.608,14.765,67.165,0,HumanControl(Clone)_-16698,,
0,35.00,Human,HumanControl(Clone)_-16570,6.865,8.391,98.863,0,,,
0,35.00,Human,HumanControl(Clone)_-16586,7.894,8.531,98.826,0,HumanControl(Clone)_-16570,,
0,35.00,Human,HumanControl(Clone)_-16602,29.864,17.942,88.715,0,HumanControl(Clone)_-16618,,
0,35.00,Human,HumanControl(Clone)_-16618,28.941,14.972,81.559,0,,,
0,35.00,Human,HumanControl(Clone)_-16634,30.000,13.885,85.357,0,HumanControl(Clone)_-16618,,
0,35.00,Human,HumanControl(Clone)_-16650,28.007,15.351,79.378,0,HumanControl(Clone)_-16666,,
0,35.00,Human,HumanControl(Clone)_-16666,26.837,13.888,84.358,0,HumanControl(Clone)_-16618,,
0,35.00,Human,HumanControl(Clone)_-16682,25.832,16.148,83.493,0,HumanControl(Clone)_-16666,,
0,35.00,Human,HumanControl(Clone)_-16698,28.194,12.804,75.921,0,HumanControl(Clone)_-16618,,
0,35.00,Human,HumanControl(Clone)_-16746,29.257,12.658,85.667,0,HumanControl(Clone)_-16618,,
0,35.00,Human,HumanControl(Clone)_-16762,27.758,16.834,84.289,0,HumanControl(Clone)_-16538,,
0,35.00,Human,HumanControl(Clone)_-16794,29.637,16.213,90.830,0,HumanControl(Clone)_-16538,,
0,35.00,Human,HumanControl(Clone)_-16810,66.093,45.854,83.634,0,,,
0,35.00,Human,HumanControl(Clone)_-16826,24.621,15.929,78.958,0,HumanControl(Clone)_-16698,,
0,35.00,Human,HumanControl(Clone)_-16842,26.522,18.881,84.661,0,HumanControl(Clone)_-16554,,
0,35.00,Human,HumanControl(Clone)_-16874,36.018,65.586,90.396,0,,,
0,35.00,Human,HumanControl(Clone)_-16890,-2.959,27.637,96.144,0,,,
0,35.00,Human,HumanControl(Clone)_-16906,-1.011,25.067,85.724,0,HumanControl(Clone)_-16890,,
0,35.00,Human,HumanControl(Clone)_-16970,23.475,16.282,74.297,0,HumanControl(Clone)_-16554,,
0,35.00,Human,HumanControl(Clone)_-16986,25.323,11.501,86.321,0,HumanControl(Clone)_-16650,,
0,35.00,Human,HumanControl(Clone)_-17018,27.733,11.333,91.632,0,HumanControl(Clone)_-16650,,
0,35.00,Human,HumanControl(Clone)_-17098,28.659,11.855,85.509,0,HumanControl(Clone)_-16650,,
0,35.00,Human,HumanControl(Clone)_-17130,27.027,17.965,85.794,0,HumanControl(Clone)_-16698,,
0,35.50,Robot,RobotControl(Clone)_-17146,14.143,35.499,,,,,0
0,35.50,Robot,RobotControl(Clone)_-17164,42.485,61.539,,,,,0
0,35.50,Robot,RobotControl(Clone)_-17182,66.900,25.598,,,,,0
0,35.50,Human,HumanControl(Clone)_-16378,-1.688,26.276,88.014,0,HumanControl(Clone)_-16890,,
0,35.50,Human,HumanControl(Clone)_-16458,66.466,44.082,89.735,0,HumanControl(Clone)_-16810,,
0,35.50,Human,HumanControl(Clone)_-16474,66.293,42.880,84.810,0,HumanControl(Clone)_-16810,,
0,35.50,Human,HumanControl(Clone)_-16538,28.035,11.536,85.935,0,HumanControl(Clone)_-16698,,
0,35.50,Human,HumanControl(Clone)_-16554,26.557,12.669,65.520,0,HumanControl(Clone)_-16698,,
0,35.50,Human,HumanControl(Clone)_-16570,6.949,8.129,98.863,0,,,
0,35.50,Human,HumanControl(Clone)_-16586,6.695,9.122,98.826,0,HumanControl(Clone)_-16570,,
0,35.50,Human,HumanControl(Clone)_-16602,29.890,16.050,88.630,0,HumanControl(Clone)_-16618,,
0,35.50,Human,HumanControl(Clone)_-16618,27.659,15.075,81.559,0,,,
0,35.50,Human,HumanControl(Clone)_-16634,29.750,13.531,85.357,0,HumanControl(Clone)_-16618,,
0,35.50,Human,HumanControl(Clone)_-16650,26.634,15.747,78.397,0,HumanControl(Clone)_-16666,,
0,35.50,Human,HumanControl(Clone)_-16666,29.250,12.557,84.358,0,HumanControl(Clone)_-16618,,
0,35.50,Human,HumanControl(Clone)_-16682,26.041,16.595,82.265,0,HumanControl(Clone)_-16666,,
0,35.50,Human,HumanControl(Clone)_-16698,28.601,14.734,75.921,0,HumanControl(Clone)_-16618,,
0,35.50,Human,HumanControl(Clone)_-16746,29.995,14.744,85.667,0,HumanControl(Clone)_-16618,,
0,35.50,Human,HumanControl(Clone)_-16762,25.946,15.022,84.289,0,HumanControl(Clone)_-16538,,
0,35.50,Human,HumanControl(Clone)_-16794,28.793,16.132,90.830,0,HumanControl(Clone)_-16538,,
0,35.50,Human,HumanControl(Clone)_-16810,65.546,43.637,83.062,0,,,
0,35.50,Human,HumanControl(Clone)_-16826,25.640,13.990,78.239,0,HumanControl(Clone)_-16698,,
0,35.50,Human,HumanControl(Clone)_-16842,24.746,17.781,84.558,0,HumanControl(Clone)_-16554,,
0,35.50,Human,HumanControl(Clone)_-16890,-4.198,29.998,96.144,0,,,
0,35.50,Human,HumanControl(Clone)_-16906,-2.284,27.414,85.724,0,HumanControl(Clone)_-16890,,
0,35.50,Human,HumanControl(Clone)_-16970,24.522,16.007,74.297,0,HumanControl(Clone)_-16554,,
0,35.50,Human,HumanControl(Clone)_-16986,26.618,13.777,84.650,0,HumanControl(Clone)_-16650,,
0,35.50,Human,HumanControl(Clone)_-17018,27.655,12.478,90.564,0,HumanControl(Clone)_-16650,,
0,35.50,Human,HumanControl(Clone)_-17098,28.636,13.684,85.509,0,HumanControl(Clone)_-16650,,
0,35.50,Human,HumanControl(Clone)_-17130,27.761,16.291,85.467,0,HumanControl(Clone)_-16698,,
0,36.00,Robot,RobotControl(Clone)_-17146,12.486,34.379,,,,,0
0,36.00,Robot,RobotControl(Clone)_-17164,42.509,62.193,,,,,0
0,36.00,Robot,RobotControl(Clone)_-17182,66.469,23.640,,,,,0
0,36.00,Human,HumanControl(Clone)_-16378,-2.338,27.437,88.014,0,HumanControl(Clone)_-16890,,
0,36.00,Human,HumanControl(Clone)_-16458,65.521,44.689,89.110,0,HumanControl(Clone)_-16810,,
0,36.00,Human,HumanControl(Clone)_-16474,66.444,44.159,83.873,0,HumanControl(Clone)_-16810,,
0,36.00,Human,HumanControl(Clone)_-16538,28.582,11.768,85.535,0,HumanControl(Clone)_-16698,,
0,36.00,Human,HumanControl(Clone)_-16554,27.192,12.656,65.520,0,HumanControl(Clone)_-16698,,
0,36.00,Human,HumanControl(Clone)_-16570,6.936,8.067,98.863,0,,,
0,36.00,Human,HumanControl(Clone)_-16586,6.344,8.919,98.826,0,HumanControl(Clone)_-16570,,
0,36.00,Human,HumanControl(Clone)_-16602,29.372,15.043,88.630,0,HumanControl(Clone)_-16618,,
0,36.00,Human,HumanControl(Clone)_-16618,27.403,15.250,81.559,0,,,
0,36.00,Human,HumanControl(Clone)_-16634,29.826,13.981,85.357,0,HumanControl(Clone)_-16618,,
0,36.00,Human,HumanControl(Clone)_-16650,25.295,14.534,78.194,0,HumanControl(Clone)_-16666,,
0,36.00,Human,HumanControl(Clone)_-16666,29.989,12.513,84.358,0,HumanControl(Clone)_-16618,,
0,36.00,Human,HumanControl(Clone)_-16682,26.188,15.608,80.744,0,HumanControl(Clone)_-16666,,
0,36.00,Human,HumanControl(Clone)_-16698,28.407,15.305,75.921,0,HumanControl(Clone)_-16618,,
0,36.00,Human,HumanControl(Clone)_-16746,29.921,16.864,85.667,0,HumanControl(Clone)_-16618,,
0,36.00,Human,HumanControl(Clone)_-16762,25.082,13.474,84.084,0,HumanControl(Clone)_-16538,,
0,36.00,Human,HumanControl(Clone)_-16794,29.088,16.289,90.830,0,HumanControl(Clone)_-16538,,
0,36.00,Human,HumanControl(Clone)_-16810,65.314,42.297,82.437,0,,,
0,36.00,Human,HumanControl(Clone)_-16826,26.352,13.495,77.416,0,HumanControl(Clone)_-16698,,
0,36.00,Human,HumanControl(Clone)_-16842,24.862,16.843,84.558,0,HumanControl(Clone)_-16554,,
0,36.00,Human,HumanControl(Clone)_-16890,-4.817,31.179,96.144,0,,,
0,36.00,Human,HumanControl(Clone)_-16906,-2.933,28.581,85.724,0,HumanControl(Clone)_-16890,,
0,36.00,Human,HumanControl(Clone)_-16970,24.268,14.803,73.437,0,HumanControl(Clone)_-16554,,
0,36.00,Human,HumanControl(Clone)_-16986,26.669,14.535,84.547,0,HumanControl(Clone)_-16650,,
0,36.00,Human,HumanControl(Clone)_-17018,27.955,13.358,89.432,0,HumanControl(Clone)_-16650,,
0,36.00,Human,HumanControl(Clone)_-17098,28.835,13.849,85.509,0,HumanControl(Clone)_-16650,,
0,36.00,Human,HumanControl(Clone)_-17130,27.867,16.478,84.160,0,HumanControl(Clone)_-16698,,
0,36.50,Robot,RobotControl(Clone)_-17146,4.206,35.536,,,,,1
0,36.50,Robot,RobotControl(Clone)_-17164,41.252,58.827,,,,,0
0,36.50,Robot,RobotControl(Clone)_-17182,65.696,19.713,,,,,0
0,36.50,Human,HumanControl(Clone)_-16378,-3.603,29.784,88.014,0,HumanControl(Clone)_-16890,,
0,36.50,Human,HumanControl(Clone)_-16458,65.357,43.399,89.110,0,HumanControl(Clone)_-16810,,
0,36.50,Human,HumanControl(Clone)_-16474,65.335,44.626,83.748,0,HumanControl(Clone)_-16810,,
0,36.50,Human,HumanControl(Clone)_-16538,29.993,11.997,85.535,0,HumanControl(Clone)_-16698,,
0,36.50,Human,HumanControl(Clone)_-16554,28.565,11.102,64.986,0,HumanControl(Clone)_-16698,,
0,36.50,Human,HumanControl(Clone)_-16570,7.131,8.260,98.863,0,,,
0,36.50,Human,HumanControl(Clone)_-16586,6.363,7.582,98.826,0,HumanControl(Clone)_-16570,,
0,36.50,Human,HumanControl(Clone)_-16602,28.026,14.782,88.232,0,HumanControl(Clone)_-16618,,
0,36.50,Human,HumanControl(Clone)_-16618,28.034,16.595,80.447,0,,,
0,36.50,Human,HumanControl(Clone)_-16634,29.096,14.951,85.357,0,HumanControl(Clone)_-16618,,
0,36.50,Human,HumanControl(Clone)_-16650,25.870,13.351,77.474,0,HumanControl(Clone)_-16666,,
0,36.50,Human,HumanControl(Clone)_-16666,29.141,12.594,84.358,0,HumanControl(Clone)_-16618,,
0,36.50,Human,HumanControl(Clone)_-16682,26.629,14.301,80.439,0,HumanControl(Clone)_-16666,,
0,36.50,Human,HumanControl(Clone)_-16698,26.650,15.311,75.921,0,HumanControl(Clone)_-16618,,
0,36.50,Human,HumanControl(Clone)_-16746,28.066,18.720,85.399,0,HumanControl(Clone)_-16618,,
0,36.50,Human,HumanControl(Clone)_-16762,25.750,11.102,84.084,0,HumanControl(Clone)_-16538,,
0,36.50,Human,HumanControl(Clone)_-16794,29.672,16.965,90.830,0,HumanControl(Clone)_-16538,,
0,36.50,Human,HumanControl(Clone)_-16810,64.936,39.645,82.437,0,,,
0,36.50,Human,HumanControl(Clone)_-16826,26.265,11.966,75.954,0,HumanControl(Clone)_-16698,,
0,36.50,Human,HumanControl(Clone)_-16842,25.648,14.540,84.558,0,HumanControl(Clone)_-16554,,
0,36.50,Human,HumanControl(Clone)_-16890,-4.499,31.953,96.144,0,RobotControl(Clone)_-17146,,
0,36.50,Human,HumanControl(Clone)_-16906,-4.216,30.919,85.724,0,HumanControl(Clone)_-16890,,
0,36.50,Human,HumanControl(Clone)_-16970,24.790,12.810,72.461,0,HumanControl(Clone)_-16554,,
0,36.50,Human,HumanControl(Clone)_-16986,25.449,16.914,84.547,0,HumanControl(Clone)_-16650,,
0,36.50,Human,HumanControl(Clone)_-17018,26.910,12.999,89.233,0,HumanControl(Clone)_-16650,,
0,36.50,Human,HumanControl(Clone)_-17098,28.935,16.001,85.509,0,HumanControl(Clone)_-16650,,
0,36.50,Human,HumanControl(Clone)_-17130,27.761,17.566,83.766,0,HumanControl(Clone)_-16698,,
0,37.00,Robot,RobotControl(Clone)_-17146,4.251,34.475,,,,,1
0,37.00,Robot,RobotControl(Clone)_-17164,40.584,56.942,,,,,0
0,37.00,Robot,RobotControl(Clone)_-17182,65.326,17.746,,,,,0
0,37.00,Human,HumanControl(Clone)_-16378,-4.565,30.707,88.014,0,HumanControl(Clone)_-16890,,
0,37.00,Human,HumanControl(Clone)_-16458,65.191,42.091,89.110,0,HumanControl(Clone)_-16810,,
0,37.00,Human,HumanControl(Clone)_-16474,64.926,43.353,83.748,0,HumanControl(Clone)_-16810,,
0,37.00,Human,HumanControl(Clone)_-16538,29.314,13.149,85.535,0,HumanControl(Clone)_-16698,,
0,37.00,Human,HumanControl(Clone)_-16554,28.245,12.225,63.985,0,HumanControl(Clone)_-16698,,
0,37.00,Human,HumanControl(Clone)_-16570,7.192,8.277,98.863,0,,,
0,37.00,Human,HumanControl(Clone)_-16586,6.706,7.361,98.826,0,HumanControl(Clone)_-16570,,
0,37.00,Human,HumanControl(Clone)_-16602,26.533,15.541,88.232,0,HumanControl(Clone)_-16618,,
0,37.00,Human,HumanControl(Clone)_-16618,29.363,17.382,80.447,0,,,
0,37.00,Human,HumanControl(Clone)_-16634,27.468,15.004,85.292,0,HumanControl(Clone)_-16618,,
0,37.00,Human,HumanControl(Clone)_-16650,26.709,13.119,77.474,0,HumanControl(Clone)_-16666,,
0,37.00,Human,HumanControl(Clone)_-16666,28.281,13.475,83.561,0,HumanControl(Clone)_-16618,,
0,37.00,Human,HumanControl(Clone)_-16682,27.209,13.985,80.306,0,HumanControl(Clone)_-16666,,
0,37.00,Human,HumanControl(Clone)_-16698,26.376,16.839,75.921,0,HumanControl(Clone)_-16618,,
0,37.00,Human,HumanControl(Clone)_-16746,27.309,18.369,85.399,0,HumanControl(Clone)_-16618,,
0,37.00,Human,HumanControl(Clone)_-16762,26.401,11.100,84.084,0,HumanControl(Clone)_-16538,,
0,37.00,Human,HumanControl(Clone)_-16794,30.000,16.571,90.830,0,HumanControl(Clone)_-16538,,
0,37.00,Human,HumanControl(Clone)_-16810,64.750,38.319,82.437,0,,,
0,37.00,Human,HumanControl(Clone)_-16826,26.867,11.993,74.910,0,HumanControl(Clone)_-16698,,
0,37.00,Human,HumanControl(Clone)_-16842,26.014,14.229,83.016,0,HumanControl(Clone)_-16554,,
0,37.00,Human,HumanControl(Clone)_-16890,-3.347,31.327,96.144,0,RobotControl(Clone)_-17146,,
0,37.00,Human,HumanControl(Clone)_-16906,-5.287,31.713,85.724,0,HumanControl(Clone)_-16890,,
0,37.00,Human,HumanControl(Clone)_-16970,25.310,11.962,72.252,0,HumanControl(Clone)_-16554,,
0,37.00,Human,HumanControl(Clone)_-16986,24.666,16.335,84.547,0,HumanControl(Clone)_-16650,,
0,37.00,Human,HumanControl(Clone)_-17018,25.741,12.867,89.233,0,HumanControl(Clone)_-16650,,
0,37.00,Human,HumanControl(Clone)_-17098,29.040,16.286,85.313,0,HumanControl(Clone)_-16650,,
0,37.00,Human,HumanControl(Clone)_-17130,28.279,17.088,83.097,0,HumanControl(Clone)_-16698,,
0,37.50,Robot,RobotControl(Clone)_-17146,4.213,30.462,,,,,1
0,37.50,Robot,RobotControl(Clone)_-17164,39.249,53.171,,,,,0
0,37.50,Robot,RobotControl(Clone)_-17182,65.065,19.995,,,,,0
0,37.50,Human,HumanControl(Clone)_-16378,-4.887,31.637,88.014,0,HumanControl(Clone)_-16890,,
0,37.50,Human,HumanControl(Clone)_-16458,64.834,39.456,89.110,0,HumanControl(Clone)_-16810,,
0,37.50,Human,HumanControl(Clone)_-16474,64.779,40.688,83.748,0,HumanControl(Clone)_-16810,,
0,37.50,Human,HumanControl(Clone)_-16538,28.252,14.833,85.468,0,HumanControl(Clone)_-16698,,
0,37.50,Human,HumanControl(Clone)_-16554,27.291,14.534,63.519,0,HumanControl(Clone)_-16698,,
0,37.50,Human,HumanControl(Clone)_-16570,6.931,8.362,98.863,0,,,
0,37.50,Human,HumanControl(Clone)_-16586,7.886,7.990,98.826,0,HumanControl(Clone)_-16570,,
0,37.50,Human,HumanControl(Clone)_-16602,25.794,16.982,86.610,0,HumanControl(Clone)_-16618,,
0,37.50,Human,HumanControl(Clone)_-16618,29.819,16.295,80.447,0,,,
0,37.50,Human,HumanControl(Clone)_-16634,26.811,16.918,85.292,0,HumanControl(Clone)_-16618,,
0,37.50,Human,HumanControl(Clone)_-16650,27.654,12.657,77.408,0,HumanControl(Clone)_-16666,,
0,37.50,Human,HumanControl(Clone)_-16666,28.011,16.622,83.167,0,HumanControl(Clone)_-16618,,
0,37.50,Human,HumanControl(Clone)_-16682,29.631,12.323,80.306,0,HumanControl(Clone)_-16666,,
0,37.50,Human,HumanControl(Clone)_-16698,26.702,18.187,75.510,0,HumanControl(Clone)_-16618,,
0,37.50,Human,HumanControl(Clone)_-16746,28.914,17.592,85.399,0,HumanControl(Clone)_-16618,,
0,37.50,Human,HumanControl(Clone)_-16762,28.694,11.475,84.084,0,HumanControl(Clone)_-16538,,
0,37.50,Human,HumanControl(Clone)_-16794,29.997,14.225,90.830,0,HumanControl(Clone)_-16538,,
0,37.50,Human,HumanControl(Clone)_-16810,64.391,35.674,82.104,0,,,
0,37.50,Human,HumanControl(Clone)_-16826,25.989,14.524,74.910,0,HumanControl(Clone)_-16698,,
0,37.50,Human,HumanControl(Clone)_-16842,26.332,13.585,80.960,0,HumanControl(Clone)_-16554,,
0,37.50,Human,HumanControl(Clone)_-16890,-1.149,29.816,96.144,0,RobotControl(Clone)_-17146,,
0,37.50,Human,HumanControl(Clone)_-16906,-3.805,31.499,85.724,0,HumanControl(Clone)_-16890,,
0,37.50,Human,HumanControl(Clone)_-16970,27.275,11.100,72.252,0,HumanControl(Clone)_-16554,,
0,37.50,Human,HumanControl(Clone)_-16986,23.936,13.648,84.114,0,HumanControl(Clone)_-16650,,
0,37.50,Human,HumanControl(Clone)_-17018,25.142,13.817,89.233,0,HumanControl(Clone)_-16650,,
0,37.50,Human,HumanControl(Clone)_-17098,28.927,15.649,85.313,0,HumanControl(Clone)_-16650,,
0,37.50,Human,HumanControl(Clone)_-17130,26.505,15.400,82.051,0,HumanControl(Clone)_-16698,,
0,38.00,Robot,RobotControl(Clone)_-17146,-0.543,26.748,,,,,1
0,38.00,Robot,RobotControl(Clone)_-17164,38.582,51.286,,,,,0
0,38.00,Robot,RobotControl(Clone)_-17182,65.027,21.995,,,,,0
0,38.00,Human,HumanControl(Clone)_-16378,-4.090,31.096,88.014,0,HumanControl(Clone)_-16890,,
0,38.00,Human,HumanControl(Clone)_-16458,64.655,38.138,89.110,0,HumanControl(Clone)_-16810,,
0,38.00,Human,HumanControl(Clone)_-16474,64.726,39.353,83.748,0,HumanControl(Clone)_-16810,,
0,38.00,Human,HumanControl(Clone)_-16538,28.068,15.552,84.945,0,HumanControl(Clone)_-16698,,
0,38.00,Human,HumanControl(Clone)_-16554,26.823,15.188,63.254,0,HumanControl(Clone)_-16698,,
0,38.00,Human,HumanControl(Clone)_-16570,6.888,8.409,98.863,0,,,
0,38.00,Human,HumanControl(Clone)_-16586,7.925,8.397,98.826,0,HumanControl(Clone)_-16570,,
0,38.00,Human,HumanControl(Clone)_-16602,26.004,17.869,85.071,0,HumanControl(Clone)_-16618,,
0,38.00,Human,HumanControl(Clone)_-16618,29.594,15.426,80.447,0,,,
0,38.00,Human,HumanControl(Clone)_-16634,27.336,17.673,85.292,0,HumanControl(Clone)_-16618,,
0,38.00,Human,HumanControl(Clone)_-16650,28.261,13.512,76.412,0,HumanControl(Clone)_-16666,,
0,38.00,Human,HumanControl(Clone)_-16666,29.090,17.727,83.167,0,HumanControl(Clone)_-16618,,
0,38.00,Human,HumanControl(Clone)_-16682,29.407,14.022,80.306,0,HumanControl(Clone)_-16666,,
0,38.00,Human,HumanControl(Clone)_-16698,27.397,18.900,75.510,0,HumanControl(Clone)_-16618,,
0,38.00,Human,HumanControl(Clone)_-16746,30.000,18.348,84.763,0,HumanControl(Clone)_-16618,,
0,38.00,Human,HumanControl(Clone)_-16762,28.968,11.930,84.084,0,HumanControl(Clone)_-16538,,
0,38.00,Human,HumanControl(Clone)_-16794,30.000,12.974,90.830,0,HumanControl(Clone)_-16538,,
0,38.00,Human,HumanControl(Clone)_-16810,64.213,34.352,80.829,0,,,
0,38.00,Human,HumanControl(Clone)_-16826,25.841,15.553,72.568,0,HumanControl(Clone)_-16698,,
0,38.00,Human,HumanControl(Clone)_-16842,26.786,13.533,80.241,0,HumanControl(Clone)_-16554,,
0,38.00,Human,HumanControl(Clone)_-16890,-0.059,29.049,96.144,0,RobotControl(Clone)_-17146,,
0,38.00,Human,HumanControl(Clone)_-16906,-2.853,30.502,85.724,0,HumanControl(Clone)_-16890,,
0,38.00,Human,HumanControl(Clone)_-16970,27.385,12.420,72.252,0,HumanControl(Clone)_-16554,,
0,38.00,Human,HumanControl(Clone)_-16986,22.982,11.789,83.353,0,HumanControl(Clone)_-16650,,
0,38.00,Human,HumanControl(Clone)_-17018,25.297,12.672,89.233,0,HumanControl(Clone)_-16650,,
0,38.00,Human,HumanControl(Clone)_-17098,28.622,14.713,85.313,0,HumanControl(Clone)_-16650,,
0,38.00,Human,HumanControl(Clone)_-17130,24.879,15.169,82.051,0,HumanControl(Clone)_-16698,,
0,38.50,Robot,RobotControl(Clone)_-17146,-2.561,25.704,,,,,1
0,38.50,Robot,RobotControl(Clone)_-17164,37.248,47.515,,,,,0
0,38.50,Robot,RobotControl(Clone)_-17182,64.809,25.989,,,,,1
0,38.50,Human,HumanControl(Clone)_-16378,-1.780,29.817,88.014,0,HumanControl(Clone)_-16890,,
0,38.50,Human,HumanControl(Clone)_-16458,64.304,35.496,89.110,0,HumanControl(Clone)_-16810,,
0,38.50,Human,HumanControl(Clone)_-16474,64.477,36.698,83.748,0,HumanControl(Clone)_-16810,,
0,38.50,Human,HumanControl(Clone)_-16538,26.859,17.881,84.814,0,HumanControl(Clone)_-16698,,
0,38.50,Human,HumanControl(Clone)_-16554,26.501,16.138,60.923,0,HumanControl(Clone)_-16698,,
0,38.50,Human,HumanControl(Clone)_-16570,6.932,8.137,98.863,0,,,
0,38.50,Human,HumanControl(Clone)_-16586,6.824,9.156,98.826,0,HumanControl(Clone)_-16570,,
0,38.50,Human,HumanControl(Clone)_-16602,27.852,17.781,84.397,0,HumanControl(Clone)_-16618,,
0,38.50,Human,HumanControl(Clone)_-16618,27.359,15.468,80.120,0,,,
0,38.50,Human,HumanControl(Clone)_-16634,29.206,16.820,85.292,0,HumanControl(Clone)_-16618,,
0,38.50,Human,HumanControl(Clone)_-16650,32.727,15.725,76.346,0,HumanControl(Clone)_-16666,,
0,38.50,Human,HumanControl(Clone)_-16666,30.000,17.727,82.319,0,HumanControl(Clone)_-16618,,
0,38.50,Human,HumanControl(Clone)_-16682,33.705,15.500,80.306,0,HumanControl(Clone)_-16666,,
0,38.50,Human,HumanControl(Clone)_-16698,28.776,18.180,75.510,0,HumanControl(Clone)_-16618,,
0,38.50,Human,HumanControl(Clone)_-16746,28.376,15.621,84.613,0,HumanControl(Clone)_-16618,,
0,38.50,Human,HumanControl(Clone)_-16762,28.901,13.751,84.084,0,HumanControl(Clone)_-16538,,
0,38.50,Human,HumanControl(Clone)_-16794,29.546,14.703,90.830,0,HumanControl(Clone)_-16538,,
0,38.50,Human,HumanControl(Clone)_-16810,63.860,31.708,80.329,0,RobotControl(Clone)_-17182,,
0,38.50,Human,HumanControl(Clone)_-16826,25.539,18.299,71.647,0,HumanControl(Clone)_-16698,,
0,38.50,Human,HumanControl(Clone)_-16842,25.382,13.460,79.829,0,HumanControl(Clone)_-16554,,
0,38.50,Human,HumanControl(Clone)_-16890,1.326,26.980,96.144,0,RobotControl(Clone)_-17146,,
0,38.50,Human,HumanControl(Clone)_-16906,-0.669,28.945,85.724,0,HumanControl(Clone)_-16890,,
0,38.50,Human,HumanControl(Clone)_-16970,26.567,14.521,72.149,0,HumanControl(Clone)_-16554,,
0,38.50,Human,HumanControl(Clone)_-16986,24.985,11.401,83.353,0,HumanControl(Clone)_-16650,,
0,38.50,Human,HumanControl(Clone)_-17018,27.403,11.719,87.562,0,HumanControl(Clone)_-16650,,
0,38.50,Human,HumanControl(Clone)_-17098,28.263,12.920,84.251,0,HumanControl(Clone)_-16650,,
0,38.50,Human,HumanControl(Clone)_-17130,24.402,17.237,80.331,0,HumanControl(Clone)_-16698,,
0,39.00,Robot,RobotControl(Clone)_-17146,-0.730,24.877,,,,,1
0,39.00,Robot,RobotControl(Clone)_-17164,36.500,40.835,,,,,0
0,39.00,Robot,RobotControl(Clone)_-17182,64.808,25.989,,,,,1
0,39.00,Human,HumanControl(Clone)_-16378,-0.539,29.362,88.014,0,HumanControl(Clone)_-16890,,
0,39.00,Human,HumanControl(Clone)_-16458,64.133,34.175,88.311,0,HumanControl(Clone)_-16810,,
0,39.00,Human,HumanControl(Clone)_-16474,64.299,35.378,83.748,0,HumanControl(Clone)_-16810,,
0,39.00,Human,HumanControl(Clone)_-16538,27.300,18.334,84.413,0,HumanControl(Clone)_-16698,,
0,39.00,Human,HumanControl(Clone)_-16554,26.294,16.284,58.693,0,HumanControl(Clone)_-16698,,
0,39.00,Human,HumanControl(Clone)_-16570,6.910,8.078,98.863,0,,,
0,39.00,Human,HumanControl(Clone)_-16586,6.443,9.003,98.826,0,HumanControl(Clone)_-16570,,
0,39.00,Human,HumanControl(Clone)_-16602,27.514,17.107,83.728,0,HumanControl(Clone)_-16618,,
0,39.00,Human,HumanControl(Clone)_-16618,26.353,13.580,79.401,0,,,
0,39.00,Human,HumanControl(Clone)_-16634,28.031,15.726,84.311,0,HumanControl(Clone)_-16618,,
0,39.00,Human,HumanControl(Clone)_-16650,34.061,15.963,75.573,0,HumanControl(Clone)_-16666,,
0,39.00,Human,HumanControl(Clone)_-16666,29.304,17.331,81.895,0,HumanControl(Clone)_-16618,,
0,39.00,Human,HumanControl(Clone)_-16682,35.282,15.785,79.791,0,HumanControl(Clone)_-16666,,
0,39.00,Human,HumanControl(Clone)_-16698,28.452,18.332,74.507,0,HumanControl(Clone)_-16618,,
0,39.00,Human,HumanControl(Clone)_-16746,26.935,14.695,84.482,0,HumanControl(Clone)_-16618,,
0,39.00,Human,HumanControl(Clone)_-16762,28.986,14.834,84.084,0,HumanControl(Clone)_-16538,,
0,39.00,Human,HumanControl(Clone)_-16794,29.234,15.839,90.830,0,HumanControl(Clone)_-16538,,
0,39.00,Human,HumanControl(Clone)_-16810,63.684,30.386,78.575,0,RobotControl(Clone)_-17182,,
0,39.00,Human,HumanControl(Clone)_-16826,26.473,18.898,71.236,0,HumanControl(Clone)_-16698,,
0,39.00,Human,HumanControl(Clone)_-16842,25.483,14.314,78.390,0,HumanControl(Clone)_-16554,,
0,39.00,Human,HumanControl(Clone)_-16890,0.007,26.782,96.144,0,RobotControl(Clone)_-17146,,
0,39.00,Human,HumanControl(Clone)_-16906,0.644,28.673,85.724,0,HumanControl(Clone)_-16890,,
0,39.00,Human,HumanControl(Clone)_-16970,25.951,15.202,71.328,0,HumanControl(Clone)_-16554,,
0,39.00,Human,HumanControl(Clone)_-16986,25.886,11.886,81.786,0,HumanControl(Clone)_-16650,,
0,39.00,Human,HumanControl(Clone)_-17018,28.357,12.396,86.561,0,HumanControl(Clone)_-16650,,
0,39.00,Human,HumanControl(Clone)_-17098,33.204,14.467,84.251,0,HumanControl(Clone)_-16650,,
0,39.00,Human,HumanControl(Clone)_-17130,25.371,17.971,80.331,0,HumanControl(Clone)_-16698,,
0,39.50,Robot,RobotControl(Clone)_-17146,1.079,24.015,,,,,1
0,39.50,Robot,RobotControl(Clone)_-17164,36.393,36.838,,,,,0
0,39.50,Robot,RobotControl(Clone)_-17182,59.963,26.067,,,,,1
0,39.50,Human,HumanControl(Clone)_-16378,1.340,27.567,88.014,0,HumanControl(Clone)_-16890,,
0,39.50,Human,HumanControl(Clone)_-16458,63.789,31.531,87.810,0,HumanControl(Clone)_-16810,,
0,39.50,Human,HumanControl(Clone)_-16474,63.946,32.734,82.895,0,HumanControl(Clone)_-16810,,
0,39.50,Human,HumanControl(Clone)_-16538,28.012,17.955,83.945,0,HumanControl(Clone)_-16698,,
0,39.50,Human,HumanControl(Clone)_-16554,26.978,17.774,58.491,0,HumanControl(Clone)_-16698,,
0,39.50,Human,HumanControl(Clone)_-16570,7.131,8.242,98.863,0,,,
0,39.50,Human,HumanControl(Clone)_-16586,6.277,7.676,98.826,0,HumanControl(Clone)_-16570,,
0,39.50,Human,HumanControl(Clone)_-16602,27.184,16.118,83.728,0,HumanControl(Clone)_-16618,,
0,39.50,Human,HumanControl(Clone)_-16618,28.287,13.468,78.797,0,,,
0,39.50,Human,HumanControl(Clone)_-16634,26.922,14.886,84.180,0,HumanControl(Clone)_-16618,,
0,39.50,Human,HumanControl(Clone)_-16650,32.018,16.844,75.470,0,HumanControl(Clone)_-16666,,
0,39.50,Human,HumanControl(Clone)_-16666,28.187,15.901,81.437,0,HumanControl(Clone)_-16618,,
0,39.50,Human,HumanControl(Clone)_-16682,33.346,16.703,79.637,0,HumanControl(Clone)_-16666,,
0,39.50,Human,HumanControl(Clone)_-16698,27.643,17.023,73.503,0,HumanControl(Clone)_-16618,,
0,39.50,Human,HumanControl(Clone)_-16746,26.469,13.525,83.762,0,HumanControl(Clone)_-16618,,
0,39.50,Human,HumanControl(Clone)_-16762,29.114,16.333,84.084,0,HumanControl(Clone)_-16538,,
0,39.50,Human,HumanControl(Clone)_-16794,29.761,18.208,90.533,0,HumanControl(Clone)_-16538,,
0,39.50,Human,HumanControl(Clone)_-16810,63.953,27.770,77.897,0,RobotControl(Clone)_-17182,,
0,39.50,Human,HumanControl(Clone)_-16826,28.648,18.774,71.236,0,HumanControl(Clone)_-16698,,
0,39.50,Human,HumanControl(Clone)_-16842,25.779,16.374,77.681,0,HumanControl(Clone)_-16554,,
0,39.50,Human,HumanControl(Clone)_-16890,-2.292,25.643,96.144,0,RobotControl(Clone)_-17146,,
0,39.50,Human,HumanControl(Clone)_-16906,2.065,26.726,85.365,0,HumanControl(Clone)_-16890,,
0,39.50,Human,HumanControl(Clone)_-16970,24.031,16.289,70.260,0,HumanControl(Clone)_-16554,,
0,39.50,Human,HumanControl(Clone)_-16986,25.752,11.829,79.176,0,HumanControl(Clone)_-16650,,
0,39.50,Human,HumanControl(Clone)_-17018,33.328,14.276,86.428,0,HumanControl(Clone)_-16650,,
0,39.50,Human,HumanControl(Clone)_-17098,32.732,15.099,84.251,0,HumanControl(Clone)_-16650,,
0,39.50,Human,HumanControl(Clone)_-17130,26.804,18.788,78.792,0,HumanControl(Clone)_-16698,,
0,40.00,Robot,RobotControl(Clone)_-17146,1.081,24.014,,,,,1
0,40.00,Robot,RobotControl(Clone)_-17164,36.274,34.842,,,,,0
0,40.00,Robot,RobotControl(Clone)_-17182,58.443,25.384,,,,,1
0,40.00,Human,HumanControl(Clone)_-16378,0.133,26.805,88.014,0,HumanControl(Clone)_-16890,,
0,40.00,Human,HumanControl(Clone)_-16458,63.701,30.276,86.057,0,HumanControl(Clone)_-16810,,
0,40.00,Human,HumanControl(Clone)_-16474,63.754,31.439,82.895,0,HumanControl(Clone)_-16810,,
0,40.00,Human,HumanControl(Clone)_-16538,27.824,16.503,83.075,0,HumanControl(Clone)_-16698,,
0,40.00,Human,HumanControl(Clone)_-16554,26.107,16.599,58.491,0,HumanControl(Clone)_-16698,,
0,40.00,Human,HumanControl(Clone)_-16570,7.194,8.250,98.863,0,,,
0,40.00,Human,HumanControl(Clone)_-16586,6.590,7.407,98.826,0,HumanControl(Clone)_-16570,,
0,40.00,Human,HumanControl(Clone)_-16602,26.802,14.969,83.728,0,HumanControl(Clone)_-16618,,
0,40.00,Human,HumanControl(Clone)_-16618,29.060,14.127,78.797,0,,,
0,40.00,Human,HumanControl(Clone)_-16634,26.516,14.009,84.180,0,HumanControl(Clone)_-16618,,
0,40.00,Human,HumanControl(Clone)_-16650,31.209,16.492,75.470,0,HumanControl(Clone)_-16666,,
0,40.00,Human,HumanControl(Clone)_-16666,27.845,14.317,80.518,0,HumanControl(Clone)_-16618,,
0,40.00,Human,HumanControl(Clone)_-16682,32.721,17.047,79.637,0,HumanControl(Clone)_-16666,,
0,40.00,Human,HumanControl(Clone)_-16698,26.981,15.956,73.503,0,HumanControl(Clone)_-16618,,
0,40.00,Human,HumanControl(Clone)_-16746,26.617,12.817,83.557,0,HumanControl(Clone)_-16618,,
0,40.00,Human,HumanControl(Clone)_-16762,28.350,15.179,83.692,0,HumanControl(Clone)_-16538,,
0,40.00,Human,HumanControl(Clone)_-16794,29.209,16.089,90.109,0,HumanControl(Clone)_-16538,,
0,40.00,Human,HumanControl(Clone)_-16810,60.415,27.250,77.155,0,RobotControl(Clone)_-17182,,
0,40.00,Human,HumanControl(Clone)_-16826,29.671,18.894,71.236,0,HumanControl(Clone)_-16698,,
0,40.00,Human,HumanControl(Clone)_-16842,25.109,16.451,76.971,0,HumanControl(Clone)_-16554,,
0,40.00,Human,HumanControl(Clone)_-16890,-1.535,24.548,96.144,0,RobotControl(Clone)_-17146,,
0,40.00,Human,HumanControl(Clone)_-16906,1.010,26.222,85.365,0,HumanControl(Clone)_-16890,,
0,40.00,Human,HumanControl(Clone)_-16970,24.177,16.997,69.185,0,HumanControl(Clone)_-16554,,
0,40.00,Human,HumanControl(Clone)_-16986,25.689,11.801,76.566,0,HumanControl(Clone)_-16650,,
0,40.00,Human,HumanControl(Clone)_-17018,34.639,14.179,86.428,0,HumanControl(Clone)_-16650,,
0,40.00,Human,HumanControl(Clone)_-17098,33.583,16.361,84.148,0,HumanControl(Clone)_-16650,,
0,40.00,Human,HumanControl(Clone)_-17130,27.049,18.900,78.792,0,HumanControl(Clone)_-16698,,
0,40.50,Robot,RobotControl(Clone)_-17146,6.960,25.917,,,,,1
0,40.50,Robot,RobotControl(Clone)_-17164,36.032,30.849,,,,,0
0,40.50,Robot,RobotControl(Clone)_-17182,57.199,28.351,,,,,1
0,40.50,Human,HumanControl(Clone)_-16378,-2.384,25.706,88.014,0,HumanControl(Clone)_-16890,,
0,40.50,Human,HumanControl(Clone)_-16458,59.462,28.139,84.476,0,HumanControl(Clone)_-16810,,
0,40.50,Human,HumanControl(Clone)_-16474,60.474,28.256,81.040,0,HumanControl(Clone)_-16810,,
0,40.50,Human,HumanControl(Clone)_-16538,27.711,18.292,82.677,0,HumanControl(Clone)_-16698,,
0,40.50,Human,HumanControl(Clone)_-16554,27.092,17.486,58.491,0,HumanControl(Clone)_-16698,,
0,40.50,Human,HumanControl(Clone)_-16570,6.946,8.370,98.863,0,,,
0,40.50,Human,HumanControl(Clone)_-16586,7.843,7.874,98.826,0,HumanControl(Clone)_-16570,,
0,40.50,Human,HumanControl(Clone)_-16602,27.561,12.719,82.186,0,HumanControl(Clone)_-16618,,
0,40.50,Human,HumanControl(Clone)_-16618,30.000,13.604,78.797,0,,,
0,40.50,Human,HumanControl(Clone)_-16634,28.548,12.572,84.180,0,HumanControl(Clone)_-16618,,
0,40.50,Human,HumanControl(Clone)_-16650,26.120,14.847,75.168,0,HumanControl(Clone)_-16666,,
0,40.50,Human,HumanControl(Clone)_-16666,28.902,13.618,79.721,0,HumanControl(Clone)_-16618,,
0,40.50,Human,HumanControl(Clone)_-16682,28.155,15.577,79.179,0,HumanControl(Clone)_-16666,,
0,40.50,Human,HumanControl(Clone)_-16698,27.167,13.715,73.503,0,HumanControl(Clone)_-16618,,
0,40.50,Human,HumanControl(Clone)_-16746,29.413,12.037,83.090,0,HumanControl(Clone)_-16618,,
0,40.50,Human,HumanControl(Clone)_-16762,25.782,16.343,83.387,0,HumanControl(Clone)_-16538,,
0,40.50,Human,HumanControl(Clone)_-16794,27.167,15.910,89.063,0,HumanControl(Clone)_-16538,,
0,40.50,Human,HumanControl(Clone)_-16810,58.460,26.076,76.596,0,RobotControl(Clone)_-17182,,
0,40.50,Human,HumanControl(Clone)_-16826,29.087,17.801,71.236,0,HumanControl(Clone)_-16698,,
0,40.50,Human,HumanControl(Clone)_-16842,24.239,15.848,76.243,0,HumanControl(Clone)_-16554,,
0,40.50,Human,HumanControl(Clone)_-16890,0.642,23.093,95.774,0,RobotControl(Clone)_-17146,,
0,40.50,Human,HumanControl(Clone)_-16906,-1.362,25.633,84.994,0,HumanControl(Clone)_-16890,,
0,40.50,Human,HumanControl(Clone)_-16970,24.596,16.784,69.185,0,HumanControl(Clone)_-16554,,
0,40.50,Human,HumanControl(Clone)_-16986,26.991,11.418,74.895,0,HumanControl(Clone)_-16650,,
0,40.50,Human,HumanControl(Clone)_-17018,33.516,16.364,86.067,0,HumanControl(Clone)_-16650,,
0,40.50,Human,HumanControl(Clone)_-17098,32.942,18.079,83.314,0,HumanControl(Clone)_-16650,,
0,40.50,Human,HumanControl(Clone)_-17130,27.983,16.928,78.123,0,HumanControl(Clone)_-16698,,
0,41.00,Robot,RobotControl(Clone)_-17146,8.368,25.746,,,,,1
0,41.00,Robot,RobotControl(Clone)_-17164,35.910,28.853,,,,,0
0,41.00,Robot,RobotControl(Clone)_-17182,56.686,29.937,,,,,1
0,41.00,Human,HumanControl(Clone)_-16378,-2.822,24.330,88.014,0,HumanControl(Clone)_-16890,,
0,41.00,Human,HumanControl(Clone)_-16458,59.803,27.981,83.221,0,HumanControl(Clone)_-16810,,
0,41.00,Human,HumanControl(Clone)_-16474,58.839,28.391,80.203,0,HumanControl(Clone)_-16810,,
0,41.00,Human,HumanControl(Clone)_-16538,27.630,18.879,82.409,0,HumanControl(Clone)_-16698,,
0,41.00,Human,HumanControl(Clone)_-16554,29.977,16.871,58.491,0,HumanControl(Clone)_-16698,,
0,41.00,Human,HumanControl(Clone)_-16570,6.910,8.422,98.863,0,,,
0,41.00,Human,HumanControl(Clone)_-16586,7.937,8.277,98.826,0,HumanControl(Clone)_-16570,,
0,41.00,Human,HumanControl(Clone)_-16602,27.554,12.343,81.252,0,HumanControl(Clone)_-16618,,
0,41.00,Human,HumanControl(Clone)_-16618,29.016,14.264,78.797,0,,,
0,41.00,Human,HumanControl(Clone)_-16634,28.477,12.795,84.180,0,HumanControl(Clone)_-16618,,
0,41.00,Human,HumanControl(Clone)_-16650,25.684,14.436,74.963,0,HumanControl(Clone)_-16666,,
0,41.00,Human,HumanControl(Clone)_-16666,29.998,13.510,79.721,0,HumanControl(Clone)_-16618,,
0,41.00,Human,HumanControl(Clone)_-16682,25.946,15.460,77.917,0,HumanControl(Clone)_-16666,,
0,41.00,Human,HumanControl(Clone)_-16698,28.041,13.695,72.507,0,HumanControl(Clone)_-16618,,
0,41.00,Human,HumanControl(Clone)_-16746,29.948,11.972,83.090,0,HumanControl(Clone)_-16618,,
0,41.00,Human,HumanControl(Clone)_-16762,26.069,16.979,82.475,0,HumanControl(Clone)_-16538,,
0,41.00,Human,HumanControl(Clone)_-16794,27.307,17.793,89.063,0,HumanControl(Clone)_-16538,,
0,41.00,Human,HumanControl(Clone)_-16810,57.694,24.988,75.796,0,RobotControl(Clone)_-17182,,
0,41.00,Human,HumanControl(Clone)_-16826,28.799,17.833,71.236,0,HumanControl(Clone)_-16698,,
0,41.00,Human,HumanControl(Clone)_-16842,24.427,15.124,75.168,0,HumanControl(Clone)_-16554,,
0,41.00,Human,HumanControl(Clone)_-16890,1.901,23.531,95.439,0,RobotControl(Clone)_-17146,,
0,41.00,Human,HumanControl(Clone)_-16906,-1.787,24.551,84.994,0,HumanControl(Clone)_-16890,,
0,41.00,Human,HumanControl(Clone)_-16970,23.393,15.875,67.895,0,HumanControl(Clone)_-16554,,
0,41.00,Human,HumanControl(Clone)_-16986,25.908,11.635,74.173,0,HumanControl(Clone)_-16650,,
0,41.00,Human,HumanControl(Clone)_-17018,32.176,16.304,84.873,0,HumanControl(Clone)_-16650,,
0,41.00,Human,HumanControl(Clone)_-17098,32.108,17.304,83.314,0,HumanControl(Clone)_-16650,,
0,41.00,Human,HumanControl(Clone)_-17130,28.445,15.723,77.142,0,HumanControl(Clone)_-16698,,
0,41.50,Robot,RobotControl(Clone)_-17146,6.557,25.666,,,,,1
0,41.50,Robot,RobotControl(Clone)_-17164,36.221,18.387,,,,,0
0,41.50,Robot,RobotControl(Clone)_-17182,55.663,33.109,,,,,1
0,41.50,Human,HumanControl(Clone)_-16378,-1.226,23.027,88.014,0,HumanControl(Clone)_-16890,,
0,41.50,Human,HumanControl(Clone)_-16458,58.917,25.463,83.054,0,HumanControl(Clone)_-16810,,
0,41.50,Human,HumanControl(Clone)_-16474,57.466,26.461,80.203,0,HumanControl(Clone)_-16810,,
0,41.50,Human,HumanControl(Clone)_-16538,26.773,16.695,82.208,0,HumanControl(Clone)_-16698,,
0,41.50,Human,HumanControl(Clone)_-16554,28.402,15.565,58.425,0,HumanControl(Clone)_-16698,,
0,41.50,Human,HumanControl(Clone)_-16570,6.918,8.147,98.863,0,,,
0,41.50,Human,HumanControl(Clone)_-16586,6.942,9.171,98.826,0,HumanControl(Clone)_-16570,,
0,41.50,Human,HumanControl(Clone)_-16602,27.616,12.749,81.118,0,HumanControl(Clone)_-16618,,
0,41.50,Human,HumanControl(Clone)_-16618,29.176,14.915,78.797,0,,,
0,41.50,Human,HumanControl(Clone)_-16634,28.591,12.501,84.180,0,HumanControl(Clone)_-16618,,
0,41.50,Human,HumanControl(Clone)_-16650,26.618,12.792,74.551,0,HumanControl(Clone)_-16666,,
0,41.50,Human,HumanControl(Clone)_-16666,30.000,14.106,79.721,0,HumanControl(Clone)_-16618,,
0,41.50,Human,HumanControl(Clone)_-16682,25.956,13.541,76.992,0,HumanControl(Clone)_-16666,,
0,41.50,Human,HumanControl(Clone)_-16698,28.317,13.883,72.308,0,HumanControl(Clone)_-16618,,
0,41.50,Human,HumanControl(Clone)_-16746,29.996,12.925,83.090,0,HumanControl(Clone)_-16618,,
0,41.50,Human,HumanControl(Clone)_-16762,26.577,17.827,82.475,0,HumanControl(Clone)_-16538,,
0,41.50,Human,HumanControl(Clone)_-16794,28.861,18.894,89.063,0,HumanControl(Clone)_-16538,,
0,41.50,Human,HumanControl(Clone)_-16810,56.727,27.404,75.796,0,RobotControl(Clone)_-17182,,
0,41.50,Human,HumanControl(Clone)_-16826,27.823,16.596,70.844,0,HumanControl(Clone)_-16698,,
0,41.50,Human,HumanControl(Clone)_-16842,25.856,16.135,74.459,0,HumanControl(Clone)_-16554,,
0,41.50,Human,HumanControl(Clone)_-16890,7.573,25.757,94.927,0,RobotControl(Clone)_-17146,,
0,41.50,Human,HumanControl(Clone)_-16906,-0.151,22.622,84.994,0,HumanControl(Clone)_-16890,,
0,41.50,Human,HumanControl(Clone)_-16970,24.932,16.537,66.390,0,HumanControl(Clone)_-16554,,
0,41.50,Human,HumanControl(Clone)_-16986,24.061,13.879,73.205,0,HumanControl(Clone)_-16650,,
0,41.50,Human,HumanControl(Clone)_-17018,31.256,15.941,84.783,0,HumanControl(Clone)_-16650,,
0,41.50,Human,HumanControl(Clone)_-17098,26.598,15.187,82.268,0,HumanControl(Clone)_-16650,,
0,41.50,Human,HumanControl(Clone)_-17130,27.440,14.362,76.480,0,HumanControl(Clone)_-16698,,
0,42.00,Robot,RobotControl(Clone)_-17146,6.737,27.311,,,,,1
0,42.00,Robot,RobotControl(Clone)_-17164,36.516,16.409,,,,,0
0,42.00,Robot,RobotControl(Clone)_-17182,55.151,34.695,,,,,1
0,42.00,Human,HumanControl(Clone)_-16378,-0.011,23.410,88.014,0,HumanControl(Clone)_-16890,,
0,42.00,Human,HumanControl(Clone)_-16458,58.083,24.736,83.054,0,HumanControl(Clone)_-16810,,
0,42.00,Human,HumanControl(Clone)_-16474,56.849,26.413,80.203,0,HumanControl(Clone)_-16810,,
0,42.00,Human,HumanControl(Clone)_-16538,25.875,15.284,82.107,0,HumanControl(Clone)_-16698,,
0,42.00,Human,HumanControl(Clone)_-16554,27.593,15.693,57.510,0,HumanControl(Clone)_-16698,,
0,42.00,Human,HumanControl(Clone)_-16570,6.889,8.090,98.863,0,,,
0,42.00,Human,HumanControl(Clone)_-16586,6.541,9.067,98.826,0,HumanControl(Clone)_-16570,,
0,42.00,Human,HumanControl(Clone)_-16602,27.161,13.258,81.118,0,HumanControl(Clone)_-16618,,
0,42.00,Human,HumanControl(Clone)_-16618,29.122,15.344,78.797,0,,,
0,42.00,Human,HumanControl(Clone)_-16634,27.277,11.840,82.979,0,HumanControl(Clone)_-16618,,
0,42.00,Human,HumanControl(Clone)_-16650,26.234,12.229,73.925,0,HumanControl(Clone)_-16666,,
0,42.00,Human,HumanControl(Clone)_-16666,29.999,14.642,79.721,0,HumanControl(Clone)_-16618,,
0,42.00,Human,HumanControl(Clone)_-16682,25.247,12.818,75.861,0,HumanControl(Clone)_-16666,,
0,42.00,Human,HumanControl(Clone)_-16698,28.644,13.944,71.644,0,HumanControl(Clone)_-16618,,
0,42.00,Human,HumanControl(Clone)_-16746,29.986,12.746,83.090,0,HumanControl(Clone)_-16618,,
0,42.00,Human,HumanControl(Clone)_-16762,26.058,18.241,80.320,0,HumanControl(Clone)_-16538,,
0,42.00,Human,HumanControl(Clone)_-16794,28.198,18.170,88.060,0,HumanControl(Clone)_-16538,,
0,42.00,Human,HumanControl(Clone)_-16810,56.601,28.731,75.796,0,RobotControl(Clone)_-17182,,
0,42.00,Human,HumanControl(Clone)_-16826,26.803,16.306,70.844,0,HumanControl(Clone)_-16698,,
0,42.00,Human,HumanControl(Clone)_-16842,26.291,17.165,73.445,0,HumanControl(Clone)_-16554,,
0,42.00,Human,HumanControl(Clone)_-16890,7.923,26.006,94.429,0,RobotControl(Clone)_-17146,,
0,42.00,Human,HumanControl(Clone)_-16906,1.039,23.099,84.994,0,HumanControl(Clone)_-16890,,
0,42.00,Human,HumanControl(Clone)_-16970,24.953,17.422,66.390,0,HumanControl(Clone)_-16554,,
0,42.00,Human,HumanControl(Clone)_-16986,24.442,13.534,72.012,0,HumanControl(Clone)_-16650,,
0,42.00,Human,HumanControl(Clone)_-17018,28.456,16.434,83.802,0,HumanControl(Clone)_-16650,,
0,42.00,Human,HumanControl(Clone)_-17098,24.863,14.660,82.268,0,HumanControl(Clone)_-16650,,
0,42.00,Human,HumanControl(Clone)_-17130,26.181,14.309,75.658,0,HumanControl(Clone)_-16698,,
0,42.50,Robot,RobotControl(Clone)_-17146,12.376,31.749,,,,,1
0,42.50,Robot,RobotControl(Clone)_-17164,25.860,15.333,,,,,0
0,42.50,Robot,RobotControl(Clone)_-17182,54.746,35.733,,,,,1
0,42.50,Human,HumanControl(Clone)_-16378,2.100,24.905,88.014,0,HumanControl(Clone)_-16890,,
0,42.50,Human,HumanControl(Clone)_-16458,56.352,26.511,83.054,0,HumanControl(Clone)_-16810,,
0,42.50,Human,HumanControl(Clone)_-16474,56.776,27.745,80.203,0,HumanControl(Clone)_-16810,,
0,42.50,Human,HumanControl(Clone)_-16538,25.491,14.382,81.901,0,HumanControl(Clone)_-16698,,
0,42.50,Human,HumanControl(Clone)_-16554,27.698,15.596,57.248,0,HumanControl(Clone)_-16698,,
0,42.50,Human,HumanControl(Clone)_-16570,7.129,8.226,98.863,0,,,
0,42.50,Human,HumanControl(Clone)_-16586,6.211,7.771,98.826,0,HumanControl(Clone)_-16570,,
0,42.50,Human,HumanControl(Clone)_-16602,29.808,13.106,80.123,0,HumanControl(Clone)_-16618,,
0,42.50,Human,HumanControl(Clone)_-16618,28.802,14.984,78.797,0,,,
0,42.50,Human,HumanControl(Clone)_-16634,28.415,13.084,82.979,0,HumanControl(Clone)_-16618,,
0,42.50,Human,HumanControl(Clone)_-16650,27.829,12.000,73.249,0,HumanControl(Clone)_-16666,,
0,42.50,Human,HumanControl(Clone)_-16666,29.998,15.876,79.721,0,HumanControl(Clone)_-16618,,
0,42.50,Human,HumanControl(Clone)_-16682,26.878,12.435,74.921,0,HumanControl(Clone)_-16666,,
0,42.50,Human,HumanControl(Clone)_-16698,29.157,13.865,71.644,0,HumanControl(Clone)_-16618,,
0,42.50,Human,HumanControl(Clone)_-16746,29.787,14.812,83.090,0,HumanControl(Clone)_-16618,,
0,42.50,Human,HumanControl(Clone)_-16762,25.228,18.556,78.473,0,HumanControl(Clone)_-16538,,
0,42.50,Human,HumanControl(Clone)_-16794,26.002,17.186,87.825,0,HumanControl(Clone)_-16538,,
0,42.50,Human,HumanControl(Clone)_-16810,56.113,31.351,74.295,0,RobotControl(Clone)_-17182,,
0,42.50,Human,HumanControl(Clone)_-16826,26.837,14.811,70.134,0,HumanControl(Clone)_-16698,,
0,42.50,Human,HumanControl(Clone)_-16842,29.283,16.860,73.445,0,HumanControl(Clone)_-16554,,
0,42.50,Human,HumanControl(Clone)_-16890,5.476,25.329,94.389,0,RobotControl(Clone)_-17146,,
0,42.50,Human,HumanControl(Clone)_-16906,6.359,25.835,84.494,0,HumanControl(Clone)_-16890,,
0,42.50,Human,HumanControl(Clone)_-16970,25.034,17.531,66.390,0,HumanControl(Clone)_-16554,,
0,42.50,Human,HumanControl(Clone)_-16986,25.875,11.731,71.064,0,HumanControl(Clone)_-16650,,
0,42.50,Human,HumanControl(Clone)_-17018,26.988,16.300,83.671,0,HumanControl(Clone)_-16650,,
0,42.50,Human,HumanControl(Clone)_-17098,24.430,12.501,79.878,0,HumanControl(Clone)_-16650,,
0,42.50,Human,HumanControl(Clone)_-17130,26.725,13.450,73.910,0,HumanControl(Clone)_-16698,,
0,43.00,Robot,RobotControl(Clone)_-17146,14.033,31.748,,,,,1
0,43.00,Robot,RobotControl(Clone)_-17164,25.544,14.194,,,,,0
0,43.00,Robot,RobotControl(Clone)_-17182,55.039,34.604,,,,,1
0,43.00,Human,HumanControl(Clone)_-16378,6.180,25.752,87.707,0,HumanControl(Clone)_-16890,,
0,43.00,Human,HumanControl(Clone)_-16458,56.273,27.839,81.738,0,HumanControl(Clone)_-16810,,
0,43.00,Human,HumanControl(Clone)_-16474,56.672,29.075,80.203,0,HumanControl(Clone)_-16810,,
0,43.00,Human,HumanControl(Clone)_-16538,25.482,13.035,81.490,0,HumanControl(Clone)_-16698,,
0,43.00,Human,HumanControl(Clone)_-16554,27.806,16.439,55.613,0,HumanControl(Clone)_-16698,,
0,43.00,Human,HumanControl(Clone)_-16570,7.193,8.226,98.863,0,,,
0,43.00,Human,HumanControl(Clone)_-16586,6.490,7.464,98.826,0,HumanControl(Clone)_-16570,,
0,43.00,Human,HumanControl(Clone)_-16602,29.967,12.165,80.123,0,HumanControl(Clone)_-16618,,
0,43.00,Human,HumanControl(Clone)_-16618,29.456,15.385,78.797,0,,,
0,43.00,Human,HumanControl(Clone)_-16634,27.829,12.553,82.979,0,HumanControl(Clone)_-16618,,
0,43.00,Human,HumanControl(Clone)_-16650,27.737,11.371,71.847,0,HumanControl(Clone)_-16666,,
0,43.00,Human,HumanControl(Clone)_-16666,30.000,16.225,79.721,0,HumanControl(Clone)_-16618,,
0,43.00,Human,HumanControl(Clone)_-16682,26.857,12.097,74.921,0,HumanControl(Clone)_-16666,,
0,43.00,Human,HumanControl(Clone)_-16698,27.801,14.059,70.914,0,HumanControl(Clone)_-16618,,
0,43.00,Human,HumanControl(Clone)_-16746,29.591,14.291,83.090,0,HumanControl(Clone)_-16618,,
0,43.00,Human,HumanControl(Clone)_-16762,24.203,18.573,77.942,0,HumanControl(Clone)_-16538,,
0,43.00,Human,HumanControl(Clone)_-16794,24.131,17.498,87.414,0,HumanControl(Clone)_-16538,,
0,43.00,Human,HumanControl(Clone)_-16810,55.900,32.667,74.295,0,RobotControl(Clone)_-17182,,
0,43.00,Human,HumanControl(Clone)_-16826,27.009,14.863,70.068,0,HumanControl(Clone)_-16698,,
0,43.00,Human,HumanControl(Clone)_-16842,28.949,16.974,73.445,0,HumanControl(Clone)_-16554,,
0,43.00,Human,HumanControl(Clone)_-16890,5.386,26.624,94.389,0,RobotControl(Clone)_-17146,,
0,43.00,Human,HumanControl(Clone)_-16906,7.733,25.849,83.990,0,HumanControl(Clone)_-16890,,
0,43.00,Human,HumanControl(Clone)_-16970,25.217,17.635,65.964,0,HumanControl(Clone)_-16554,,
0,43.00,Human,HumanControl(Clone)_-16986,26.775,11.100,70.020,0,HumanControl(Clone)_-16650,,
0,43.00,Human,HumanControl(Clone)_-17018,26.810,16.065,83.671,0,HumanControl(Clone)_-16650,,
0,43.00,Human,HumanControl(Clone)_-17098,25.343,11.746,79.878,0,HumanControl(Clone)_-16650,,
0,43.00,Human,HumanControl(Clone)_-17130,26.591,13.150,73.644,0,HumanControl(Clone)_-16698,,
0,43.50,Robot,RobotControl(Clone)_-17146,12.306,31.750,,,,,1
0,43.50,Robot,RobotControl(Clone)_-17164,25.148,13.289,,,,,0
0,43.50,Robot,RobotControl(Clone)_-17182,54.943,34.309,,,,,1
0,43.50,Human,HumanControl(Clone)_-16378,5.002,25.697,87.666,0,HumanControl(Clone)_-16890,,
0,43.50,Human,HumanControl(Clone)_-16458,56.400,30.428,80.906,0,HumanControl(Clone)_-16810,,
0,43.50,Human,HumanControl(Clone)_-16474,56.392,31.662,79.900,0,HumanControl(Clone)_-16810,,
0,43.50,Human,HumanControl(Clone)_-16538,25.959,13.904,80.770,0,HumanControl(Clone)_-16698,,
0,43.50,Human,HumanControl(Clone)_-16554,28.634,16.941,54.894,0,HumanControl(Clone)_-16698,,
0,43.50,Human,HumanControl(Clone)_-16570,6.961,8.376,98.863,0,,,
0,43.50,Human,HumanControl(Clone)_-16586,7.791,7.774,98.826,0,HumanControl(Clone)_-16570,,
0,43.50,Human,HumanControl(Clone)_-16602,29.990,13.429,80.123,0,HumanControl(Clone)_-16618,,
0,43.50,Human,HumanControl(Clone)_-16618,28.559,15.009,78.797,0,,,
0,43.50,Human,HumanControl(Clone)_-16634,29.074,13.966,82.979,0,HumanControl(Clone)_-16618,,
0,43.50,Human,HumanControl(Clone)_-16650,29.700,12.318,71.847,0,HumanControl(Clone)_-16666,,
0,43.50,Human,HumanControl(Clone)_-16666,29.169,16.056,79.721,0,HumanControl(Clone)_-16618,,
0,43.50,Human,HumanControl(Clone)_-16682,28.327,12.640,74.120,0,HumanControl(Clone)_-16666,,
0,43.50,Human,HumanControl(Clone)_-16698,27.744,14.090,69.852,0,HumanControl(Clone)_-16618,,
0,43.50,Human,HumanControl(Clone)_-16746,29.995,15.386,83.090,0,HumanControl(Clone)_-16618,,
0,43.50,Human,HumanControl(Clone)_-16762,23.836,16.652,76.241,0,HumanControl(Clone)_-16538,,
0,43.50,Human,HumanControl(Clone)_-16794,24.075,15.171,85.588,0,HumanControl(Clone)_-16538,,
0,43.50,Human,HumanControl(Clone)_-16810,55.855,35.352,73.665,0,RobotControl(Clone)_-17182,,
0,43.50,Human,HumanControl(Clone)_-16826,27.763,16.309,69.153,0,HumanControl(Clone)_-16698,,
0,43.50,Human,HumanControl(Clone)_-16842,27.678,17.404,73.445,0,HumanControl(Clone)_-16554,,
0,43.50,Human,HumanControl(Clone)_-16890,6.658,28.933,94.059,0,RobotControl(Clone)_-17146,,
0,43.50,Human,HumanControl(Clone)_-16906,5.849,24.636,83.950,0,HumanControl(Clone)_-16890,,
0,43.50,Human,HumanControl(Clone)_-16970,26.323,17.317,65.451,0,HumanControl(Clone)_-16554,,
0,43.50,Human,HumanControl(Clone)_-16986,27.322,11.102,70.020,0,HumanControl(Clone)_-16650,,
0,43.50,Human,HumanControl(Clone)_-17018,26.656,14.956,83.671,0,HumanControl(Clone)_-16650,,
0,43.50,Human,HumanControl(Clone)_-17098,26.715,12.254,78.417,0,HumanControl(Clone)_-16650,,
0,43.50,Human,HumanControl(Clone)_-17130,27.195,13.255,73.644,0,HumanControl(Clone)_-16698,,
0,44.00,Robot,RobotControl(Clone)_-17146,11.137,31.750,,,,,1
0,44.00,Robot,RobotControl(Clone)_-17164,24.821,13.282,,,,,0
0,44.00,Robot,RobotControl(Clone)_-17182,54.465,35.895,,,,,1
0,44.00,Human,HumanControl(Clone)_-16378,5.453,26.736,87.666,0,HumanControl(Clone)_-16890,,
0,44.00,Human,HumanControl(Clone)_-16458,56.275,31.755,79.319,0,HumanControl(Clone)_-16810,,
0,44.00,Human,HumanControl(Clone)_-16474,56.111,32.966,79.468,0,HumanControl(Clone)_-16810,,
0,44.00,Human,HumanControl(Clone)_-16538,25.908,13.616,78.406,0,HumanControl(Clone)_-16698,,
0,44.00,Human,HumanControl(Clone)_-16554,27.883,16.739,54.697,0,HumanControl(Clone)_-16698,,
0,44.00,Human,HumanControl(Clone)_-16570,6.931,8.432,98.863,0,,,
0,44.00,Human,HumanControl(Clone)_-16586,7.934,8.164,98.826,0,HumanControl(Clone)_-16570,,
0,44.00,Human,HumanControl(Clone)_-16602,29.994,14.700,80.123,0,HumanControl(Clone)_-16618,,
0,44.00,Human,HumanControl(Clone)_-16618,27.438,14.957,78.797,0,,,
0,44.00,Human,HumanControl(Clone)_-16634,28.787,14.137,82.979,0,HumanControl(Clone)_-16618,,
0,44.00,Human,HumanControl(Clone)_-16650,29.968,12.935,71.847,0,HumanControl(Clone)_-16666,,
0,44.00,Human,HumanControl(Clone)_-16666,28.920,15.855,79.721,0,HumanControl(Clone)_-16618,,
0,44.00,Human,HumanControl(Clone)_-16682,28.708,12.802,74.120,0,HumanControl(Clone)_-16666,,
0,44.00,Human,HumanControl(Clone)_-16698,27.684,13.741,68.325,0,HumanControl(Clone)_-16618,,
0,44.00,Human,HumanControl(Clone)_-16746,29.959,16.203,83.090,0,HumanControl(Clone)_-16618,,
0,44.00,Human,HumanControl(Clone)_-16762,23.925,15.532,75.596,0,HumanControl(Clone)_-16538,,
0,44.00,Human,HumanControl(Clone)_-16794,24.125,14.102,83.961,0,HumanControl(Clone)_-16538,,
0,44.00,Human,HumanControl(Clone)_-16810,55.102,34.471,73.665,0,RobotControl(Clone)_-17182,,
0,44.00,Human,HumanControl(Clone)_-16826,26.062,17.030,68.956,0,HumanControl(Clone)_-16698,,
0,44.00,Human,HumanControl(Clone)_-16842,26.513,18.851,73.378,0,HumanControl(Clone)_-16554,,
0,44.00,Human,HumanControl(Clone)_-16890,7.442,29.805,94.059,0,RobotControl(Clone)_-17146,,
0,44.00,Human,HumanControl(Clone)_-16906,5.048,25.698,83.950,0,HumanControl(Clone)_-16890,,
0,44.00,Human,HumanControl(Clone)_-16970,27.235,17.501,65.451,0,HumanControl(Clone)_-16554,,
0,44.00,Human,HumanControl(Clone)_-16986,28.291,11.893,69.019,0,HumanControl(Clone)_-16650,,
0,44.00,Human,HumanControl(Clone)_-17018,26.775,14.170,83.671,0,HumanControl(Clone)_-16650,,
0,44.00,Human,HumanControl(Clone)_-17098,27.019,11.675,77.903,0,HumanControl(Clone)_-16650,,
0,44.00,Human,HumanControl(Clone)_-17130,26.716,12.823,73.644,0,HumanControl(Clone)_-16698,,
0,44.50,Robot,RobotControl(Clone)_-17146,5.629,31.750,,,,,1
0,44.50,Robot,RobotControl(Clone)_-17164,23.948,12.577,,,,,0
0,44.50,Robot,RobotControl(Clone)_-17182,53.529,39.090,,,,,1
0,44.50,Human,HumanControl(Clone)_-16378,6.626,29.124,87.336,0,HumanControl(Clone)_-16890,,
0,44.50,Human,HumanControl(Clone)_-16458,56.209,34.386,78.957,0,HumanControl(Clone)_-16810,,
0,44.50,Human,HumanControl(Clone)_-16474,56.018,35.589,78.613,0,HumanControl(Clone)_-16810,,
0,44.50,Human,HumanControl(Clone)_-16538,26.138,11.978,77.469,0,HumanControl(Clone)_-16698,,
0,44.50,Human,HumanControl(Clone)_-16554,26.860,15.067,54.304,0,HumanControl(Clone)_-16698,,
0,44.50,Human,HumanControl(Clone)_-16570,6.907,8.157,98.863,0,,,
0,44.50,Human,HumanControl(Clone)_-16586,7.053,9.171,98.826,0,HumanControl(Clone)_-16570,,
0,44.50,Human,HumanControl(Clone)_-16602,28.342,15.001,80.123,0,HumanControl(Clone)_-16618,,
0,44.50,Human,HumanControl(Clone)_-16618,28.821,15.958,78.143,0,,,
0,44.50,Human,HumanControl(Clone)_-16634,27.796,16.053,82.652,0,HumanControl(Clone)_-16618,,
0,44.50,Human,HumanControl(Clone)_-16650,28.956,14.091,71.847,0,HumanControl(Clone)_-16666,,
0,44.50,Human,HumanControl(Clone)_-16666,27.930,14.047,79.256,0,HumanControl(Clone)_-16618,,
0,44.50,Human,HumanControl(Clone)_-16682,29.943,14.238,74.120,0,HumanControl(Clone)_-16666,,
0,44.50,Human,HumanControl(Clone)_-16698,26.535,14.121,68.192,0,HumanControl(Clone)_-16618,,
0,44.50,Human,HumanControl(Clone)_-16746,29.578,17.043,83.090,0,HumanControl(Clone)_-16618,,
0,44.50,Human,HumanControl(Clone)_-16762,24.827,14.374,75.175,0,HumanControl(Clone)_-16538,,
0,44.50,Human,HumanControl(Clone)_-16794,25.133,13.223,83.436,0,HumanControl(Clone)_-16538,,
0,44.50,Human,HumanControl(Clone)_-16810,54.765,34.953,73.665,0,RobotControl(Clone)_-17182,,
0,44.50,Human,HumanControl(Clone)_-16826,25.826,15.416,67.335,0,HumanControl(Clone)_-16698,,
0,44.50,Human,HumanControl(Clone)_-16842,27.888,18.605,73.044,0,HumanControl(Clone)_-16554,,
0,44.50,Human,HumanControl(Clone)_-16890,8.390,31.332,94.059,0,RobotControl(Clone)_-17146,,
0,44.50,Human,HumanControl(Clone)_-16906,5.539,28.167,83.805,0,HumanControl(Clone)_-16890,,
0,44.50,Human,HumanControl(Clone)_-16970,28.661,17.694,64.916,0,HumanControl(Clone)_-16554,,
0,44.50,Human,HumanControl(Clone)_-16986,29.989,11.994,68.885,0,HumanControl(Clone)_-16650,,
0,44.50,Human,HumanControl(Clone)_-17018,28.439,12.099,83.204,0,HumanControl(Clone)_-16650,,
0,44.50,Human,HumanControl(Clone)_-17098,29.144,11.376,77.569,0,HumanControl(Clone)_-16650,,
0,44.50,Human,HumanControl(Clone)_-17130,26.354,13.137,73.644,0,HumanControl(Clone)_-16698,,
0,45.00,Robot,RobotControl(Clone)_-17146,6.281,32.266,,,,,1
0,45.00,Robot,RobotControl(Clone)_-17164,23.038,13.667,,,,,0
0,45.00,Robot,RobotControl(Clone)_-17182,53.063,40.688,,,,,1
0,45.00,Human,HumanControl(Clone)_-16378,7.472,30.154,87.336,0,HumanControl(Clone)_-16890,,
0,45.00,Human,HumanControl(Clone)_-16458,55.385,34.170,78.563,0,HumanControl(Clone)_-16810,,
0,45.00,Human,HumanControl(Clone)_-16474,55.403,36.744,78.291,0,HumanControl(Clone)_-16810,,
0,45.00,Human,HumanControl(Clone)_-16538,26.494,12.109,76.321,0,HumanControl(Clone)_-16698,,
0,45.00,Human,HumanControl(Clone)_-16554,25.216,13.994,53.482,0,HumanControl(Clone)_-16698,,
0,45.00,Human,HumanControl(Clone)_-16570,6.871,8.105,98.863,0,,,
0,45.00,Human,HumanControl(Clone)_-16586,6.641,9.116,98.826,0,HumanControl(Clone)_-16570,,
0,45.00,Human,HumanControl(Clone)_-16602,28.531,15.888,79.403,0,HumanControl(Clone)_-16618,,
0,45.00,Human,HumanControl(Clone)_-16618,29.682,15.051,78.143,0,,,
0,45.00,Human,HumanControl(Clone)_-16634,28.419,16.922,81.737,0,HumanControl(Clone)_-16618,,
0,45.00,Human,HumanControl(Clone)_-16650,28.922,13.802,71.847,0,HumanControl(Clone)_-16666,,
0,45.00,Human,HumanControl(Clone)_-16666,26.592,13.465,78.593,0,HumanControl(Clone)_-16618,,
0,45.00,Human,HumanControl(Clone)_-16682,30.000,14.081,74.120,0,HumanControl(Clone)_-16666,,
0,45.00,Human,HumanControl(Clone)_-16698,27.537,14.620,67.575,0,HumanControl(Clone)_-16618,,
0,45.00,Human,HumanControl(Clone)_-16746,29.398,17.263,83.090,0,HumanControl(Clone)_-16618,,
0,45.00,Human,HumanControl(Clone)_-16762,23.908,12.885,74.524,0,HumanControl(Clone)_-16538,,
0,45.00,Human,HumanControl(Clone)_-16794,24.856,12.314,83.436,0,HumanControl(Clone)_-16538,,
0,45.00,Human,HumanControl(Clone)_-16810,54.384,36.236,73.180,0,RobotControl(Clone)_-17182,,
0,45.00,Human,HumanControl(Clone)_-16826,25.150,15.650,66.524,0,HumanControl(Clone)_-16698,,
0,45.00,Human,HumanControl(Clone)_-16842,27.512,17.811,72.040,0,HumanControl(Clone)_-16554,,
0,45.00,Human,HumanControl(Clone)_-16890,7.833,32.594,94.059,0,RobotControl(Clone)_-17146,,
0,45.00,Human,HumanControl(Clone)_-16906,6.434,29.158,83.599,0,HumanControl(Clone)_-16890,,
0,45.00,Human,HumanControl(Clone)_-16970,28.956,18.257,64.916,0,HumanControl(Clone)_-16554,,
0,45.00,Human,HumanControl(Clone)_-16986,29.995,12.993,68.885,0,HumanControl(Clone)_-16650,,
0,45.00,Human,HumanControl(Clone)_-17018,28.833,12.311,82.537,0,HumanControl(Clone)_-16650,,
0,45.00,Human,HumanControl(Clone)_-17098,29.787,11.597,77.569,0,HumanControl(Clone)_-16650,,
0,45.00,Human,HumanControl(Clone)_-17130,25.682,13.008,73.644,0,HumanControl(Clone)_-16698,,
0,45.50,Robot,RobotControl(Clone)_-17146,14.044,32.538,,,,,1
0,45.50,Robot,RobotControl(Clone)_-17164,25.788,15.069,,,,,0
0,45.50,Robot,RobotControl(Clone)_-17182,52.868,48.257,,,,,1
0,45.50,Human,HumanControl(Clone)_-16378,8.389,32.089,87.213,0,HumanControl(Clone)_-16890,,
0,45.50,Human,HumanControl(Clone)_-16458,54.666,35.292,78.563,0,HumanControl(Clone)_-16810,,
0,45.50,Human,HumanControl(Clone)_-16474,54.289,36.558,78.291,0,HumanControl(Clone)_-16810,,
0,45.50,Human,HumanControl(Clone)_-16538,27.633,14.393,75.714,0,HumanControl(Clone)_-16698,,
0,45.50,Human,HumanControl(Clone)_-16554,24.800,13.039,53.482,0,HumanControl(Clone)_-16698,,
0,45.50,Human,HumanControl(Clone)_-16570,7.126,8.211,98.863,0,,,
0,45.50,Human,HumanControl(Clone)_-16586,6.160,7.867,98.826,0,HumanControl(Clone)_-16570,,
0,45.50,Human,HumanControl(Clone)_-16602,30.000,16.112,79.403,0,HumanControl(Clone)_-16618,,
0,45.50,Human,HumanControl(Clone)_-16618,28.908,15.646,78.143,0,,,
0,45.50,Human,HumanControl(Clone)_-16634,29.081,16.828,81.737,0,HumanControl(Clone)_-16618,,
0,45.50,Human,HumanControl(Clone)_-16650,27.001,13.228,71.847,0,HumanControl(Clone)_-16666,,
0,45.50,Human,HumanControl(Clone)_-16666,28.632,14.442,77.530,0,HumanControl(Clone)_-16618,,
0,45.50,Human,HumanControl(Clone)_-16682,27.980,13.445,74.120,0,HumanControl(Clone)_-16666,,
0,45.50,Human,HumanControl(Clone)_-16698,29.569,14.891,67.575,0,HumanControl(Clone)_-16618,,
0,45.50,Human,HumanControl(Clone)_-16746,27.774,15.416,83.090,0,HumanControl(Clone)_-16618,,
0,45.50,Human,HumanControl(Clone)_-16762,24.620,11.108,73.325,0,HumanControl(Clone)_-16538,,
0,45.50,Human,HumanControl(Clone)_-16794,25.890,11.903,82.705,0,HumanControl(Clone)_-16538,,
0,45.50,Human,HumanControl(Clone)_-16810,53.625,38.796,72.635,0,RobotControl(Clone)_-17182,,
0,45.50,Human,HumanControl(Clone)_-16826,26.125,14.084,65.804,0,HumanControl(Clone)_-16698,,
0,45.50,Human,HumanControl(Clone)_-16842,26.774,15.379,71.712,0,HumanControl(Clone)_-16554,,
0,45.50,Human,HumanControl(Clone)_-16890,6.231,32.110,93.663,0,RobotControl(Clone)_-17146,,
0,45.50,Human,HumanControl(Clone)_-16906,8.207,31.075,83.271,0,HumanControl(Clone)_-16890,,
0,45.50,Human,HumanControl(Clone)_-16970,27.091,17.070,63.846,0,HumanControl(Clone)_-16554,,
0,45.50,Human,HumanControl(Clone)_-16986,30.000,13.755,68.885,0,HumanControl(Clone)_-16650,,
0,45.50,Human,HumanControl(Clone)_-17018,29.177,13.012,82.537,0,HumanControl(Clone)_-16650,,
0,45.50,Human,HumanControl(Clone)_-17098,29.994,12.359,77.569,0,HumanControl(Clone)_-16650,,
0,45.50,Human,HumanControl(Clone)_-17130,25.810,12.897,73.644,0,HumanControl(Clone)_-16698,,
0,46.00,Robot,RobotControl(Clone)_-17146,14.920,33.955,,,,,1
0,46.00,Robot,RobotControl(Clone)_-17164,25.597,15.287,,,,,0
0,46.00,Robot,RobotControl(Clone)_-17182,53.282,49.871,,,,,1
0,46.00,Human,HumanControl(Clone)_-16378,7.669,33.263,87.007,0,HumanControl(Clone)_-16890,,
0,46.00,Human,HumanControl(Clone)_-16458,53.619,36.205,78.078,0,HumanControl(Clone)_-16810,,
0,46.00,Human,HumanControl(Clone)_-16474,54.552,36.689,78.291,0,HumanControl(Clone)_-16810,,
0,46.00,Human,HumanControl(Clone)_-16538,27.692,14.146,74.253,0,HumanControl(Clone)_-16698,,
0,46.00,Human,HumanControl(Clone)_-16554,22.768,12.477,53.482,0,HumanControl(Clone)_-16698,,
0,46.00,Human,HumanControl(Clone)_-16570,7.189,8.204,98.863,0,,,
0,46.00,Human,HumanControl(Clone)_-16586,6.402,7.528,98.826,0,HumanControl(Clone)_-16570,,
0,46.00,Human,HumanControl(Clone)_-16602,29.830,16.569,79.403,0,HumanControl(Clone)_-16618,,
0,46.00,Human,HumanControl(Clone)_-16618,27.859,17.198,77.816,0,,,
0,46.00,Human,HumanControl(Clone)_-16634,29.047,17.858,81.737,0,HumanControl(Clone)_-16618,,
0,46.00,Human,HumanControl(Clone)_-16650,25.705,13.989,70.716,0,HumanControl(Clone)_-16666,,
0,46.00,Human,HumanControl(Clone)_-16666,28.917,14.153,77.530,0,HumanControl(Clone)_-16618,,
0,46.00,Human,HumanControl(Clone)_-16682,26.533,14.936,73.589,0,HumanControl(Clone)_-16666,,
0,46.00,Human,HumanControl(Clone)_-16698,30.000,14.806,67.575,0,HumanControl(Clone)_-16618,,
0,46.00,Human,HumanControl(Clone)_-16746,28.671,16.542,83.090,0,HumanControl(Clone)_-16618,,
0,46.00,Human,HumanControl(Clone)_-16762,24.838,11.191,73.116,0,HumanControl(Clone)_-16538,,
0,46.00,Human,HumanControl(Clone)_-16794,25.124,12.204,81.661,0,HumanControl(Clone)_-16538,,
0,46.00,Human,HumanControl(Clone)_-16810,53.250,40.077,72.635,0,RobotControl(Clone)_-17182,,
0,46.00,Human,HumanControl(Clone)_-16826,27.081,13.318,64.776,0,HumanControl(Clone)_-16698,,
0,46.00,Human,HumanControl(Clone)_-16842,24.809,14.444,71.712,0,HumanControl(Clone)_-16554,,
0,46.00,Human,HumanControl(Clone)_-16890,11.569,32.401,93.154,0,RobotControl(Clone)_-17146,,
0,46.00,Human,HumanControl(Clone)_-16906,8.253,32.398,82.963,0,HumanControl(Clone)_-16890,,
0,46.00,Human,HumanControl(Clone)_-16970,25.872,16.459,62.325,0,HumanControl(Clone)_-16554,,
0,46.00,Human,HumanControl(Clone)_-16986,28.521,13.227,68.885,0,HumanControl(Clone)_-16650,,
0,46.00,Human,HumanControl(Clone)_-17018,29.059,12.346,82.537,0,HumanControl(Clone)_-16650,,
0,46.00,Human,HumanControl(Clone)_-17098,29.849,13.174,77.569,0,HumanControl(Clone)_-16650,,
0,46.00,Human,HumanControl(Clone)_-17130,26.137,11.358,73.018,0,HumanControl(Clone)_-16698,,
0,46.50,Robot,RobotControl(Clone)_-17146,12.858,33.819,,,,,1
0,46.50,Robot,RobotControl(Clone)_-17164,26.522,14.859,,,,,0
0,46.50,Robot,RobotControl(Clone)_-17182,53.146,48.142,,,,,1
0,46.50,Human,HumanControl(Clone)_-16378,6.999,32.808,87.007,0,HumanControl(Clone)_-16890,,
0,46.50,Human,HumanControl(Clone)_-16458,53.080,38.465,78.013,0,HumanControl(Clone)_-16810,,
0,46.50,Human,HumanControl(Clone)_-16474,53.738,39.244,77.811,0,HumanControl(Clone)_-16810,,
0,46.50,Human,HumanControl(Clone)_-16538,28.702,14.315,74.120,0,HumanControl(Clone)_-16698,,
0,46.50,Human,HumanControl(Clone)_-16554,23.765,12.878,53.482,0,HumanControl(Clone)_-16698,,
0,46.50,Human,HumanControl(Clone)_-16570,6.976,8.380,98.863,0,,,
0,46.50,Human,HumanControl(Clone)_-16586,7.730,7.685,98.826,0,HumanControl(Clone)_-16570,,
0,46.50,Human,HumanControl(Clone)_-16602,27.968,16.534,79.207,0,HumanControl(Clone)_-16618,,
0,46.50,Human,HumanControl(Clone)_-16618,26.825,16.708,77.816,0,,,
0,46.50,Human,HumanControl(Clone)_-16634,27.726,17.838,81.268,0,HumanControl(Clone)_-16618,,
0,46.50,Human,HumanControl(Clone)_-16650,27.426,14.020,68.969,0,HumanControl(Clone)_-16666,,
0,46.50,Human,HumanControl(Clone)_-16666,28.296,15.258,77.530,0,HumanControl(Clone)_-16618,,
0,46.50,Human,HumanControl(Clone)_-16682,27.303,15.784,72.474,0,HumanControl(Clone)_-16666,,
0,46.50,Human,HumanControl(Clone)_-16698,29.080,16.065,67.575,0,HumanControl(Clone)_-16618,,
0,46.50,Human,HumanControl(Clone)_-16746,28.816,17.389,83.090,0,HumanControl(Clone)_-16618,,
0,46.50,Human,HumanControl(Clone)_-16762,26.541,12.592,72.385,0,HumanControl(Clone)_-16538,,
0,46.50,Human,HumanControl(Clone)_-16794,25.143,13.672,81.455,0,HumanControl(Clone)_-16538,,
0,46.50,Human,HumanControl(Clone)_-16810,52.880,42.718,72.635,0,RobotControl(Clone)_-17182,,
0,46.50,Human,HumanControl(Clone)_-16826,28.007,13.206,64.710,0,HumanControl(Clone)_-16698,,
0,46.50,Human,HumanControl(Clone)_-16842,22.946,13.452,70.085,0,HumanControl(Clone)_-16554,,
0,46.50,Human,HumanControl(Clone)_-16890,14.153,32.957,93.114,0,RobotControl(Clone)_-17146,,
0,46.50,Human,HumanControl(Clone)_-16906,11.585,32.962,82.922,0,HumanControl(Clone)_-16890,,
0,46.50,Human,HumanControl(Clone)_-16970,22.517,14.885,60.940,0,HumanControl(Clone)_-16554,,
0,46.50,Human,HumanControl(Clone)_-16986,24.402,12.106,68.776,0,HumanControl(Clone)_-16650,,
0,46.50,Human,HumanControl(Clone)_-17018,25.706,12.027,81.605,0,HumanControl(Clone)_-16650,,
0,46.50,Human,HumanControl(Clone)_-17098,26.160,13.775,75.987,0,HumanControl(Clone)_-16650,,
0,46.50,Human,HumanControl(Clone)_-17130,27.519,11.663,72.551,0,HumanControl(Clone)_-16698,,
0,47.00,Robot,RobotControl(Clone)_-17146,13.391,35.033,,,,,1
0,47.00,Robot,RobotControl(Clone)_-17164,26.969,14.859,,,,,0
0,47.00,Robot,RobotControl(Clone)_-17182,53.054,46.861,,,,,1
0,47.00,Human,HumanControl(Clone)_-16378,11.577,32.456,86.707,0,HumanControl(Clone)_-16890,,
0,47.00,Human,HumanControl(Clone)_-16458,52.989,39.560,78.013,0,HumanControl(Clone)_-16810,,
0,47.00,Human,HumanControl(Clone)_-16474,53.264,40.588,77.811,0,HumanControl(Clone)_-16810,,
0,47.00,Human,HumanControl(Clone)_-16538,29.415,14.222,73.921,0,HumanControl(Clone)_-16698,,
0,47.00,Human,HumanControl(Clone)_-16554,23.878,12.143,52.936,0,HumanControl(Clone)_-16698,,
0,47.00,Human,HumanControl(Clone)_-16570,6.953,8.439,98.863,0,,,
0,47.00,Human,HumanControl(Clone)_-16586,7.917,8.057,98.826,0,HumanControl(Clone)_-16570,,
0,47.00,Human,HumanControl(Clone)_-16602,26.644,17.855,79.207,0,HumanControl(Clone)_-16618,,
0,47.00,Human,HumanControl(Clone)_-16618,27.810,15.400,77.620,0,,,
0,47.00,Human,HumanControl(Clone)_-16634,25.760,18.793,79.676,0,HumanControl(Clone)_-16618,,
0,47.00,Human,HumanControl(Clone)_-16650,28.208,13.545,67.774,0,HumanControl(Clone)_-16666,,
0,47.00,Human,HumanControl(Clone)_-16666,27.692,17.371,77.530,0,HumanControl(Clone)_-16618,,
0,47.00,Human,HumanControl(Clone)_-16682,28.558,14.736,72.474,0,HumanControl(Clone)_-16666,,
0,47.00,Human,HumanControl(Clone)_-16698,28.776,17.750,67.575,0,HumanControl(Clone)_-16618,,
0,47.00,Human,HumanControl(Clone)_-16746,27.643,18.370,82.153,0,HumanControl(Clone)_-16618,,
0,47.00,Human,HumanControl(Clone)_-16762,27.342,12.704,72.385,0,HumanControl(Clone)_-16538,,
0,47.00,Human,HumanControl(Clone)_-16794,24.955,14.651,81.250,0,HumanControl(Clone)_-16538,,
0,47.00,Human,HumanControl(Clone)_-16810,52.474,47.739,72.247,0,RobotControl(Clone)_-17182,,
0,47.00,Human,HumanControl(Clone)_-16826,29.174,13.153,64.710,0,HumanControl(Clone)_-16698,,
0,47.00,Human,HumanControl(Clone)_-16842,22.514,13.625,70.085,0,HumanControl(Clone)_-16554,,
0,47.00,Human,HumanControl(Clone)_-16890,15.176,33.808,93.114,0,RobotControl(Clone)_-17146,,
0,47.00,Human,HumanControl(Clone)_-16906,12.928,33.093,82.922,0,HumanControl(Clone)_-16890,,
0,47.00,Human,HumanControl(Clone)_-16970,21.159,13.911,60.713,0,HumanControl(Clone)_-16554,,
0,47.00,Human,HumanControl(Clone)_-16986,22.871,12.642,67.686,0,HumanControl(Clone)_-16650,,
0,47.00,Human,HumanControl(Clone)_-17018,24.431,11.308,80.561,0,HumanControl(Clone)_-16650,,
0,47.00,Human,HumanControl(Clone)_-17098,24.888,13.579,74.856,0,HumanControl(Clone)_-16650,,
0,47.00,Human,HumanControl(Clone)_-17130,28.361,12.537,72.484,0,HumanControl(Clone)_-16698,,
0,47.50,Robot,RobotControl(Clone)_-17146,15.216,37.822,,,,,1
0,47.50,Robot,RobotControl(Clone)_-17164,27.107,15.407,,,,,0
0,47.50,Robot,RobotControl(Clone)_-17182,53.066,46.838,,,,,1
0,47.50,Human,HumanControl(Clone)_-16378,14.169,32.782,86.666,0,HumanControl(Clone)_-16890,,
0,47.50,Human,HumanControl(Clone)_-16458,52.881,42.159,78.013,0,HumanControl(Clone)_-16810,,
0,47.50,Human,HumanControl(Clone)_-16474,52.897,43.220,77.811,0,HumanControl(Clone)_-16810,,
0,47.50,Human,HumanControl(Clone)_-16538,29.990,16.510,73.921,0,HumanControl(Clone)_-16698,,
0,47.50,Human,HumanControl(Clone)_-16554,25.656,13.508,51.999,0,HumanControl(Clone)_-16698,,
0,47.50,Human,HumanControl(Clone)_-16570,6.897,8.168,98.863,0,,,
0,47.50,Human,HumanControl(Clone)_-16586,7.159,9.159,98.826,0,HumanControl(Clone)_-16570,,
0,47.50,Human,HumanControl(Clone)_-16602,24.873,17.523,78.694,0,HumanControl(Clone)_-16618,,
0,47.50,Human,HumanControl(Clone)_-16618,28.699,15.188,77.620,0,,,
0,47.50,Human,HumanControl(Clone)_-16634,23.717,17.889,77.762,0,HumanControl(Clone)_-16618,,
0,47.50,Human,HumanControl(Clone)_-16650,27.524,14.366,66.513,0,HumanControl(Clone)_-16666,,
0,47.50,Human,HumanControl(Clone)_-16666,28.761,18.393,77.397,0,HumanControl(Clone)_-16618,,
0,47.50,Human,HumanControl(Clone)_-16682,28.734,14.156,72.474,0,HumanControl(Clone)_-16666,,
0,47.50,Human,HumanControl(Clone)_-16698,28.313,16.463,66.382,0,HumanControl(Clone)_-16618,,
0,47.50,Human,HumanControl(Clone)_-16746,25.982,18.327,81.301,0,HumanControl(Clone)_-16618,,
0,47.50,Human,HumanControl(Clone)_-16762,27.329,13.015,72.385,0,HumanControl(Clone)_-16538,,
0,47.50,Human,HumanControl(Clone)_-16794,25.889,15.130,81.250,0,HumanControl(Clone)_-16538,,
0,47.50,Human,HumanControl(Clone)_-16810,53.173,47.879,72.187,0,RobotControl(Clone)_-17182,,
0,47.50,Human,HumanControl(Clone)_-16826,29.978,14.837,64.710,0,HumanControl(Clone)_-16698,,
0,47.50,Human,HumanControl(Clone)_-16842,23.109,12.763,70.085,0,HumanControl(Clone)_-16554,,
0,47.50,Human,HumanControl(Clone)_-16890,12.815,34.070,92.793,0,RobotControl(Clone)_-17146,,
0,47.50,Human,HumanControl(Clone)_-16906,15.463,32.499,82.922,0,HumanControl(Clone)_-16890,,
0,47.50,Human,HumanControl(Clone)_-16970,22.336,12.083,59.918,0,HumanControl(Clone)_-16554,,
0,47.50,Human,HumanControl(Clone)_-16986,24.769,14.081,65.950,0,HumanControl(Clone)_-16650,,
0,47.50,Human,HumanControl(Clone)_-17018,25.338,12.312,80.561,0,HumanControl(Clone)_-16650,,
0,47.50,Human,HumanControl(Clone)_-17098,26.547,14.132,73.931,0,HumanControl(Clone)_-16650,,
0,47.50,Human,HumanControl(Clone)_-17130,28.308,12.527,72.083,0,HumanControl(Clone)_-16698,,
0,48.00,Robot,RobotControl(Clone)_-17146,16.144,39.206,,,,,1
0,48.00,Robot,RobotControl(Clone)_-17164,26.960,14.798,,,,,0
0,48.00,Robot,RobotControl(Clone)_-17182,52.381,48.413,,,,,1
0,48.00,Human,HumanControl(Clone)_-16378,13.122,33.122,86.666,0,HumanControl(Clone)_-16890,,
0,48.00,Human,HumanControl(Clone)_-16458,52.510,47.395,78.013,0,HumanControl(Clone)_-16810,,
0,48.00,Human,HumanControl(Clone)_-16474,52.715,44.377,77.811,0,HumanControl(Clone)_-16810,,
0,48.00,Human,HumanControl(Clone)_-16538,29.863,18.083,73.497,0,HumanControl(Clone)_-16698,,
0,48.00,Human,HumanControl(Clone)_-16554,27.203,13.598,51.896,0,HumanControl(Clone)_-16698,,
0,48.00,Human,HumanControl(Clone)_-16570,6.855,8.120,98.863,0,,,
0,48.00,Human,HumanControl(Clone)_-16586,6.742,9.151,98.826,0,HumanControl(Clone)_-16570,,
0,48.00,Human,HumanControl(Clone)_-16602,25.145,16.683,78.694,0,HumanControl(Clone)_-16618,,
0,48.00,Human,HumanControl(Clone)_-16618,27.904,14.400,77.354,0,,,
0,48.00,Human,HumanControl(Clone)_-16634,23.814,17.200,77.124,0,HumanControl(Clone)_-16618,,
0,48.00,Human,HumanControl(Clone)_-16650,26.977,16.233,66.183,0,HumanControl(Clone)_-16666,,
0,48.00,Human,HumanControl(Clone)_-16666,28.913,18.900,77.397,0,HumanControl(Clone)_-16618,,
0,48.00,Human,HumanControl(Clone)_-16682,29.995,13.431,72.474,0,HumanControl(Clone)_-16666,,
0,48.00,Human,HumanControl(Clone)_-16698,30.000,14.528,65.990,0,HumanControl(Clone)_-16618,,
0,48.00,Human,HumanControl(Clone)_-16746,26.399,17.190,80.275,0,HumanControl(Clone)_-16618,,
0,48.00,Human,HumanControl(Clone)_-16762,27.412,12.452,72.385,0,HumanControl(Clone)_-16538,,
0,48.00,Human,HumanControl(Clone)_-16794,25.865,15.990,80.236,0,HumanControl(Clone)_-16538,,
0,48.00,Human,HumanControl(Clone)_-16810,53.360,48.010,72.187,0,RobotControl(Clone)_-17182,,
0,48.00,Human,HumanControl(Clone)_-16826,30.000,17.033,64.710,0,HumanControl(Clone)_-16698,,
0,48.00,Human,HumanControl(Clone)_-16842,24.126,13.354,70.085,0,HumanControl(Clone)_-16554,,
0,48.00,Human,HumanControl(Clone)_-16890,12.518,35.370,92.793,0,RobotControl(Clone)_-17146,,
0,48.00,Human,HumanControl(Clone)_-16906,16.306,33.531,82.624,0,HumanControl(Clone)_-16890,,
0,48.00,Human,HumanControl(Clone)_-16970,23.477,12.378,57.584,0,HumanControl(Clone)_-16554,,
0,48.00,Human,HumanControl(Clone)_-16986,25.119,13.050,65.539,0,HumanControl(Clone)_-16650,,
0,48.00,Human,HumanControl(Clone)_-17018,26.189,12.343,80.039,0,HumanControl(Clone)_-16650,,
0,48.00,Human,HumanControl(Clone)_-17098,26.026,14.389,71.772,0,HumanControl(Clone)_-16650,,
0,48.00,Human,HumanControl(Clone)_-17130,28.282,13.435,70.819,0,HumanControl(Clone)_-16698,,
0,48.50,Robot,RobotControl(Clone)_-17146,18.001,41.974,,,,,1
0,48.50,Robot,RobotControl(Clone)_-17164,26.653,14.696,,,,,0
0,48.50,Robot,RobotControl(Clone)_-17182,50.215,50.940,,,,,1
0,48.50,Human,HumanControl(Clone)_-16378,12.298,34.175,86.525,0,HumanControl(Clone)_-16890,,
0,48.50,Human,HumanControl(Clone)_-16458,52.522,48.606,77.506,0,HumanControl(Clone)_-16810,,
0,48.50,Human,HumanControl(Clone)_-16474,51.983,47.745,77.572,0,HumanControl(Clone)_-16810,,
0,48.50,Human,HumanControl(Clone)_-16538,29.172,17.311,72.734,0,HumanControl(Clone)_-16698,,
0,48.50,Human,HumanControl(Clone)_-16554,28.858,13.552,50.834,0,HumanControl(Clone)_-16698,,
0,48.50,Human,HumanControl(Clone)_-16570,7.120,8.197,98.863,0,,,
0,48.50,Human,HumanControl(Clone)_-16586,6.122,7.966,98.826,0,HumanControl(Clone)_-16570,,
0,48.50,Human,HumanControl(Clone)_-16602,26.710,15.699,77.073,0,HumanControl(Clone)_-16618,,
0,48.50,Human,HumanControl(Clone)_-16618,27.707,15.278,77.023,0,,,
0,48.50,Human,HumanControl(Clone)_-16634,25.887,16.605,76.719,0,HumanControl(Clone)_-16618,,
0,48.50,Human,HumanControl(Clone)_-16650,28.247,18.504,65.714,0,HumanControl(Clone)_-16666,,
0,48.50,Human,HumanControl(Clone)_-16666,27.899,17.542,77.397,0,HumanControl(Clone)_-16618,,
0,48.50,Human,HumanControl(Clone)_-16682,29.992,13.662,72.474,0,HumanControl(Clone)_-16666,,
0,48.50,Human,HumanControl(Clone)_-16698,28.116,14.227,65.724,0,HumanControl(Clone)_-16618,,
0,48.50,Human,HumanControl(Clone)_-16746,26.865,16.821,80.275,0,HumanControl(Clone)_-16618,,
0,48.50,Human,HumanControl(Clone)_-16762,29.182,11.915,71.584,0,HumanControl(Clone)_-16538,,
0,48.50,Human,HumanControl(Clone)_-16794,27.808,16.478,79.576,0,HumanControl(Clone)_-16538,,
0,48.50,Human,HumanControl(Clone)_-16810,53.049,47.584,72.187,0,RobotControl(Clone)_-17182,,
0,48.50,Human,HumanControl(Clone)_-16826,29.800,18.131,64.371,0,HumanControl(Clone)_-16698,,
0,48.50,Human,HumanControl(Clone)_-16842,25.622,14.447,69.366,0,HumanControl(Clone)_-16554,,
0,48.50,Human,HumanControl(Clone)_-16890,14.178,37.434,92.793,0,RobotControl(Clone)_-17146,,
0,48.50,Human,HumanControl(Clone)_-16906,13.734,34.168,82.444,0,HumanControl(Clone)_-16890,,
0,48.50,Human,HumanControl(Clone)_-16970,25.182,13.485,57.584,0,HumanControl(Clone)_-16554,,
0,48.50,Human,HumanControl(Clone)_-16986,26.218,13.462,63.983,0,HumanControl(Clone)_-16650,,
0,48.50,Human,HumanControl(Clone)_-17018,27.220,13.481,79.830,0,HumanControl(Clone)_-16650,,
0,48.50,Human,HumanControl(Clone)_-17098,25.215,15.795,70.848,0,HumanControl(Clone)_-16650,,
0,48.50,Human,HumanControl(Clone)_-17130,28.921,15.092,70.819,0,HumanControl(Clone)_-16698,,
0,49.00,Robot,RobotControl(Clone)_-17146,17.879,47.852,,,,,1
0,49.00,Robot,RobotControl(Clone)_-17164,26.393,15.716,,,,,0
0,49.00,Robot,RobotControl(Clone)_-17182,49.118,52.191,,,,,1
0,49.00,Human,HumanControl(Clone)_-16378,11.928,35.553,86.035,0,HumanControl(Clone)_-16890,,
0,49.00,Human,HumanControl(Clone)_-16458,51.839,48.672,77.506,0,HumanControl(Clone)_-16810,,
0,49.00,Human,HumanControl(Clone)_-16474,51.900,47.615,76.827,0,HumanControl(Clone)_-16810,,
0,49.00,Human,HumanControl(Clone)_-16538,28.494,16.758,72.734,0,HumanControl(Clone)_-16698,,
0,49.00,Human,HumanControl(Clone)_-16554,29.183,13.281,50.834,0,HumanControl(Clone)_-16698,,
0,49.00,Human,HumanControl(Clone)_-16570,7.182,8.182,98.863,0,,,
0,49.00,Human,HumanControl(Clone)_-16586,6.323,7.601,98.826,0,HumanControl(Clone)_-16570,,
0,49.00,Human,HumanControl(Clone)_-16602,27.371,16.916,77.073,0,HumanControl(Clone)_-16618,,
0,49.00,Human,HumanControl(Clone)_-16618,28.264,14.790,77.023,0,,,
0,49.00,Human,HumanControl(Clone)_-16634,25.967,16.764,75.705,0,HumanControl(Clone)_-16618,,
0,49.00,Human,HumanControl(Clone)_-16650,29.208,18.900,65.714,0,HumanControl(Clone)_-16666,,
0,49.00,Human,HumanControl(Clone)_-16666,27.495,18.535,76.728,0,HumanControl(Clone)_-16618,,
0,49.00,Human,HumanControl(Clone)_-16682,29.769,14.263,72.474,0,HumanControl(Clone)_-16666,,
0,49.00,Human,HumanControl(Clone)_-16698,27.400,11.968,65.060,0,HumanControl(Clone)_-16618,,
0,49.00,Human,HumanControl(Clone)_-16746,26.409,17.664,80.069,0,HumanControl(Clone)_-16618,,
0,49.00,Human,HumanControl(Clone)_-16762,29.551,12.327,71.584,0,HumanControl(Clone)_-16538,,
0,49.00,Human,HumanControl(Clone)_-16794,28.590,17.789,79.510,0,HumanControl(Clone)_-16538,,
0,49.00,Human,HumanControl(Clone)_-16810,52.969,48.574,72.187,0,RobotControl(Clone)_-17182,,
0,49.00,Human,HumanControl(Clone)_-16826,30.000,17.689,63.480,0,HumanControl(Clone)_-16698,,
0,49.00,Human,HumanControl(Clone)_-16842,26.772,13.659,68.646,0,HumanControl(Clone)_-16554,,
0,49.00,Human,HumanControl(Clone)_-16890,15.124,38.374,92.793,0,RobotControl(Clone)_-17146,,
0,49.00,Human,HumanControl(Clone)_-16906,12.760,34.908,82.244,0,HumanControl(Clone)_-16890,,
0,49.00,Human,HumanControl(Clone)_-16970,24.687,11.382,57.481,0,HumanControl(Clone)_-16554,,
0,49.00,Human,HumanControl(Clone)_-16986,25.572,12.892,63.263,0,HumanControl(Clone)_-16650,,
0,49.00,Human,HumanControl(Clone)_-17018,28.361,12.651,79.565,0,HumanControl(Clone)_-16650,,
0,49.00,Human,HumanControl(Clone)_-17098,24.901,16.917,70.848,0,HumanControl(Clone)_-16650,,
0,49.00,Human,HumanControl(Clone)_-17130,29.200,15.284,70.819,0,HumanControl(Clone)_-16698,,
0,49.50,Robot,RobotControl(Clone)_-17146,18.184,50.509,,,,,1
0,49.50,Robot,RobotControl(Clone)_-17164,27.227,15.548,,,,,0
0,49.50,Robot,RobotControl(Clone)_-17182,46.922,54.698,,,,,1
0,49.50,Human,HumanControl(Clone)_-16378,12.751,37.097,85.666,0,HumanControl(Clone)_-16890,,
0,49.50,Human,HumanControl(Clone)_-16458,51.903,47.417,77.029,0,HumanControl(Clone)_-16810,,
0,49.50,Human,HumanControl(Clone)_-16474,52.913,47.556,76.767,0,HumanControl(Clone)_-16810,,
0,49.50,Human,HumanControl(Clone)_-16538,27.945,14.826,71.688,0,HumanControl(Clone)_-16698,,
0,49.50,Human,HumanControl(Clone)_-16554,28.114,13.802,50.369,0,HumanControl(Clone)_-16698,,
0,49.50,Human,HumanControl(Clone)_-16570,6.991,8.381,98.863,0,,,
0,49.50,Human,HumanControl(Clone)_-16586,7.661,7.606,98.826,0,HumanControl(Clone)_-16570,,
0,49.50,Human,HumanControl(Clone)_-16602,27.597,16.570,76.680,0,HumanControl(Clone)_-16618,,
0,49.50,Human,HumanControl(Clone)_-16618,29.098,14.842,77.023,0,,,
0,49.50,Human,HumanControl(Clone)_-16634,25.694,15.395,74.084,0,HumanControl(Clone)_-16618,,
0,49.50,Human,HumanControl(Clone)_-16650,29.079,17.288,65.078,0,HumanControl(Clone)_-16666,,
0,49.50,Human,HumanControl(Clone)_-16666,27.737,17.591,75.925,0,HumanControl(Clone)_-16618,,
0,49.50,Human,HumanControl(Clone)_-16682,29.122,16.263,72.474,0,HumanControl(Clone)_-16666,,
0,49.50,Human,HumanControl(Clone)_-16698,26.152,13.000,65.060,0,HumanControl(Clone)_-16618,,
0,49.50,Human,HumanControl(Clone)_-16746,25.534,16.397,79.155,0,HumanControl(Clone)_-16618,,
0,49.50,Human,HumanControl(Clone)_-16762,30.000,14.363,71.584,0,HumanControl(Clone)_-16538,,
0,49.50,Human,HumanControl(Clone)_-16794,28.760,18.431,79.510,0,HumanControl(Clone)_-16538,,
0,49.50,Human,HumanControl(Clone)_-16810,51.416,50.582,71.904,0,RobotControl(Clone)_-17182,,
0,49.50,Human,HumanControl(Clone)_-16826,30.000,15.726,63.395,0,HumanControl(Clone)_-16698,,
0,49.50,Human,HumanControl(Clone)_-16842,28.631,11.843,68.646,0,HumanControl(Clone)_-16554,,
0,49.50,Human,HumanControl(Clone)_-16890,16.553,40.591,92.793,0,RobotControl(Clone)_-17146,,
0,49.50,Human,HumanControl(Clone)_-16906,13.740,37.355,82.244,0,HumanControl(Clone)_-16890,,
0,49.50,Human,HumanControl(Clone)_-16970,26.395,11.497,57.063,0,HumanControl(Clone)_-16554,,
0,49.50,Human,HumanControl(Clone)_-16986,24.467,13.298,63.263,0,HumanControl(Clone)_-16650,,
0,49.50,Human,HumanControl(Clone)_-17018,27.416,11.717,78.897,0,HumanControl(Clone)_-16650,,
0,49.50,Human,HumanControl(Clone)_-17098,24.448,17.109,70.848,0,HumanControl(Clone)_-16650,,
0,49.50,Human,HumanControl(Clone)_-17130,28.499,12.880,70.819,0,HumanControl(Clone)_-16698,,
0,50.00,Robot,RobotControl(Clone)_-17146,18.786,49.569,,,,,1
0,50.00,Robot,RobotControl(Clone)_-17164,27.153,14.982,,,,,0
0,50.00,Robot,RobotControl(Clone)_-17182,45.824,55.951,,,,,1
0,50.00,Human,HumanControl(Clone)_-16378,13.847,37.759,85.352,0,HumanControl(Clone)_-16890,,
0,50.00,Human,HumanControl(Clone)_-16458,53.097,47.880,77.029,0,HumanControl(Clone)_-16810,,
0,50.00,Human,HumanControl(Clone)_-16474,52.715,48.874,76.767,0,HumanControl(Clone)_-16810,,
0,50.00,Human,HumanControl(Clone)_-16538,27.680,13.827,70.692,0,HumanControl(Clone)_-16698,,
0,50.00,Human,HumanControl(Clone)_-16554,27.017,12.889,49.705,0,HumanControl(Clone)_-16698,,
0,50.00,Human,HumanControl(Clone)_-16570,6.975,8.443,98.863,0,,,
0,50.00,Human,HumanControl(Clone)_-16586,7.890,7.955,98.826,0,HumanControl(Clone)_-16570,,
0,50.00,Human,HumanControl(Clone)_-16602,26.761,15.991,76.680,0,HumanControl(Clone)_-16618,,
0,50.00,Human,HumanControl(Clone)_-16618,28.981,14.696,77.023,0,,,
0,50.00,Human,HumanControl(Clone)_-16634,24.855,14.507,74.084,0,HumanControl(Clone)_-16618,,
0,50.00,Human,HumanControl(Clone)_-16650,27.439,17.763,64.342,0,HumanControl(Clone)_-16666,,
0,50.00,Human,HumanControl(Clone)_-16666,27.772,16.615,75.256,0,HumanControl(Clone)_-16618,,
0,50.00,Human,HumanControl(Clone)_-16682,28.486,17.318,72.474,0,HumanControl(Clone)_-16666,,
0,50.00,Human,HumanControl(Clone)_-16698,26.061,13.593,63.518,0,HumanControl(Clone)_-16618,,
0,50.00,Human,HumanControl(Clone)_-16746,25.514,15.834,77.432,0,HumanControl(Clone)_-16618,,
0,50.00,Human,HumanControl(Clone)_-16762,29.936,15.935,71.584,0,HumanControl(Clone)_-16538,,
0,50.00,Human,HumanControl(Clone)_-16794,29.271,18.384,79.510,0,HumanControl(Clone)_-16538,,
0,50.00,Human,HumanControl(Clone)_-16810,50.432,51.453,71.904,0,RobotControl(Clone)_-17182,,
0,50.00,Human,HumanControl(Clone)_-16826,29.867,14.072,63.395,0,HumanControl(Clone)_-16698,,
0,50.00,Human,HumanControl(Clone)_-16842,29.066,11.199,68.646,0,HumanControl(Clone)_-16554,,
0,50.00,Human,HumanControl(Clone)_-16890,16.963,41.860,92.793,0,RobotControl(Clone)_-17146,,
0,50.00,Human,HumanControl(Clone)_-16906,14.812,38.203,82.244,0,HumanControl(Clone)_-16890,,
0,50.00,Human,HumanControl(Clone)_-16970,26.170,11.806,56.019,0,HumanControl(Clone)_-16554,,
0,50.00,Human,HumanControl(Clone)_-16986,24.746,13.317,63.263,0,HumanControl(Clone)_-16650,,
0,50.00,Human,HumanControl(Clone)_-17018,29.049,12.354,78.564,0,HumanControl(Clone)_-16650,,
0,50.00,Human,HumanControl(Clone)_-17098,25.488,17.651,69.514,0,HumanControl(Clone)_-16650,,
0,50.00,Human,HumanControl(Clone)_-17130,27.276,11.858,70.552,0,HumanControl(Clone)_-16698,,
0,50.50,Robot,RobotControl(Clone)_-17146,19.178,47.271,,,,,1
0,50.50,Robot,RobotControl(Clone)_-17164,27.901,14.865,,,,,0
0,50.50,Robot,RobotControl(Clone)_-17182,47.135,54.821,,,,,1
0,50.50,Human,HumanControl(Clone)_-16378,15.823,39.497,85.310,0,HumanControl(Clone)_-16890,,
0,50.50,Human,HumanControl(Clone)_-16458,52.132,50.209,76.905,0,HumanControl(Clone)_-16810,,
0,50.50,Human,HumanControl(Clone)_-16474,51.265,50.983,76.484,0,HumanControl(Clone)_-16810,,
0,50.50,Human,HumanControl(Clone)_-16538,26.509,12.501,70.351,0,HumanControl(Clone)_-16698,,
0,50.50,Human,HumanControl(Clone)_-16554,24.993,12.375,48.557,0,HumanControl(Clone)_-16698,,
0,50.50,Human,HumanControl(Clone)_-16570,6.888,8.181,98.863,0,,,
0,50.50,Human,HumanControl(Clone)_-16586,7.260,9.135,98.826,0,HumanControl(Clone)_-16570,,
0,50.50,Human,HumanControl(Clone)_-16602,26.631,13.643,75.652,0,HumanControl(Clone)_-16618,,
0,50.50,Human,HumanControl(Clone)_-16618,29.327,14.915,77.023,0,,,
0,50.50,Human,HumanControl(Clone)_-16634,25.932,14.801,73.775,0,HumanControl(Clone)_-16618,,
0,50.50,Human,HumanControl(Clone)_-16650,27.111,17.848,64.275,0,HumanControl(Clone)_-16666,,
0,50.50,Human,HumanControl(Clone)_-16666,28.883,15.885,74.602,0,HumanControl(Clone)_-16618,,
0,50.50,Human,HumanControl(Clone)_-16682,28.119,17.932,70.936,0,HumanControl(Clone)_-16666,,
0,50.50,Human,HumanControl(Clone)_-16698,25.698,13.104,62.901,0,HumanControl(Clone)_-16618,,
0,50.50,Human,HumanControl(Clone)_-16746,26.935,15.150,77.229,0,HumanControl(Clone)_-16618,,
0,50.50,Human,HumanControl(Clone)_-16762,27.919,16.886,71.388,0,HumanControl(Clone)_-16538,,
0,50.50,Human,HumanControl(Clone)_-16794,29.423,17.004,79.510,0,HumanControl(Clone)_-16538,,
0,50.50,Human,HumanControl(Clone)_-16810,48.391,53.153,71.904,0,RobotControl(Clone)_-17182,,
0,50.50,Human,HumanControl(Clone)_-16826,27.997,13.786,62.931,0,HumanControl(Clone)_-16698,,
0,50.50,Human,HumanControl(Clone)_-16842,28.509,12.915,68.646,0,HumanControl(Clone)_-16554,,
0,50.50,Human,HumanControl(Clone)_-16890,17.918,44.298,92.156,0,RobotControl(Clone)_-17146,,
0,50.50,Human,HumanControl(Clone)_-16906,16.616,40.166,82.244,0,HumanControl(Clone)_-16890,,
0,50.50,Human,HumanControl(Clone)_-16970,28.999,11.803,54.943,0,HumanControl(Clone)_-16554,,
0,50.50,Human,HumanControl(Clone)_-16986,24.390,13.760,62.938,0,HumanControl(Clone)_-16650,,
0,50.50,Human,HumanControl(Clone)_-17018,30.000,13.605,78.564,0,HumanControl(Clone)_-16650,,
0,50.50,Human,HumanControl(Clone)_-17098,26.003,17.404,68.385,0,HumanControl(Clone)_-16650,,
0,50.50,Human,HumanControl(Clone)_-17130,25.769,11.549,69.299,0,HumanControl(Clone)_-16698,,
0,51.00,Robot,RobotControl(Clone)_-17146,19.279,46.109,,,,,1
0,51.00,Robot,RobotControl(Clone)_-17164,27.121,15.766,,,,,0
0,51.00,Robot,RobotControl(Clone)_-17182,48.139,54.048,,,,,1
0,51.00,Human,HumanControl(Clone)_-16378,16.396,40.652,85.310,0,HumanControl(Clone)_-16890,,
0,51.00,Human,HumanControl(Clone)_-16458,51.272,51.205,76.728,0,HumanControl(Clone)_-16810,,
0,51.00,Human,HumanControl(Clone)_-16474,50.401,51.973,76.170,0,HumanControl(Clone)_-16810,,
0,51.00,Human,HumanControl(Clone)_-16538,26.627,11.525,69.411,0,HumanControl(Clone)_-16698,,
0,51.00,Human,HumanControl(Clone)_-16554,23.741,12.404,47.248,0,HumanControl(Clone)_-16698,,
0,51.00,Human,HumanControl(Clone)_-16570,6.841,8.138,98.863,0,,,
0,51.00,Human,HumanControl(Clone)_-16586,6.845,9.175,98.826,0,HumanControl(Clone)_-16570,,
0,51.00,Human,HumanControl(Clone)_-16602,27.645,14.641,74.886,0,HumanControl(Clone)_-16618,,
0,51.00,Human,HumanControl(Clone)_-16618,29.072,15.012,77.023,0,,,
0,51.00,Human,HumanControl(Clone)_-16634,26.088,15.187,73.775,0,HumanControl(Clone)_-16618,,
0,51.00,Human,HumanControl(Clone)_-16650,27.695,17.826,63.272,0,HumanControl(Clone)_-16666,,
0,51.00,Human,HumanControl(Clone)_-16666,30.001,15.470,74.602,0,HumanControl(Clone)_-16618,,
0,51.00,Human,HumanControl(Clone)_-16682,28.693,18.322,70.267,0,HumanControl(Clone)_-16666,,
0,51.00,Human,HumanControl(Clone)_-16698,25.942,13.102,62.901,0,HumanControl(Clone)_-16618,,
0,51.00,Human,HumanControl(Clone)_-16746,28.494,16.985,76.771,0,HumanControl(Clone)_-16618,,
0,51.00,Human,HumanControl(Clone)_-16762,26.533,16.935,71.388,0,HumanControl(Clone)_-16538,,
0,51.00,Human,HumanControl(Clone)_-16794,29.507,17.174,79.510,0,HumanControl(Clone)_-16538,,
0,51.00,Human,HumanControl(Clone)_-16810,47.146,53.677,71.904,0,RobotControl(Clone)_-17182,,
0,51.00,Human,HumanControl(Clone)_-16826,26.969,13.186,62.267,0,HumanControl(Clone)_-16698,,
0,51.00,Human,HumanControl(Clone)_-16842,27.572,11.886,68.312,0,HumanControl(Clone)_-16554,,
0,51.00,Human,HumanControl(Clone)_-16890,17.562,43.453,91.245,0,RobotControl(Clone)_-17146,,
0,51.00,Human,HumanControl(Clone)_-16906,17.059,41.463,82.244,0,HumanControl(Clone)_-16890,,
0,51.00,Human,HumanControl(Clone)_-16970,28.193,11.101,54.943,0,HumanControl(Clone)_-16554,,
0,51.00,Human,HumanControl(Clone)_-16986,24.787,14.440,61.853,0,HumanControl(Clone)_-16650,,
0,51.00,Human,HumanControl(Clone)_-17018,29.479,13.596,78.564,0,HumanControl(Clone)_-16650,,
0,51.00,Human,HumanControl(Clone)_-17098,25.526,18.085,66.846,0,HumanControl(Clone)_-16650,,
0,51.00,Human,HumanControl(Clone)_-17130,24.803,11.485,68.777,0,HumanControl(Clone)_-16698,,
0,51.50,Robot,RobotControl(Clone)_-17146,21.243,48.315,,,,,1
0,51.50,Robot,RobotControl(Clone)_-17164,24.784,15.720,,,,,0
0,51.50,Robot,RobotControl(Clone)_-17182,46.341,56.059,,,,,1
0,51.50,Human,HumanControl(Clone)_-16378,16.950,43.121,85.310,0,HumanControl(Clone)_-16890,,
0,51.50,Human,HumanControl(Clone)_-16458,49.032,51.638,76.393,0,HumanControl(Clone)_-16810,,
0,51.50,Human,HumanControl(Clone)_-16474,48.095,52.034,75.965,0,HumanControl(Clone)_-16810,,
0,51.50,Human,HumanControl(Clone)_-16538,25.564,12.135,68.889,0,HumanControl(Clone)_-16698,,
0,51.50,Human,HumanControl(Clone)_-16554,24.224,12.018,44.848,0,HumanControl(Clone)_-16698,,
0,51.50,Human,HumanControl(Clone)_-16570,7.114,8.183,98.863,0,,,
0,51.50,Human,HumanControl(Clone)_-16586,6.096,8.066,98.826,0,HumanControl(Clone)_-16570,,
0,51.50,Human,HumanControl(Clone)_-16602,26.805,16.808,74.624,0,HumanControl(Clone)_-16618,,
0,51.50,Human,HumanControl(Clone)_-16618,27.346,14.684,77.023,0,,,
0,51.50,Human,HumanControl(Clone)_-16634,25.371,14.908,73.775,0,HumanControl(Clone)_-16618,,
0,51.50,Human,HumanControl(Clone)_-16650,28.340,17.045,63.138,0,HumanControl(Clone)_-16666,,
0,51.50,Human,HumanControl(Clone)_-16666,28.835,16.170,74.602,0,HumanControl(Clone)_-16618,,
0,51.50,Human,HumanControl(Clone)_-16682,29.659,17.427,70.267,0,HumanControl(Clone)_-16666,,
0,51.50,Human,HumanControl(Clone)_-16698,26.376,14.962,61.668,0,HumanControl(Clone)_-16618,,
0,51.50,Human,HumanControl(Clone)_-16746,29.993,15.996,76.771,0,HumanControl(Clone)_-16618,,
0,51.50,Human,HumanControl(Clone)_-16762,25.932,15.997,69.158,0,HumanControl(Clone)_-16538,,
0,51.50,Human,HumanControl(Clone)_-16794,28.032,15.422,79.445,0,HumanControl(Clone)_-16538,,
0,51.50,Human,HumanControl(Clone)_-16810,47.889,53.215,71.904,0,RobotControl(Clone)_-17182,,
0,51.50,Human,HumanControl(Clone)_-16826,25.340,13.662,62.058,0,HumanControl(Clone)_-16698,,
0,51.50,Human,HumanControl(Clone)_-16842,24.559,12.966,67.135,0,HumanControl(Clone)_-16554,,
0,51.50,Human,HumanControl(Clone)_-16890,19.300,48.929,91.245,0,RobotControl(Clone)_-17146,,
0,51.50,Human,HumanControl(Clone)_-16906,16.968,44.143,82.244,0,HumanControl(Clone)_-16890,,
0,51.50,Human,HumanControl(Clone)_-16970,26.646,11.609,54.734,0,HumanControl(Clone)_-16554,,
0,51.50,Human,HumanControl(Clone)_-16986,24.512,17.126,61.746,0,HumanControl(Clone)_-16650,,
0,51.50,Human,HumanControl(Clone)_-17018,28.545,14.226,78.564,0,HumanControl(Clone)_-16650,,
0,51.50,Human,HumanControl(Clone)_-17098,26.418,18.044,66.025,0,HumanControl(Clone)_-16650,,
0,51.50,Human,HumanControl(Clone)_-17130,24.930,11.246,68.777,0,HumanControl(Clone)_-16698,,
0,52.00,Robot,RobotControl(Clone)_-17146,22.271,49.627,,,,,1
0,52.00,Robot,RobotControl(Clone)_-17164,24.085,15.191,,,,,0
0,52.00,Robot,RobotControl(Clone)_-17182,45.222,57.278,,,,,1
0,52.00,Human,HumanControl(Clone)_-16378,17.880,40.822,84.637,0,HumanControl(Clone)_-16890,,
0,52.00,Human,HumanControl(Clone)_-16458,47.514,51.969,76.043,0,HumanControl(Clone)_-16810,,
0,52.00,Human,HumanControl(Clone)_-16474,48.563,51.784,75.661,0,HumanControl(Clone)_-16810,,
0,52.00,Human,HumanControl(Clone)_-16538,25.651,13.170,67.845,0,HumanControl(Clone)_-16698,,
0,52.00,Human,HumanControl(Clone)_-16554,24.190,12.588,43.758,0,HumanControl(Clone)_-16698,,
0,52.00,Human,HumanControl(Clone)_-16570,7.174,8.162,98.863,0,,,
0,52.00,Human,HumanControl(Clone)_-16586,6.255,7.681,98.826,0,HumanControl(Clone)_-16570,,
0,52.00,Human,HumanControl(Clone)_-16602,26.588,17.339,74.624,0,HumanControl(Clone)_-16618,,
0,52.00,Human,HumanControl(Clone)_-16618,26.746,12.482,77.023,0,,,
0,52.00,Human,HumanControl(Clone)_-16634,26.020,15.722,73.066,0,HumanControl(Clone)_-16618,,
0,52.00,Human,HumanControl(Clone)_-16650,28.313,17.400,62.870,0,HumanControl(Clone)_-16666,,
0,52.00,Human,HumanControl(Clone)_-16666,27.439,16.778,74.340,0,HumanControl(Clone)_-16618,,
0,52.00,Human,HumanControl(Clone)_-16682,29.967,17.398,69.927,0,HumanControl(Clone)_-16666,,
0,52.00,Human,HumanControl(Clone)_-16698,27.039,15.856,61.566,0,HumanControl(Clone)_-16618,,
0,52.00,Human,HumanControl(Clone)_-16746,29.312,15.671,76.771,0,HumanControl(Clone)_-16618,,
0,52.00,Human,HumanControl(Clone)_-16762,25.210,16.559,67.739,0,HumanControl(Clone)_-16538,,
0,52.00,Human,HumanControl(Clone)_-16794,25.996,14.129,78.314,0,HumanControl(Clone)_-16538,,
0,52.00,Human,HumanControl(Clone)_-16810,47.904,54.857,71.904,0,RobotControl(Clone)_-17182,,
0,52.00,Human,HumanControl(Clone)_-16826,24.259,13.617,61.407,0,HumanControl(Clone)_-16698,,
0,52.00,Human,HumanControl(Clone)_-16842,23.177,12.624,67.135,0,HumanControl(Clone)_-16554,,
0,52.00,Human,HumanControl(Clone)_-16890,19.526,48.051,90.065,0,RobotControl(Clone)_-17146,,
0,52.00,Human,HumanControl(Clone)_-16906,17.817,44.372,81.060,0,HumanControl(Clone)_-16890,,
0,52.00,Human,HumanControl(Clone)_-16970,26.381,11.556,53.168,0,HumanControl(Clone)_-16554,,
0,52.00,Human,HumanControl(Clone)_-16986,24.664,18.200,61.746,0,HumanControl(Clone)_-16650,,
0,52.00,Human,HumanControl(Clone)_-17018,27.918,14.416,78.298,0,HumanControl(Clone)_-16650,,
0,52.00,Human,HumanControl(Clone)_-17098,27.464,17.927,64.129,0,HumanControl(Clone)_-16650,,
0,52.00,Human,HumanControl(Clone)_-17130,25.076,12.068,68.777,0,HumanControl(Clone)_-16698,,
0,52.50,Robot,RobotControl(Clone)_-17146,24.326,52.252,,,,,1
0,52.50,Robot,RobotControl(Clone)_-17164,22.665,15.116,,,,,0
0,52.50,Robot,RobotControl(Clone)_-17182,42.957,59.715,,,,,1
0,52.50,Human,HumanControl(Clone)_-16378,19.450,40.700,84.637,0,HumanControl(Clone)_-16890,,
0,52.50,Human,HumanControl(Clone)_-16458,46.152,54.093,75.838,0,HumanControl(Clone)_-16810,,
0,52.50,Human,HumanControl(Clone)_-16474,47.148,53.857,75.661,0,HumanControl(Clone)_-16810,,
0,52.50,Human,HumanControl(Clone)_-16538,26.784,14.632,66.200,0,HumanControl(Clone)_-16698,,
0,52.50,Human,HumanControl(Clone)_-16554,25.072,15.202,42.456,0,HumanControl(Clone)_-16698,,
0,52.50,Human,HumanControl(Clone)_-16570,7.006,8.382,98.863,0,,,
0,52.50,Human,HumanControl(Clone)_-16586,7.585,7.536,98.826,0,HumanControl(Clone)_-16570,,
0,52.50,Human,HumanControl(Clone)_-16602,25.271,17.155,73.598,0,HumanControl(Clone)_-16618,,
0,52.50,Human,HumanControl(Clone)_-16618,28.567,13.996,77.023,0,,,
0,52.50,Human,HumanControl(Clone)_-16634,25.799,15.924,72.052,0,HumanControl(Clone)_-16618,,
0,52.50,Human,HumanControl(Clone)_-16650,28.513,17.855,61.332,0,HumanControl(Clone)_-16666,,
0,52.50,Human,HumanControl(Clone)_-16666,25.725,14.445,73.724,0,HumanControl(Clone)_-16618,,
0,52.50,Human,HumanControl(Clone)_-16682,27.706,17.223,69.927,0,HumanControl(Clone)_-16666,,
0,52.50,Human,HumanControl(Clone)_-16698,29.704,13.534,61.566,0,HumanControl(Clone)_-16618,,
0,52.50,Human,HumanControl(Clone)_-16746,28.966,12.477,76.771,0,HumanControl(Clone)_-16618,,
0,52.50,Human,HumanControl(Clone)_-16762,24.021,15.128,67.632,0,HumanControl(Clone)_-16538,,
0,52.50,Human,HumanControl(Clone)_-16794,27.098,11.100,77.064,0,HumanControl(Clone)_-16538,,
0,52.50,Human,HumanControl(Clone)_-16810,46.417,57.199,71.904,0,RobotControl(Clone)_-17182,,
0,52.50,Human,HumanControl(Clone)_-16826,24.811,16.267,61.191,0,HumanControl(Clone)_-16698,,
0,52.50,Human,HumanControl(Clone)_-16842,23.367,12.528,67.135,0,HumanControl(Clone)_-16554,,
0,52.50,Human,HumanControl(Clone)_-16890,21.692,47.548,89.419,0,RobotControl(Clone)_-17146,,
0,52.50,Human,HumanControl(Clone)_-16906,16.994,47.213,79.497,0,HumanControl(Clone)_-16890,,
0,52.50,Human,HumanControl(Clone)_-16970,24.278,11.267,52.959,0,HumanControl(Clone)_-16554,,
0,52.50,Human,HumanControl(Clone)_-16986,26.643,18.900,61.746,0,HumanControl(Clone)_-16650,,
0,52.50,Human,HumanControl(Clone)_-17018,26.664,16.422,78.035,0,HumanControl(Clone)_-16650,,
0,52.50,Human,HumanControl(Clone)_-17098,27.734,18.686,64.062,0,HumanControl(Clone)_-16650,,
0,52.50,Human,HumanControl(Clone)_-17130,24.851,13.793,68.777,0,HumanControl(Clone)_-16698,,
0,53.00,Robot,RobotControl(Clone)_-17146,25.353,53.565,,,,,1
0,53.00,Robot,RobotControl(Clone)_-17164,21.326,15.432,,,,,0
0,53.00,Robot,RobotControl(Clone)_-17182,41.823,60.933,,,,,1
0,53.00,Human,HumanControl(Clone)_-16378,19.560,41.222,84.191,0,HumanControl(Clone)_-16890,,
0,53.00,Human,HumanControl(Clone)_-16458,45.861,55.109,75.612,0,HumanControl(Clone)_-16810,,
0,53.00,Human,HumanControl(Clone)_-16474,46.928,55.082,75.661,0,HumanControl(Clone)_-16810,,
0,53.00,Human,HumanControl(Clone)_-16538,27.930,14.991,66.200,0,HumanControl(Clone)_-16698,,
0,53.00,Human,HumanControl(Clone)_-16554,26.729,16.222,41.646,0,HumanControl(Clone)_-16698,,
0,53.00,Human,HumanControl(Clone)_-16570,6.996,8.444,98.863,0,,,
0,53.00,Human,HumanControl(Clone)_-16586,7.851,7.857,98.826,0,HumanControl(Clone)_-16570,,
0,53.00,Human,HumanControl(Clone)_-16602,25.126,16.730,73.497,0,HumanControl(Clone)_-16618,,
0,53.00,Human,HumanControl(Clone)_-16618,28.980,14.975,77.023,0,,,
0,53.00,Human,HumanControl(Clone)_-16634,25.517,14.252,70.422,0,HumanControl(Clone)_-16618,,
0,53.00,Human,HumanControl(Clone)_-16650,28.570,17.681,60.730,0,HumanControl(Clone)_-16666,,
0,53.00,Human,HumanControl(Clone)_-16666,25.785,11.462,71.651,0,HumanControl(Clone)_-16618,,
0,53.00,Human,HumanControl(Clone)_-16682,25.964,17.280,69.927,0,HumanControl(Clone)_-16666,,
0,53.00,Human,HumanControl(Clone)_-16698,28.069,12.766,61.566,0,HumanControl(Clone)_-16618,,
0,53.00,Human,HumanControl(Clone)_-16746,29.100,12.847,76.771,0,HumanControl(Clone)_-16618,,
0,53.00,Human,HumanControl(Clone)_-16762,24.405,14.480,67.090,0,HumanControl(Clone)_-16538,,
0,53.00,Human,HumanControl(Clone)_-16794,27.172,11.844,77.064,0,HumanControl(Clone)_-16538,,
0,53.00,Human,HumanControl(Clone)_-16810,45.231,57.979,71.904,0,RobotControl(Clone)_-17182,,
0,53.00,Human,HumanControl(Clone)_-16826,24.755,18.909,61.191,0,HumanControl(Clone)_-16698,,
0,53.00,Human,HumanControl(Clone)_-16842,23.444,13.440,67.135,0,HumanControl(Clone)_-16554,,
0,53.00,Human,HumanControl(Clone)_-16890,22.477,48.625,88.721,0,RobotControl(Clone)_-17146,,
0,53.00,Human,HumanControl(Clone)_-16906,18.120,47.512,78.223,0,HumanControl(Clone)_-16890,,
0,53.00,Human,HumanControl(Clone)_-16970,23.761,12.325,51.323,0,HumanControl(Clone)_-16554,,
0,53.00,Human,HumanControl(Clone)_-16986,27.157,18.639,61.746,0,HumanControl(Clone)_-16650,,
0,53.00,Human,HumanControl(Clone)_-17018,27.574,17.260,78.035,0,HumanControl(Clone)_-16650,,
0,53.00,Human,HumanControl(Clone)_-17098,28.338,18.830,64.062,0,HumanControl(Clone)_-16650,,
0,53.00,Human,HumanControl(Clone)_-17130,25.604,13.226,67.852,0,HumanControl(Clone)_-16698,,
0,53.50,Robot,RobotControl(Clone)_-17146,27.408,56.189,,,,,1
0,53.50,Robot,RobotControl(Clone)_-17164,25.014,14.689,,,,,0
0,53.50,Robot,RobotControl(Clone)_-17182,39.549,63.369,,,,,1
0,53.50,Human,HumanControl(Clone)_-16378,19.578,47.453,82.527,0,HumanControl(Clone)_-16890,,
0,53.50,Human,HumanControl(Clone)_-16458,45.134,57.728,75.339,0,HumanControl(Clone)_-16810,,
0,53.50,Human,HumanControl(Clone)_-16474,45.833,56.973,75.661,0,HumanControl(Clone)_-16810,,
0,53.50,Human,HumanControl(Clone)_-16538,29.142,13.242,66.200,0,HumanControl(Clone)_-16698,,
0,53.50,Human,HumanControl(Clone)_-16554,29.332,14.997,40.795,0,HumanControl(Clone)_-16698,,
0,53.50,Human,HumanControl(Clone)_-16570,6.881,8.194,98.863,0,,,
0,53.50,Human,HumanControl(Clone)_-16586,7.358,9.101,98.826,0,HumanControl(Clone)_-16570,,
0,53.50,Human,HumanControl(Clone)_-16602,26.702,15.544,71.875,0,HumanControl(Clone)_-16618,,
0,53.50,Human,HumanControl(Clone)_-16618,28.274,15.047,77.023,0,,,
0,53.50,Human,HumanControl(Clone)_-16634,25.662,12.599,70.217,0,HumanControl(Clone)_-16618,,
0,53.50,Human,HumanControl(Clone)_-16650,27.513,16.150,60.468,0,HumanControl(Clone)_-16666,,
0,53.50,Human,HumanControl(Clone)_-16666,27.775,11.955,71.184,0,HumanControl(Clone)_-16618,,
0,53.50,Human,HumanControl(Clone)_-16682,23.816,16.696,69.390,0,HumanControl(Clone)_-16666,,
0,53.50,Human,HumanControl(Clone)_-16698,29.998,12.654,61.566,0,HumanControl(Clone)_-16618,,
0,53.50,Human,HumanControl(Clone)_-16746,29.935,13.885,76.771,0,HumanControl(Clone)_-16618,,
0,53.50,Human,HumanControl(Clone)_-16762,25.898,14.115,66.153,0,HumanControl(Clone)_-16538,,
0,53.50,Human,HumanControl(Clone)_-16794,27.931,13.250,77.064,0,HumanControl(Clone)_-16538,,
0,53.50,Human,HumanControl(Clone)_-16810,43.099,59.644,71.904,0,RobotControl(Clone)_-17182,,
0,53.50,Human,HumanControl(Clone)_-16826,25.547,17.410,61.191,0,HumanControl(Clone)_-16698,,
0,53.50,Human,HumanControl(Clone)_-16842,24.768,15.659,67.135,0,HumanControl(Clone)_-16554,,
0,53.50,Human,HumanControl(Clone)_-16890,23.724,50.983,88.721,0,RobotControl(Clone)_-17146,,
0,53.50,Human,HumanControl(Clone)_-16906,20.777,47.419,78.054,0,HumanControl(Clone)_-16890,,
0,53.50,Human,HumanControl(Clone)_-16970,24.189,13.711,50.346,0,HumanControl(Clone)_-16554,,
0,53.50,Human,HumanControl(Clone)_-16986,27.311,17.702,61.010,0,HumanControl(Clone)_-16650,,
0,53.50,Human,HumanControl(Clone)_-17018,29.129,18.578,77.968,0,HumanControl(Clone)_-16650,,
0,53.50,Human,HumanControl(Clone)_-17098,27.858,18.869,64.062,0,HumanControl(Clone)_-16650,,
0,53.50,Human,HumanControl(Clone)_-17130,26.707,12.419,67.852,0,HumanControl(Clone)_-16698,,
0,54.00,Robot,RobotControl(Clone)_-17146,27.129,55.704,,,,,1
0,54.00,Robot,RobotControl(Clone)_-17164,25.901,13.660,,,,,0
0,54.00,Robot,RobotControl(Clone)_-17182,38.412,64.586,,,,,0
0,54.00,Human,HumanControl(Clone)_-16378,19.313,48.581,82.527,0,HumanControl(Clone)_-16890,,
0,54.00,Human,HumanControl(Clone)_-16458,44.019,58.523,75.339,0,HumanControl(Clone)_-16810,,
0,54.00,Human,HumanControl(Clone)_-16474,44.720,57.657,75.661,0,HumanControl(Clone)_-16810,,
0,54.00,Human,HumanControl(Clone)_-16538,28.880,12.035,66.200,0,HumanControl(Clone)_-16698,,
0,54.00,Human,HumanControl(Clone)_-16554,28.798,14.110,40.795,0,HumanControl(Clone)_-16698,,
0,54.00,Human,HumanControl(Clone)_-16570,6.830,8.156,98.863,0,,,
0,54.00,Human,HumanControl(Clone)_-16586,6.949,9.186,98.826,0,HumanControl(Clone)_-16570,,
0,54.00,Human,HumanControl(Clone)_-16602,27.636,15.066,71.875,0,HumanControl(Clone)_-16618,,
0,54.00,Human,HumanControl(Clone)_-16618,28.654,15.111,77.023,0,,,
0,54.00,Human,HumanControl(Clone)_-16634,26.197,12.496,70.217,0,HumanControl(Clone)_-16618,,
0,54.00,Human,HumanControl(Clone)_-16650,26.127,15.432,59.814,0,HumanControl(Clone)_-16666,,
0,54.00,Human,HumanControl(Clone)_-16666,28.097,12.788,70.517,0,HumanControl(Clone)_-16618,,
0,54.00,Human,HumanControl(Clone)_-16682,22.302,16.888,69.390,0,HumanControl(Clone)_-16666,,
0,54.00,Human,HumanControl(Clone)_-16698,29.979,13.826,61.566,0,HumanControl(Clone)_-16618,,
0,54.00,Human,HumanControl(Clone)_-16746,29.673,15.061,76.771,0,HumanControl(Clone)_-16618,,
0,54.00,Human,HumanControl(Clone)_-16762,26.836,14.015,65.125,0,HumanControl(Clone)_-16538,,
0,54.00,Human,HumanControl(Clone)_-16794,27.834,13.809,76.069,0,HumanControl(Clone)_-16538,,
0,54.00,Human,HumanControl(Clone)_-16810,42.153,60.612,71.904,0,,,
0,54.00,Human,HumanControl(Clone)_-16826,25.361,16.131,60.481,0,HumanControl(Clone)_-16698,,
0,54.00,Human,HumanControl(Clone)_-16842,26.424,16.563,66.932,0,HumanControl(Clone)_-16554,,
0,54.00,Human,HumanControl(Clone)_-16890,24.430,52.113,87.681,0,RobotControl(Clone)_-17146,,
0,54.00,Human,HumanControl(Clone)_-16906,21.974,48.004,77.007,0,HumanControl(Clone)_-16890,,
0,54.00,Human,HumanControl(Clone)_-16970,24.866,13.918,49.803,0,HumanControl(Clone)_-16554,,
0,54.00,Human,HumanControl(Clone)_-16986,27.387,16.833,61.010,0,HumanControl(Clone)_-16650,,
0,54.00,Human,HumanControl(Clone)_-17018,28.110,18.900,77.968,0,HumanControl(Clone)_-16650,,
0,54.00,Human,HumanControl(Clone)_-17098,27.191,17.877,64.062,0,HumanControl(Clone)_-16650,,
0,54.00,Human,HumanControl(Clone)_-17130,27.517,11.509,66.851,0,HumanControl(Clone)_-16698,,
0,54.50,Robot,RobotControl(Clone)_-17146,25.809,53.635,,,,,1
0,54.50,Robot,RobotControl(Clone)_-17164,26.060,12.170,,,,,0
0,54.50,Robot,RobotControl(Clone)_-17182,38.937,64.721,,,,,0
0,54.50,Human,HumanControl(Clone)_-16378,21.420,50.088,82.527,0,HumanControl(Clone)_-16890,,
0,54.50,Human,HumanControl(Clone)_-16458,41.596,59.674,75.172,0,HumanControl(Clone)_-16810,,
0,54.50,Human,HumanControl(Clone)_-16474,42.489,59.088,75.264,0,HumanControl(Clone)_-16810,,
0,54.50,Human,HumanControl(Clone)_-16538,29.294,11.989,66.200,0,HumanControl(Clone)_-16698,,
0,54.50,Human,HumanControl(Clone)_-16554,29.974,11.100,40.795,0,HumanControl(Clone)_-16698,,
0,54.50,Human,HumanControl(Clone)_-16570,7.106,8.171,98.863,0,,,
0,54.50,Human,HumanControl(Clone)_-16586,6.081,8.168,98.826,0,HumanControl(Clone)_-16570,,
0,54.50,Human,HumanControl(Clone)_-16602,27.050,15.641,71.744,0,HumanControl(Clone)_-16618,,
0,54.50,Human,HumanControl(Clone)_-16618,30.000,15.376,77.023,0,,,
0,54.50,Human,HumanControl(Clone)_-16634,27.854,14.231,69.543,0,HumanControl(Clone)_-16618,,
0,54.50,Human,HumanControl(Clone)_-16650,26.557,13.248,59.506,0,HumanControl(Clone)_-16666,,
0,54.50,Human,HumanControl(Clone)_-16666,27.812,13.202,70.450,0,HumanControl(Clone)_-16618,,
0,54.50,Human,HumanControl(Clone)_-16682,23.553,15.404,69.390,0,HumanControl(Clone)_-16666,,
0,54.50,Human,HumanControl(Clone)_-16698,29.593,14.464,61.566,0,HumanControl(Clone)_-16618,,
0,54.50,Human,HumanControl(Clone)_-16746,27.335,16.769,76.052,0,HumanControl(Clone)_-16618,,
0,54.50,Human,HumanControl(Clone)_-16762,28.791,13.827,64.063,0,HumanControl(Clone)_-16538,,
0,54.50,Human,HumanControl(Clone)_-16794,29.721,13.364,75.936,0,HumanControl(Clone)_-16538,,
0,54.50,Human,HumanControl(Clone)_-16810,40.332,62.528,71.904,0,,,
0,54.50,Human,HumanControl(Clone)_-16826,26.812,14.669,59.873,0,HumanControl(Clone)_-16698,,
0,54.50,Human,HumanControl(Clone)_-16842,26.205,16.919,66.932,0,HumanControl(Clone)_-16554,,
0,54.50,Human,HumanControl(Clone)_-16890,25.595,54.627,87.469,0,RobotControl(Clone)_-17146,,
0,54.50,Human,HumanControl(Clone)_-16906,23.674,49.937,76.387,0,HumanControl(Clone)_-16890,,
0,54.50,Human,HumanControl(Clone)_-16970,25.818,14.864,49.803,0,HumanControl(Clone)_-16554,,
0,54.50,Human,HumanControl(Clone)_-16986,27.161,18.096,61.010,0,HumanControl(Clone)_-16650,,
0,54.50,Human,HumanControl(Clone)_-17018,26.158,18.272,77.249,0,HumanControl(Clone)_-16650,,
0,54.50,Human,HumanControl(Clone)_-17098,23.933,17.357,63.652,0,HumanControl(Clone)_-16650,,
0,54.50,Human,HumanControl(Clone)_-17130,28.177,12.290,65.783,0,HumanControl(Clone)_-16698,,
0,55.00,Robot,RobotControl(Clone)_-17146,26.461,54.438,,,,,1
0,55.00,Robot,RobotControl(Clone)_-17164,25.283,11.399,,,,,0
0,55.00,Robot,RobotControl(Clone)_-17182,39.815,64.634,,,,,0
0,55.00,Human,HumanControl(Clone)_-16378,22.424,50.813,82.527,0,HumanControl(Clone)_-16890,,
0,55.00,Human,HumanControl(Clone)_-16458,40.639,60.613,74.933,0,,,
0,55.00,Human,HumanControl(Clone)_-16474,41.534,60.010,74.905,0,,,
0,55.00,Human,HumanControl(Clone)_-16538,27.769,12.613,66.200,0,HumanControl(Clone)_-16698,,
0,55.00,Human,HumanControl(Clone)_-16554,29.892,11.100,40.795,0,HumanControl(Clone)_-16698,,
0,55.00,Human,HumanControl(Clone)_-16570,7.163,8.143,98.863,0,,,
0,55.00,Human,HumanControl(Clone)_-16586,6.196,7.767,98.826,0,HumanControl(Clone)_-16570,,
0,55.00,Human,HumanControl(Clone)_-16602,28.213,16.735,71.287,0,HumanControl(Clone)_-16618,,
0,55.00,Human,HumanControl(Clone)_-16618,28.922,15.994,77.023,0,,,
0,55.00,Human,HumanControl(Clone)_-16634,28.301,14.859,68.879,0,HumanControl(Clone)_-16618,,
0,55.00,Human,HumanControl(Clone)_-16650,25.897,12.206,58.566,0,HumanControl(Clone)_-16666,,
0,55.00,Human,HumanControl(Clone)_-16666,27.240,14.521,69.919,0,HumanControl(Clone)_-16618,,
0,55.00,Human,HumanControl(Clone)_-16682,24.251,14.709,69.390,0,HumanControl(Clone)_-16666,,
0,55.00,Human,HumanControl(Clone)_-16698,33.289,15.566,61.566,0,HumanControl(Clone)_-16618,,
0,55.00,Human,HumanControl(Clone)_-16746,28.372,17.792,75.517,0,HumanControl(Clone)_-16618,,
0,55.00,Human,HumanControl(Clone)_-16762,28.666,13.588,64.063,0,HumanControl(Clone)_-16538,,
0,55.00,Human,HumanControl(Clone)_-16794,27.391,11.109,75.869,0,HumanControl(Clone)_-16538,,
0,55.00,Human,HumanControl(Clone)_-16810,39.412,63.454,71.904,0,,,
0,55.00,Human,HumanControl(Clone)_-16826,27.055,15.562,59.873,0,HumanControl(Clone)_-16698,,
0,55.00,Human,HumanControl(Clone)_-16842,26.148,16.415,65.412,0,HumanControl(Clone)_-16554,,
0,55.00,Human,HumanControl(Clone)_-16890,25.988,55.746,86.371,0,RobotControl(Clone)_-17146,,
0,55.00,Human,HumanControl(Clone)_-16906,24.429,50.984,75.701,0,HumanControl(Clone)_-16890,,
0,55.00,Human,HumanControl(Clone)_-16970,26.078,14.128,48.261,0,HumanControl(Clone)_-16554,,
0,55.00,Human,HumanControl(Clone)_-16986,26.962,17.827,61.010,0,HumanControl(Clone)_-16650,,
0,55.00,Human,HumanControl(Clone)_-17018,25.489,17.628,76.223,0,HumanControl(Clone)_-16650,,
0,55.00,Human,HumanControl(Clone)_-17098,23.396,16.608,62.153,0,HumanControl(Clone)_-16650,,
0,55.00,Human,HumanControl(Clone)_-17130,26.510,13.019,65.316,0,HumanControl(Clone)_-16698,,
0,55.50,Robot,RobotControl(Clone)_-17146,28.463,57.090,,,,,1
0,55.50,Robot,RobotControl(Clone)_-17164,25.576,11.101,,,,,0
0,55.50,Robot,RobotControl(Clone)_-17182,40.752,63.967,,,,,0
0,55.50,Human,HumanControl(Clone)_-16378,24.322,52.645,82.527,0,HumanControl(Clone)_-16890,,
0,55.50,Human,HumanControl(Clone)_-16458,39.067,62.770,74.572,0,,,
0,55.50,Human,HumanControl(Clone)_-16474,39.827,62.053,74.700,0,,,
0,55.50,Human,HumanControl(Clone)_-16538,28.717,13.584,66.200,0,HumanControl(Clone)_-16698,,
0,55.50,Human,HumanControl(Clone)_-16554,33.194,14.444,40.795,0,HumanControl(Clone)_-16698,,
0,55.50,Human,HumanControl(Clone)_-16570,7.020,8.380,98.863,0,,,
0,55.50,Human,HumanControl(Clone)_-16586,7.502,7.476,98.826,0,HumanControl(Clone)_-16570,,
0,55.50,Human,HumanControl(Clone)_-16602,30.000,16.959,71.287,0,HumanControl(Clone)_-16618,,
0,55.50,Human,HumanControl(Clone)_-16618,28.854,15.066,77.023,0,,,
0,55.50,Human,HumanControl(Clone)_-16634,29.998,15.756,68.879,0,HumanControl(Clone)_-16618,,
0,55.50,Human,HumanControl(Clone)_-16650,25.605,13.333,57.313,0,HumanControl(Clone)_-16666,,
0,55.50,Human,HumanControl(Clone)_-16666,28.146,16.013,69.462,0,HumanControl(Clone)_-16618,,
0,55.50,Human,HumanControl(Clone)_-16682,26.124,14.217,68.670,0,HumanControl(Clone)_-16666,,
0,55.50,Human,HumanControl(Clone)_-16698,33.820,15.592,61.206,0,HumanControl(Clone)_-16618,,
0,55.50,Human,HumanControl(Clone)_-16746,29.379,18.173,75.171,0,HumanControl(Clone)_-16618,,
0,55.50,Human,HumanControl(Clone)_-16762,27.809,12.517,64.063,0,HumanControl(Clone)_-16538,,
0,55.50,Human,HumanControl(Clone)_-16794,26.608,12.463,75.869,0,HumanControl(Clone)_-16538,,
0,55.50,Human,HumanControl(Clone)_-16810,37.598,65.412,71.904,0,,,
0,55.50,Human,HumanControl(Clone)_-16826,29.082,16.463,58.827,0,HumanControl(Clone)_-16698,,
0,55.50,Human,HumanControl(Clone)_-16842,27.260,15.549,65.209,0,HumanControl(Clone)_-16554,,
0,55.50,Human,HumanControl(Clone)_-16890,24.904,53.734,86.225,0,RobotControl(Clone)_-17146,,
0,55.50,Human,HumanControl(Clone)_-16906,25.811,53.279,75.701,0,HumanControl(Clone)_-16890,,
0,55.50,Human,HumanControl(Clone)_-16970,27.522,14.584,48.056,0,HumanControl(Clone)_-16554,,
0,55.50,Human,HumanControl(Clone)_-16986,26.195,16.332,60.604,0,HumanControl(Clone)_-16650,,
0,55.50,Human,HumanControl(Clone)_-17018,25.876,15.338,74.602,0,HumanControl(Clone)_-16650,,
0,55.50,Human,HumanControl(Clone)_-17098,24.769,14.817,60.433,0,HumanControl(Clone)_-16650,,
0,55.50,Human,HumanControl(Clone)_-17130,27.691,13.595,64.851,0,HumanControl(Clone)_-16698,,
0,56.00,Robot,RobotControl(Clone)_-17146,29.463,58.418,,,,,1
0,56.00,Robot,RobotControl(Clone)_-17164,26.136,11.132,,,,,0
0,56.00,Robot,RobotControl(Clone)_-17182,40.752,63.967,,,,,0
0,56.00,Human,HumanControl(Clone)_-16378,23.887,53.699,81.447,0,HumanControl(Clone)_-16890,,
0,56.00,Human,HumanControl(Clone)_-16458,38.300,63.863,74.248,0,,,
0,56.00,Human,HumanControl(Clone)_-16474,39.026,63.117,74.474,0,,,
0,56.00,Human,HumanControl(Clone)_-16538,33.034,13.792,66.200,0,HumanControl(Clone)_-16698,,
0,56.00,Human,HumanControl(Clone)_-16554,34.523,14.319,40.795,0,HumanControl(Clone)_-16698,,
0,56.00,Human,HumanControl(Clone)_-16570,7.018,8.444,98.863,0,,,
0,56.00,Human,HumanControl(Clone)_-16586,7.802,7.765,98.826,0,HumanControl(Clone)_-16570,,
0,56.00,Human,HumanControl(Clone)_-16602,30.000,16.133,71.287,0,HumanControl(Clone)_-16618,,
0,56.00,Human,HumanControl(Clone)_-16618,29.342,15.311,77.023,0,,,
0,56.00,Human,HumanControl(Clone)_-16634,30.000,14.530,68.879,0,HumanControl(Clone)_-16618,,
0,56.00,Human,HumanControl(Clone)_-16650,26.170,14.293,55.771,0,HumanControl(Clone)_-16666,,
0,56.00,Human,HumanControl(Clone)_-16666,28.090,17.300,68.808,0,HumanControl(Clone)_-16618,,
0,56.00,Human,HumanControl(Clone)_-16682,26.930,15.037,67.642,0,HumanControl(Clone)_-16666,,
0,56.00,Human,HumanControl(Clone)_-16698,32.805,15.309,60.691,0,HumanControl(Clone)_-16618,,
0,56.00,Human,HumanControl(Clone)_-16746,28.663,18.329,75.171,0,HumanControl(Clone)_-16618,,
0,56.00,Human,HumanControl(Clone)_-16762,27.426,12.381,63.396,0,HumanControl(Clone)_-16538,,
0,56.00,Human,HumanControl(Clone)_-16794,27.110,13.459,75.869,0,HumanControl(Clone)_-16538,,
0,56.00,Human,HumanControl(Clone)_-16810,36.697,66.397,71.904,0,,,
0,56.00,Human,HumanControl(Clone)_-16826,29.418,17.156,58.827,0,HumanControl(Clone)_-16698,,
0,56.00,Human,HumanControl(Clone)_-16842,28.425,14.814,65.209,0,HumanControl(Clone)_-16554,,
0,56.00,Human,HumanControl(Clone)_-16890,26.217,53.682,85.125,0,RobotControl(Clone)_-17146,,
0,56.00,Human,HumanControl(Clone)_-16906,25.902,54.700,75.701,0,HumanControl(Clone)_-16890,,
0,56.00,Human,HumanControl(Clone)_-16970,28.116,13.413,47.525,0,HumanControl(Clone)_-16554,,
0,56.00,Human,HumanControl(Clone)_-16986,25.070,15.852,59.996,0,HumanControl(Clone)_-16650,,
0,56.00,Human,HumanControl(Clone)_-17018,24.678,14.511,74.396,0,HumanControl(Clone)_-16650,,
0,56.00,Human,HumanControl(Clone)_-17098,24.094,13.090,60.433,0,HumanControl(Clone)_-16650,,
0,56.00,Human,HumanControl(Clone)_-17130,29.114,14.059,64.187,0,HumanControl(Clone)_-16698,,
0,56.50,Robot,RobotControl(Clone)_-17146,31.458,61.085,,,,,1
0,56.50,Robot,RobotControl(Clone)_-17164,26.842,11.108,,,,,0
0,56.50,Robot,RobotControl(Clone)_-17182,42.095,63.143,,,,,0
0,56.50,Human,HumanControl(Clone)_-16378,25.119,53.185,80.149,0,HumanControl(Clone)_-16890,,
0,56.50,Human,HumanControl(Clone)_-16458,36.947,66.099,74.205,0,,,
0,56.50,Human,HumanControl(Clone)_-16474,37.562,65.310,74.129,0,,,
0,56.50,Human,HumanControl(Clone)_-16538,34.654,14.533,66.200,0,HumanControl(Clone)_-16698,,
0,56.50,Human,HumanControl(Clone)_-16554,34.078,16.525,40.795,0,HumanControl(Clone)_-16698,,
0,56.50,Human,HumanControl(Clone)_-16570,6.875,8.207,98.863,0,,,
0,56.50,Human,HumanControl(Clone)_-16586,7.450,9.056,98.826,0,HumanControl(Clone)_-16570,,
0,56.50,Human,HumanControl(Clone)_-16602,28.796,16.039,71.287,0,HumanControl(Clone)_-16618,,
0,56.50,Human,HumanControl(Clone)_-16618,25.857,16.051,75.797,0,,,
0,56.50,Human,HumanControl(Clone)_-16634,27.846,15.648,68.421,0,HumanControl(Clone)_-16618,,
0,56.50,Human,HumanControl(Clone)_-16650,26.855,16.118,55.435,0,HumanControl(Clone)_-16666,,
0,56.50,Human,HumanControl(Clone)_-16666,27.979,16.847,68.406,0,HumanControl(Clone)_-16618,,
0,56.50,Human,HumanControl(Clone)_-16682,26.875,17.615,67.184,0,HumanControl(Clone)_-16666,,
0,56.50,Human,HumanControl(Clone)_-16698,26.848,14.826,60.691,0,HumanControl(Clone)_-16618,,
0,56.50,Human,HumanControl(Clone)_-16746,29.019,17.487,75.171,0,HumanControl(Clone)_-16618,,
0,56.50,Human,HumanControl(Clone)_-16762,27.704,12.869,63.396,0,HumanControl(Clone)_-16538,,
0,56.50,Human,HumanControl(Clone)_-16794,25.641,12.673,75.670,0,HumanControl(Clone)_-16538,,
0,56.50,Human,HumanControl(Clone)_-16826,30.000,16.942,58.827,0,HumanControl(Clone)_-16698,,
0,56.50,Human,HumanControl(Clone)_-16842,28.599,12.358,64.944,0,HumanControl(Clone)_-16554,,
0,56.50,Human,HumanControl(Clone)_-16890,27.981,55.602,84.645,0,RobotControl(Clone)_-17146,,
0,56.50,Human,HumanControl(Clone)_-16906,24.230,53.745,75.196,0,HumanControl(Clone)_-16890,,
0,56.50,Human,HumanControl(Clone)_-16970,33.194,14.465,47.525,0,HumanControl(Clone)_-16554,,
0,56.50,Human,HumanControl(Clone)_-16986,24.764,13.588,59.996,0,HumanControl(Clone)_-16650,,
0,56.50,Human,HumanControl(Clone)_-17018,24.480,12.546,74.396,0,HumanControl(Clone)_-16650,,
0,56.50,Human,HumanControl(Clone)_-17098,24.735,11.522,59.015,0,HumanControl(Clone)_-16650,,
0,56.50,Human,HumanControl(Clone)_-17130,29.989,14.861,64.187,0,HumanControl(Clone)_-16698,,
0,57.00,Robot,RobotControl(Clone)_-17146,31.192,60.591,,,,,1
0,57.00,Robot,RobotControl(Clone)_-17164,26.768,11.203,,,,,0
0,57.00,Robot,RobotControl(Clone)_-17182,43.155,63.080,,,,,0
0,57.00,Human,HumanControl(Clone)_-16378,26.441,53.037,80.149,0,HumanControl(Clone)_-16890,,
0,57.00,Human,HumanControl(Clone)_-16474,37.359,64.912,74.129,0,,,
0,57.00,Human,HumanControl(Clone)_-16538,33.553,15.047,66.200,0,HumanControl(Clone)_-16698,,
0,57.00,Human,HumanControl(Clone)_-16554,32.796,16.587,40.795,0,HumanControl(Clone)_-16698,,
0,57.00,Human,HumanControl(Clone)_-16570,6.820,8.175,98.863,0,,,
0,57.00,Human,HumanControl(Clone)_-16586,7.053,9.186,98.826,0,HumanControl(Clone)_-16570,,
0,57.00,Human,HumanControl(Clone)_-16602,26.711,15.110,70.894,0,HumanControl(Clone)_-16618,,
0,57.00,Human,HumanControl(Clone)_-16618,23.808,16.575,74.861,0,,,
0,57.00,Human,HumanControl(Clone)_-16634,25.723,15.305,67.349,0,HumanControl(Clone)_-16618,,
0,57.00,Human,HumanControl(Clone)_-16650,25.922,17.305,54.928,0,HumanControl(Clone)_-16666,,
0,57.00,Human,HumanControl(Clone)_-16666,28.136,15.664,67.491,0,HumanControl(Clone)_-16618,,
0,57.00,Human,HumanControl(Clone)_-16682,25.682,18.609,65.645,0,HumanControl(Clone)_-16666,,
0,57.00,Human,HumanControl(Clone)_-16698,26.191,14.256,59.046,0,HumanControl(Clone)_-16618,,
0,57.00,Human,HumanControl(Clone)_-16746,28.220,17.490,75.171,0,HumanControl(Clone)_-16618,,
0,57.00,Human,HumanControl(Clone)_-16762,28.124,13.403,63.263,0,HumanControl(Clone)_-16538,,
0,57.00,Human,HumanControl(Clone)_-16794,26.314,12.574,75.670,0,HumanControl(Clone)_-16538,,
0,57.00,Human,HumanControl(Clone)_-16826,29.466,17.269,58.827,0,HumanControl(Clone)_-16698,,
0,57.00,Human,HumanControl(Clone)_-16842,29.406,12.379,64.610,0,HumanControl(Clone)_-16554,,
0,57.00,Human,HumanControl(Clone)_-16890,28.661,56.728,84.169,0,RobotControl(Clone)_-17146,,
0,57.00,Human,HumanControl(Clone)_-16906,25.347,53.044,74.476,0,HumanControl(Clone)_-16890,,
0,57.00,Human,HumanControl(Clone)_-16970,34.523,14.385,47.525,0,HumanControl(Clone)_-16554,,
0,57.00,Human,HumanControl(Clone)_-16986,25.611,13.426,59.996,0,HumanControl(Clone)_-16650,,
0,57.00,Human,HumanControl(Clone)_-17018,24.610,13.053,74.396,0,HumanControl(Clone)_-16650,,
0,57.00,Human,HumanControl(Clone)_-17098,25.281,12.176,59.015,0,HumanControl(Clone)_-16650,,
0,57.00,Human,HumanControl(Clone)_-17130,29.271,15.352,64.187,0,HumanControl(Clone)_-16698,,
0,57.50,Robot,RobotControl(Clone)_-17146,30.022,58.424,,,,,0
0,57.50,Robot,RobotControl(Clone)_-17164,28.666,11.791,,,,,0
0,57.50,Robot,RobotControl(Clone)_-17182,41.378,63.997,,,,,0
0,57.50,Human,HumanControl(Clone)_-16378,28.423,54.830,79.377,0,HumanControl(Clone)_-16890,,
0,57.50,Human,HumanControl(Clone)_-16474,36.218,66.094,73.985,0,,,
0,57.50,Human,HumanControl(Clone)_-16538,28.000,14.153,65.735,0,HumanControl(Clone)_-16698,,
0,57.50,Human,HumanControl(Clone)_-16554,27.136,15.502,40.665,0,HumanControl(Clone)_-16698,,
0,57.50,Human,HumanControl(Clone)_-16570,7.096,8.160,98.863,0,,,
0,57.50,Human,HumanControl(Clone)_-16586,6.077,8.271,98.826,0,HumanControl(Clone)_-16570,,
0,57.50,Human,HumanControl(Clone)_-16602,25.100,15.321,70.894,0,HumanControl(Clone)_-16618,,
0,57.50,Human,HumanControl(Clone)_-16618,24.774,17.074,74.861,0,,,
0,57.50,Human,HumanControl(Clone)_-16634,23.122,16.167,66.919,0,HumanControl(Clone)_-16618,,
0,57.50,Human,HumanControl(Clone)_-16650,27.085,17.221,54.928,0,HumanControl(Clone)_-16666,,
0,57.50,Human,HumanControl(Clone)_-16666,26.083,13.569,66.641,0,HumanControl(Clone)_-16618,,
0,57.50,Human,HumanControl(Clone)_-16682,27.919,17.816,64.695,0,HumanControl(Clone)_-16666,,
0,57.50,Human,HumanControl(Clone)_-16698,23.797,17.315,57.320,0,HumanControl(Clone)_-16618,,
0,57.50,Human,HumanControl(Clone)_-16746,26.087,16.487,75.003,0,HumanControl(Clone)_-16618,,
0,57.50,Human,HumanControl(Clone)_-16762,33.389,15.107,63.263,0,HumanControl(Clone)_-16538,,
0,57.50,Human,HumanControl(Clone)_-16794,28.630,13.350,75.670,0,HumanControl(Clone)_-16538,,
0,57.50,Human,HumanControl(Clone)_-16826,27.864,16.404,58.369,0,HumanControl(Clone)_-16698,,
0,57.50,Human,HumanControl(Clone)_-16842,29.992,14.279,64.610,0,HumanControl(Clone)_-16554,,
0,57.50,Human,HumanControl(Clone)_-16890,29.621,59.355,84.169,0,,,
0,57.50,Human,HumanControl(Clone)_-16906,27.568,54.273,74.138,0,HumanControl(Clone)_-16890,,
0,57.50,Human,HumanControl(Clone)_-16970,34.919,16.666,47.525,0,HumanControl(Clone)_-16554,,
0,57.50,Human,HumanControl(Clone)_-16986,26.130,15.472,57.947,0,HumanControl(Clone)_-16650,,
0,57.50,Human,HumanControl(Clone)_-17018,23.766,15.395,73.854,0,HumanControl(Clone)_-16650,,
0,57.50,Human,HumanControl(Clone)_-17098,25.164,14.215,59.015,0,HumanControl(Clone)_-16650,,
0,57.50,Human,HumanControl(Clone)_-17130,28.418,15.424,63.991,0,HumanControl(Clone)_-16698,,
0,58.00,Robot,RobotControl(Clone)_-17146,30.654,59.247,,,,,0
0,58.00,Robot,RobotControl(Clone)_-17164,27.453,13.305,,,,,0
0,58.00,Robot,RobotControl(Clone)_-17182,39.500,64.686,,,,,0
0,58.00,Human,HumanControl(Clone)_-16378,29.146,55.990,79.377,0,HumanControl(Clone)_-16890,,
0,58.00,Human,HumanControl(Clone)_-16538,26.571,13.891,65.071,0,HumanControl(Clone)_-16698,,
0,58.00,Human,HumanControl(Clone)_-16554,26.820,15.649,40.563,0,HumanControl(Clone)_-16698,,
0,58.00,Human,HumanControl(Clone)_-16570,7.150,8.126,98.863,0,,,
0,58.00,Human,HumanControl(Clone)_-16586,6.148,7.859,98.826,0,HumanControl(Clone)_-16570,,
0,58.00,Human,HumanControl(Clone)_-16602,24.547,15.579,70.894,0,HumanControl(Clone)_-16618,,
0,58.00,Human,HumanControl(Clone)_-16618,25.069,17.351,74.861,0,,,
0,58.00,Human,HumanControl(Clone)_-16634,21.764,15.836,65.122,0,HumanControl(Clone)_-16618,,
0,58.00,Human,HumanControl(Clone)_-16650,29.004,16.564,54.535,0,HumanControl(Clone)_-16666,,
0,58.00,Human,HumanControl(Clone)_-16666,25.349,13.460,66.435,0,HumanControl(Clone)_-16618,,
0,58.00,Human,HumanControl(Clone)_-16682,29.226,17.730,64.026,0,HumanControl(Clone)_-16666,,
0,58.00,Human,HumanControl(Clone)_-16698,22.284,18.127,56.438,0,HumanControl(Clone)_-16618,,
0,58.00,Human,HumanControl(Clone)_-16746,23.993,16.997,73.989,0,HumanControl(Clone)_-16618,,
0,58.00,Human,HumanControl(Clone)_-16762,33.358,15.024,63.263,0,HumanControl(Clone)_-16538,,
0,58.00,Human,HumanControl(Clone)_-16794,28.924,14.160,75.670,0,HumanControl(Clone)_-16538,,
0,58.00,Human,HumanControl(Clone)_-16826,27.901,16.965,57.977,0,HumanControl(Clone)_-16698,,
0,58.00,Human,HumanControl(Clone)_-16842,29.161,15.361,64.610,0,HumanControl(Clone)_-16554,,
0,58.00,Human,HumanControl(Clone)_-16890,29.916,60.503,83.871,0,,,
0,58.00,Human,HumanControl(Clone)_-16906,28.386,55.244,73.655,0,HumanControl(Clone)_-16890,,
0,58.00,Human,HumanControl(Clone)_-16970,33.585,16.672,47.525,0,HumanControl(Clone)_-16554,,
0,58.00,Human,HumanControl(Clone)_-16986,25.767,15.733,56.427,0,HumanControl(Clone)_-16650,,
0,58.00,Human,HumanControl(Clone)_-17018,23.180,16.266,73.101,0,HumanControl(Clone)_-16650,,
0,58.00,Human,HumanControl(Clone)_-17098,25.252,14.821,59.015,0,HumanControl(Clone)_-16650,,
0,58.00,Human,HumanControl(Clone)_-17130,27.943,15.423,63.991,0,HumanControl(Clone)_-16698,,
0,58.50,Robot,RobotControl(Clone)_-17146,31.334,58.317,,,,,0
0,58.50,Robot,RobotControl(Clone)_-17164,28.389,12.531,,,,,0
0,58.50,Robot,RobotControl(Clone)_-17182,35.758,64.473,,,,,0
0,58.50,Human,HumanControl(Clone)_-16378,29.570,58.662,79.377,0,HumanControl(Clone)_-16890,,
0,58.50,Human,HumanControl(Clone)_-16538,25.270,15.571,63.426,0,HumanControl(Clone)_-16698,,
0,58.50,Human,HumanControl(Clone)_-16554,25.183,16.567,38.840,0,HumanControl(Clone)_-16698,,
0,58.50,Human,HumanControl(Clone)_-16570,7.035,8.377,98.863,0,,,
0,58.50,Human,HumanControl(Clone)_-16586,7.413,7.425,98.826,0,HumanControl(Clone)_-16570,,
0,58.50,Human,HumanControl(Clone)_-16602,24.590,17.370,69.604,0,HumanControl(Clone)_-16618,,
0,58.50,Human,HumanControl(Clone)_-16618,27.014,17.436,74.861,0,,,
0,58.50,Human,HumanControl(Clone)_-16634,22.730,16.902,63.999,0,HumanControl(Clone)_-16618,,
0,58.50,Human,HumanControl(Clone)_-16650,28.576,13.872,54.137,0,HumanControl(Clone)_-16666,,
0,58.50,Human,HumanControl(Clone)_-16666,24.846,14.480,66.435,0,HumanControl(Clone)_-16618,,
0,58.50,Human,HumanControl(Clone)_-16682,29.544,16.571,64.026,0,HumanControl(Clone)_-16666,,
0,58.50,Human,HumanControl(Clone)_-16698,24.317,18.718,55.686,0,HumanControl(Clone)_-16618,,
0,58.50,Human,HumanControl(Clone)_-16746,23.277,18.770,73.989,0,HumanControl(Clone)_-16618,,
0,58.50,Human,HumanControl(Clone)_-16762,28.242,14.816,63.263,0,HumanControl(Clone)_-16538,,
0,58.50,Human,HumanControl(Clone)_-16794,27.538,13.144,75.670,0,HumanControl(Clone)_-16538,,
0,58.50,Human,HumanControl(Clone)_-16826,25.979,17.806,57.258,0,HumanControl(Clone)_-16698,,
0,58.50,Human,HumanControl(Clone)_-16842,27.998,16.928,64.283,0,HumanControl(Clone)_-16554,,
0,58.50,Human,HumanControl(Clone)_-16890,31.652,62.544,83.871,0,,,
0,58.50,Human,HumanControl(Clone)_-16906,29.157,57.730,73.655,0,HumanControl(Clone)_-16890,,
0,58.50,Human,HumanControl(Clone)_-16970,28.439,16.030,46.343,0,HumanControl(Clone)_-16554,,
0,58.50,Human,HumanControl(Clone)_-16986,26.185,16.751,55.920,0,HumanControl(Clone)_-16650,,
0,58.50,Human,HumanControl(Clone)_-17018,23.862,16.683,73.101,0,HumanControl(Clone)_-16650,,
0,58.50,Human,HumanControl(Clone)_-17098,26.270,15.572,58.001,0,HumanControl(Clone)_-16650,,
0,58.50,Human,HumanControl(Clone)_-17130,27.366,16.047,63.272,0,HumanControl(Clone)_-16698,,
0,59.00,Robot,RobotControl(Clone)_-17146,31.305,57.282,,,,,0
0,59.00,Robot,RobotControl(Clone)_-17164,29.263,11.556,,,,,0
0,59.00,Robot,RobotControl(Clone)_-17182,34.003,63.514,,,,,0
0,59.00,Human,HumanControl(Clone)_-16378,29.715,60.007,79.058,0,HumanControl(Clone)_-16890,,
0,59.00,Human,HumanControl(Clone)_-16538,23.594,15.810,61.921,0,HumanControl(Clone)_-16698,,
0,59.00,Human,HumanControl(Clone)_-16554,24.152,17.604,37.565,0,HumanControl(Clone)_-16698,,
0,59.00,Human,HumanControl(Clone)_-16570,7.039,8.440,98.863,0,,,
0,59.00,Human,HumanControl(Clone)_-16586,7.744,7.679,98.826,0,HumanControl(Clone)_-16570,,
0,59.00,Human,HumanControl(Clone)_-16602,24.885,18.597,69.604,0,HumanControl(Clone)_-16618,,
0,59.00,Human,HumanControl(Clone)_-16618,25.654,16.340,73.644,0,,,
0,59.00,Human,HumanControl(Clone)_-16634,22.764,17.513,63.999,0,HumanControl(Clone)_-16618,,
0,59.00,Human,HumanControl(Clone)_-16650,27.989,12.944,54.137,0,HumanControl(Clone)_-16666,,
0,59.00,Human,HumanControl(Clone)_-16666,24.543,14.649,66.435,0,HumanControl(Clone)_-16618,,
0,59.00,Human,HumanControl(Clone)_-16682,29.062,16.167,64.026,0,HumanControl(Clone)_-16666,,
0,59.00,Human,HumanControl(Clone)_-16698,26.166,18.894,55.686,0,HumanControl(Clone)_-16618,,
0,59.00,Human,HumanControl(Clone)_-16746,23.748,18.900,73.989,0,HumanControl(Clone)_-16618,,
0,59.00,Human,HumanControl(Clone)_-16762,27.112,13.759,63.263,0,HumanControl(Clone)_-16538,,
0,59.00,Human,HumanControl(Clone)_-16794,25.938,12.302,74.626,0,HumanControl(Clone)_-16538,,
0,59.00,Human,HumanControl(Clone)_-16826,25.253,17.438,56.232,0,HumanControl(Clone)_-16698,,
0,59.00,Human,HumanControl(Clone)_-16842,27.743,18.149,63.815,0,HumanControl(Clone)_-16554,,
0,59.00,Human,HumanControl(Clone)_-16890,32.558,63.531,83.871,0,,,
0,59.00,Human,HumanControl(Clone)_-16906,29.530,58.945,73.655,0,HumanControl(Clone)_-16890,,
0,59.00,Human,HumanControl(Clone)_-16970,28.194,17.214,46.081,0,HumanControl(Clone)_-16554,,
0,59.00,Human,HumanControl(Clone)_-16986,26.348,17.377,55.920,0,HumanControl(Clone)_-16650,,
0,59.00,Human,HumanControl(Clone)_-17018,24.593,16.177,73.101,0,HumanControl(Clone)_-16650,,
0,59.00,Human,HumanControl(Clone)_-17098,28.068,14.380,57.261,0,HumanControl(Clone)_-16650,,
0,59.00,Human,HumanControl(Clone)_-17130,26.744,16.086,63.272,0,HumanControl(Clone)_-16698,,
0,59.50,Robot,RobotControl(Clone)_-17146,31.700,59.240,,,,,0
0,59.50,Robot,RobotControl(Clone)_-17164,28.109,12.932,,,,,0
0,59.50,Robot,RobotControl(Clone)_-17182,34.833,63.023,,,,,0
0,59.50,Human,HumanControl(Clone)_-16378,30.900,62.346,79.016,0,,,
0,59.50,Human,HumanControl(Clone)_-16538,23.027,17.363,61.257,0,HumanControl(Clone)_-16698,,
0,59.50,Human,HumanControl(Clone)_-16554,23.340,18.895,37.352,0,HumanControl(Clone)_-16698,,
0,59.50,Human,HumanControl(Clone)_-16570,6.871,8.221,98.863,0,,,
0,59.50,Human,HumanControl(Clone)_-16586,7.536,9.001,98.826,0,HumanControl(Clone)_-16570,,
0,59.50,Human,HumanControl(Clone)_-16602,27.754,18.545,69.604,0,HumanControl(Clone)_-16618,,
0,59.50,Human,HumanControl(Clone)_-16618,25.977,13.900,72.317,0,,,
0,59.50,Human,HumanControl(Clone)_-16634,23.915,16.796,63.786,0,HumanControl(Clone)_-16618,,
0,59.50,Human,HumanControl(Clone)_-16650,26.301,12.455,54.137,0,HumanControl(Clone)_-16666,,
0,59.50,Human,HumanControl(Clone)_-16666,24.094,15.538,66.435,0,HumanControl(Clone)_-16618,,
0,59.50,Human,HumanControl(Clone)_-16682,26.838,15.549,62.980,0,HumanControl(Clone)_-16666,,
0,59.50,Human,HumanControl(Clone)_-16698,27.490,17.416,55.686,0,HumanControl(Clone)_-16618,,
0,59.50,Human,HumanControl(Clone)_-16746,25.309,17.947,73.883,0,HumanControl(Clone)_-16618,,
0,59.50,Human,HumanControl(Clone)_-16762,25.056,14.292,61.618,0,HumanControl(Clone)_-16538,,
0,59.50,Human,HumanControl(Clone)_-16794,24.128,13.202,74.308,0,HumanControl(Clone)_-16538,,
0,59.50,Human,HumanControl(Clone)_-16826,24.097,17.779,55.594,0,HumanControl(Clone)_-16698,,
0,59.50,Human,HumanControl(Clone)_-16842,26.452,18.050,62.244,0,HumanControl(Clone)_-16554,,
0,59.50,Human,HumanControl(Clone)_-16890,34.387,65.475,83.871,0,,,
0,59.50,Human,HumanControl(Clone)_-16906,30.790,61.237,73.315,0,,,
0,59.50,Human,HumanControl(Clone)_-16970,29.587,18.659,45.613,0,HumanControl(Clone)_-16554,,
0,59.50,Human,HumanControl(Clone)_-16986,28.877,17.407,55.519,0,HumanControl(Clone)_-16650,,
0,59.50,Human,HumanControl(Clone)_-17018,22.558,13.259,73.101,0,HumanControl(Clone)_-16650,,
0,59.50,Human,HumanControl(Clone)_-17098,29.447,11.446,57.128,0,HumanControl(Clone)_-16650,,
0,59.50,Human,HumanControl(Clone)_-17130,24.950,16.855,61.650,0,HumanControl(Clone)_-16698,,
0,60.00,Robot,RobotControl(Clone)_-17146,32.274,61.155,,,,,0
0,60.00,Robot,RobotControl(Clone)_-17164,28.809,12.290,,,,,0
0,60.00,Robot,RobotControl(Clone)_-17182,34.514,62.934,,,,,0
0,60.00,Human,HumanControl(Clone)_-16378,31.898,63.260,79.016,0,,,
0,60.00,Human,HumanControl(Clone)_-16538,21.005,17.506,60.375,0,HumanControl(Clone)_-16698,,
0,60.00,Human,HumanControl(Clone)_-16554,20.630,18.877,37.352,0,HumanControl(Clone)_-16698,,
0,60.00,Human,HumanControl(Clone)_-16570,6.813,8.196,98.863,0,,,
0,60.00,Human,HumanControl(Clone)_-16586,7.157,9.174,98.826,0,HumanControl(Clone)_-16570,,
0,60.00,Human,HumanControl(Clone)_-16602,29.568,17.986,69.519,0,HumanControl(Clone)_-16618,,
0,60.00,Human,HumanControl(Clone)_-16618,27.064,14.258,71.289,0,,,
0,60.00,Human,HumanControl(Clone)_-16634,24.454,14.960,63.464,0,HumanControl(Clone)_-16618,,
0,60.00,Human,HumanControl(Clone)_-16650,25.703,11.629,52.675,0,HumanControl(Clone)_-16666,,
0,60.00,Human,HumanControl(Clone)_-16666,24.863,15.890,64.930,0,HumanControl(Clone)_-16618,,
0,60.00,Human,HumanControl(Clone)_-16682,25.922,14.772,62.980,0,HumanControl(Clone)_-16666,,
0,60.00,Human,HumanControl(Clone)_-16698,27.595,16.563,55.686,0,HumanControl(Clone)_-16618,,
0,60.00,Human,HumanControl(Clone)_-16746,25.568,17.378,73.883,0,HumanControl(Clone)_-16618,,
0,60.00,Human,HumanControl(Clone)_-16762,24.364,13.823,60.316,0,HumanControl(Clone)_-16538,,
0,60.00,Human,HumanControl(Clone)_-16794,22.545,13.457,74.308,0,HumanControl(Clone)_-16538,,
0,60.00,Human,HumanControl(Clone)_-16826,22.406,17.904,54.200,0,HumanControl(Clone)_-16698,,
0,60.00,Human,HumanControl(Clone)_-16842,25.836,18.683,62.039,0,HumanControl(Clone)_-16554,,
0,60.00,Human,HumanControl(Clone)_-16890,35.305,66.444,83.871,0,,,
0,60.00,Human,HumanControl(Clone)_-16906,31.574,62.291,73.002,0,,,
0,60.00,Human,HumanControl(Clone)_-16970,30.000,18.897,45.613,0,HumanControl(Clone)_-16554,,
0,60.00,Human,HumanControl(Clone)_-16986,29.311,16.701,55.519,0,HumanControl(Clone)_-16650,,
0,60.00,Human,HumanControl(Clone)_-17018,22.475,11.899,73.101,0,HumanControl(Clone)_-16650,,
0,60.00,Human,HumanControl(Clone)_-17098,29.089,11.113,57.128,0,HumanControl(Clone)_-16650,,
0,60.00,Human,HumanControl(Clone)_-17130,24.101,16.561,61.650,0,HumanControl(Clone)_-16698,,
0,60.50,Robot,RobotControl(Clone)_-17146,32.184,60.295,,,,,0
0,60.50,Robot,RobotControl(Clone)_-17164,29.112,11.991,,,,,0
0,60.50,Robot,RobotControl(Clone)_-17182,34.176,62.764,,,,,0
0,60.50,Human,HumanControl(Clone)_-16378,33.919,65.037,79.016,0,,,
0,60.50,Human,HumanControl(Clone)_-16538,22.643,16.893,60.375,0,HumanControl(Clone)_-16698,,
0,60.50,Human,HumanControl(Clone)_-16554,21.933,17.940,36.580,0,HumanControl(Clone)_-16698,,
0,60.50,Human,HumanControl(Clone)_-16570,7.086,8.150,98.863,0,,,
0,60.50,Human,HumanControl(Clone)_-16586,6.085,8.373,98.826,0,HumanControl(Clone)_-16570,,
0,60.50,Human,HumanControl(Clone)_-16602,28.016,16.244,68.977,0,HumanControl(Clone)_-16618,,
0,60.50,Human,HumanControl(Clone)_-16618,29.218,15.347,71.289,0,,,
0,60.50,Human,HumanControl(Clone)_-16634,25.729,14.036,62.744,0,HumanControl(Clone)_-16618,,
0,60.50,Human,HumanControl(Clone)_-16650,24.602,13.034,52.467,0,HumanControl(Clone)_-16666,,
0,60.50,Human,HumanControl(Clone)_-16666,26.540,13.108,64.930,0,HumanControl(Clone)_-16618,,
0,60.50,Human,HumanControl(Clone)_-16682,24.255,14.971,62.980,0,HumanControl(Clone)_-16666,,
0,60.50,Human,HumanControl(Clone)_-16698,27.039,13.982,55.686,0,HumanControl(Clone)_-16618,,
0,60.50,Human,HumanControl(Clone)_-16746,26.271,14.891,72.262,0,HumanControl(Clone)_-16618,,
0,60.50,Human,HumanControl(Clone)_-16762,23.223,15.667,60.100,0,HumanControl(Clone)_-16538,,
0,60.50,Human,HumanControl(Clone)_-16794,21.992,15.570,72.157,0,HumanControl(Clone)_-16538,,
0,60.50,Human,HumanControl(Clone)_-16826,24.481,17.468,53.342,0,HumanControl(Clone)_-16698,,
0,60.50,Human,HumanControl(Clone)_-16842,23.593,18.891,62.039,0,HumanControl(Clone)_-16554,,
0,60.50,Human,HumanControl(Clone)_-16906,33.410,64.164,72.961,0,,,
0,60.50,Human,HumanControl(Clone)_-16970,27.486,18.877,45.613,0,HumanControl(Clone)_-16554,,
0,60.50,Human,HumanControl(Clone)_-16986,28.332,14.860,55.519,0,HumanControl(Clone)_-16650,,
0,60.50,Human,HumanControl(Clone)_-17018,24.232,11.460,72.656,0,HumanControl(Clone)_-16650,,
0,60.50,Human,HumanControl(Clone)_-17098,26.609,11.403,57.128,0,HumanControl(Clone)_-16650,,
0,60.50,Human,HumanControl(Clone)_-17130,26.106,16.505,61.650,0,HumanControl(Clone)_-16698,,
0,61.00,Robot,RobotControl(Clone)_-17146,31.987,59.989,,,,,0
0,61.00,Robot,RobotControl(Clone)_-17164,29.118,11.968,,,,,0
0,61.00,Robot,RobotControl(Clone)_-17182,34.176,62.764,,,,,0
0,61.00,Human,HumanControl(Clone)_-16378,34.894,65.970,79.016,0,,,
0,61.00,Human,HumanControl(Clone)_-16538,23.664,15.830,59.515,0,HumanControl(Clone)_-16698,,
0,61.00,Human,HumanControl(Clone)_-16554,22.879,17.753,35.478,0,HumanControl(Clone)_-16698,,
0,61.00,Human,HumanControl(Clone)_-16570,7.135,8.110,98.863,0,,,
0,61.00,Human,HumanControl(Clone)_-16586,6.110,7.956,98.826,0,HumanControl(Clone)_-16570,,
0,61.00,Human,HumanControl(Clone)_-16602,28.685,16.141,67.800,0,HumanControl(Clone)_-16618,,
0,61.00,Human,HumanControl(Clone)_-16618,30.000,15.879,71.289,0,,,
0,61.00,Human,HumanControl(Clone)_-16634,24.235,12.966,61.613,0,HumanControl(Clone)_-16618,,
0,61.00,Human,HumanControl(Clone)_-16650,24.427,11.962,52.358,0,HumanControl(Clone)_-16666,,
0,61.00,Human,HumanControl(Clone)_-16666,27.379,12.217,64.663,0,HumanControl(Clone)_-16618,,
0,61.00,Human,HumanControl(Clone)_-16682,24.876,15.347,62.980,0,HumanControl(Clone)_-16666,,
0,61.00,Human,HumanControl(Clone)_-16698,26.698,13.338,55.686,0,HumanControl(Clone)_-16618,,
0,61.00,Human,HumanControl(Clone)_-16746,27.854,13.453,71.730,0,HumanControl(Clone)_-16618,,
0,61.00,Human,HumanControl(Clone)_-16762,22.857,16.496,60.100,0,HumanControl(Clone)_-16538,,
0,61.00,Human,HumanControl(Clone)_-16794,20.672,16.616,71.146,0,HumanControl(Clone)_-16538,,
0,61.00,Human,HumanControl(Clone)_-16826,25.321,16.800,52.917,0,HumanControl(Clone)_-16698,,
0,61.00,Human,HumanControl(Clone)_-16842,22.458,18.875,62.039,0,HumanControl(Clone)_-16554,,
0,61.00,Human,HumanControl(Clone)_-16906,34.302,65.135,72.961,0,,,
0,61.00,Human,HumanControl(Clone)_-16970,26.155,18.876,45.613,0,HumanControl(Clone)_-16554,,
0,61.00,Human,HumanControl(Clone)_-16986,29.400,15.059,55.320,0,HumanControl(Clone)_-16650,,
0,61.00,Human,HumanControl(Clone)_-17018,23.816,11.139,72.656,0,HumanControl(Clone)_-16650,,
0,61.00,Human,HumanControl(Clone)_-17098,25.124,11.101,57.128,0,HumanControl(Clone)_-16650,,
0,61.00,Human,HumanControl(Clone)_-17130,26.679,17.335,60.839,0,HumanControl(Clone)_-16698,,
0,61.50,Robot,RobotControl(Clone)_-17146,31.987,59.989,,,,,0
0,61.50,Robot,RobotControl(Clone)_-17164,29.532,11.333,,,,,0
0,61.50,Robot,RobotControl(Clone)_-17182,33.781,62.605,,,,,0
0,61.50,Human,HumanControl(Clone)_-16538,25.778,14.606,59.300,0,HumanControl(Clone)_-16698,,
0,61.50,Human,HumanControl(Clone)_-16554,25.062,16.651,35.478,0,HumanControl(Clone)_-16698,,
0,61.50,Human,HumanControl(Clone)_-16570,7.049,8.373,98.863,0,,,
0,61.50,Human,HumanControl(Clone)_-16586,7.319,7.384,98.826,0,HumanControl(Clone)_-16570,,
0,61.50,Human,HumanControl(Clone)_-16602,28.917,16.083,67.800,0,HumanControl(Clone)_-16618,,
0,61.50,Human,HumanControl(Clone)_-16618,27.762,15.796,70.569,0,,,
0,61.50,Human,HumanControl(Clone)_-16634,24.918,13.942,61.613,0,HumanControl(Clone)_-16618,,
0,61.50,Human,HumanControl(Clone)_-16650,24.488,12.498,50.940,0,HumanControl(Clone)_-16666,,
0,61.50,Human,HumanControl(Clone)_-16666,28.528,13.471,64.596,0,HumanControl(Clone)_-16618,,
0,61.50,Human,HumanControl(Clone)_-16682,26.243,13.002,61.335,0,HumanControl(Clone)_-16666,,
0,61.50,Human,HumanControl(Clone)_-16698,29.017,14.401,54.624,0,HumanControl(Clone)_-16618,,
0,61.50,Human,HumanControl(Clone)_-16746,29.996,13.939,71.730,0,HumanControl(Clone)_-16618,,
0,61.50,Human,HumanControl(Clone)_-16762,23.174,15.295,60.100,0,HumanControl(Clone)_-16538,,
0,61.50,Human,HumanControl(Clone)_-16794,20.642,17.276,69.437,0,HumanControl(Clone)_-16538,,
0,61.50,Human,HumanControl(Clone)_-16826,26.778,14.783,51.295,0,HumanControl(Clone)_-16698,,
0,61.50,Human,HumanControl(Clone)_-16842,23.124,18.577,62.039,0,HumanControl(Clone)_-16554,,
0,61.50,Human,HumanControl(Clone)_-16970,24.071,18.201,44.868,0,HumanControl(Clone)_-16554,,
0,61.50,Human,HumanControl(Clone)_-16986,28.032,14.745,55.320,0,HumanControl(Clone)_-16650,,
0,61.50,Human,HumanControl(Clone)_-17018,24.008,11.101,72.656,0,HumanControl(Clone)_-16650,,
0,61.50,Human,HumanControl(Clone)_-17098,25.465,11.242,57.128,0,HumanControl(Clone)_-16650,,
0,61.50,Human,HumanControl(Clone)_-17130,26.875,16.327,60.839,0,HumanControl(Clone)_-16698,,
0,62.00,Robot,RobotControl(Clone)_-17146,31.987,59.989,,,,,0
0,62.00,Robot,RobotControl(Clone)_-17164,29.848,11.129,,,,,0
0,62.00,Robot,RobotControl(Clone)_-17182,32.164,61.428,,,,,0
0,62.00,Human,HumanControl(Clone)_-16538,26.336,13.246,59.300,0,HumanControl(Clone)_-16698,,
0,62.00,Human,HumanControl(Clone)_-16554,25.981,16.118,33.958,0,HumanControl(Clone)_-16698,,
0,62.00,Human,HumanControl(Clone)_-16570,7.060,8.435,98.863,0,,,
0,62.00,Human,HumanControl(Clone)_-16586,7.676,7.600,98.826,0,HumanControl(Clone)_-16570,,
0,62.00,Human,HumanControl(Clone)_-16602,28.045,16.962,67.800,0,HumanControl(Clone)_-16618,,
0,62.00,Human,HumanControl(Clone)_-16618,27.838,15.802,69.392,0,,,
0,62.00,Human,HumanControl(Clone)_-16634,25.537,14.674,61.613,0,HumanControl(Clone)_-16618,,
0,62.00,Human,HumanControl(Clone)_-16650,25.224,12.543,50.831,0,HumanControl(Clone)_-16666,,
0,62.00,Human,HumanControl(Clone)_-16666,28.758,14.349,64.596,0,HumanControl(Clone)_-16618,,
0,62.00,Human,HumanControl(Clone)_-16682,27.158,12.004,61.335,0,HumanControl(Clone)_-16666,,
0,62.00,Human,HumanControl(Clone)_-16698,28.837,15.769,54.624,0,HumanControl(Clone)_-16618,,
0,62.00,Human,HumanControl(Clone)_-16746,29.996,14.733,71.730,0,HumanControl(Clone)_-16618,,
0,62.00,Human,HumanControl(Clone)_-16762,24.555,14.863,60.100,0,HumanControl(Clone)_-16538,,
0,62.00,Human,HumanControl(Clone)_-16794,21.333,16.513,69.437,0,HumanControl(Clone)_-16538,,
0,62.00,Human,HumanControl(Clone)_-16826,27.803,14.039,50.299,0,HumanControl(Clone)_-16698,,
0,62.00,Human,HumanControl(Clone)_-16842,23.241,18.041,62.039,0,HumanControl(Clone)_-16554,,
0,62.00,Human,HumanControl(Clone)_-16970,24.284,18.221,42.210,0,HumanControl(Clone)_-16554,,
0,62.00,Human,HumanControl(Clone)_-16986,26.953,14.572,55.320,0,HumanControl(Clone)_-16650,,
0,62.00,Human,HumanControl(Clone)_-17018,23.109,12.187,72.656,0,HumanControl(Clone)_-16650,,
0,62.00,Human,HumanControl(Clone)_-17098,24.483,11.870,55.492,0,HumanControl(Clone)_-16650,,
0,62.00,Human,HumanControl(Clone)_-17130,26.958,16.332,60.839,0,HumanControl(Clone)_-16698,,
0,62.50,Robot,RobotControl(Clone)_-17146,32.355,58.279,,,,,0
0,62.50,Robot,RobotControl(Clone)_-17164,29.919,11.102,,,,,0
0,62.50,Robot,RobotControl(Clone)_-17182,32.717,57.274,,,,,0
0,62.50,Human,HumanControl(Clone)_-16538,27.924,13.804,58.835,0,HumanControl(Clone)_-16698,,
0,62.50,Human,HumanControl(Clone)_-16554,27.078,16.143,33.046,0,HumanControl(Clone)_-16698,,
0,62.50,Human,HumanControl(Clone)_-16570,6.869,8.236,98.863,0,,,
0,62.50,Human,HumanControl(Clone)_-16586,7.616,8.937,98.826,0,HumanControl(Clone)_-16570,,
0,62.50,Human,HumanControl(Clone)_-16602,27.492,17.365,67.735,0,HumanControl(Clone)_-16618,,
0,62.50,Human,HumanControl(Clone)_-16618,28.903,13.625,69.262,0,,,
0,62.50,Human,HumanControl(Clone)_-16634,25.482,16.171,60.904,0,HumanControl(Clone)_-16618,,
0,62.50,Human,HumanControl(Clone)_-16650,27.615,12.679,50.831,0,HumanControl(Clone)_-16666,,
0,62.50,Human,HumanControl(Clone)_-16666,28.304,15.079,64.596,0,HumanControl(Clone)_-16618,,
0,62.50,Human,HumanControl(Clone)_-16682,29.613,12.167,60.267,0,HumanControl(Clone)_-16666,,
0,62.50,Human,HumanControl(Clone)_-16698,28.793,17.101,54.624,0,HumanControl(Clone)_-16618,,
0,62.50,Human,HumanControl(Clone)_-16746,29.307,15.078,71.730,0,HumanControl(Clone)_-16618,,
0,62.50,Human,HumanControl(Clone)_-16762,26.372,13.619,59.483,0,HumanControl(Clone)_-16538,,
0,62.50,Human,HumanControl(Clone)_-16794,23.300,14.944,67.640,0,HumanControl(Clone)_-16538,,
0,62.50,Human,HumanControl(Clone)_-16826,29.989,13.198,50.167,0,HumanControl(Clone)_-16698,,
0,62.50,Human,HumanControl(Clone)_-16842,25.371,17.175,60.338,0,HumanControl(Clone)_-16554,,
0,62.50,Human,HumanControl(Clone)_-16970,26.401,16.879,41.998,0,HumanControl(Clone)_-16554,,
0,62.50,Human,HumanControl(Clone)_-16986,25.556,12.792,54.806,0,HumanControl(Clone)_-16650,,
0,62.50,Human,HumanControl(Clone)_-17018,23.428,12.235,70.257,0,HumanControl(Clone)_-16650,,
0,62.50,Human,HumanControl(Clone)_-17098,24.620,12.054,55.056,0,HumanControl(Clone)_-16650,,
0,62.50,Human,HumanControl(Clone)_-17130,28.098,16.264,59.793,0,HumanControl(Clone)_-16698,,
0,63.00,Robot,RobotControl(Clone)_-17146,32.815,56.370,,,,,0
0,63.00,Robot,RobotControl(Clone)_-17164,29.532,11.100,,,,,0
0,63.00,Robot,RobotControl(Clone)_-17182,33.172,55.310,,,,,0
0,63.00,Human,HumanControl(Clone)_-16538,27.342,14.765,58.172,0,HumanControl(Clone)_-16698,,
0,63.00,Human,HumanControl(Clone)_-16554,27.501,17.451,33.046,0,HumanControl(Clone)_-16698,,
0,63.00,Human,HumanControl(Clone)_-16570,6.808,8.217,98.863,0,,,
0,63.00,Human,HumanControl(Clone)_-16586,7.258,9.151,98.826,0,HumanControl(Clone)_-16570,,
0,63.00,Human,HumanControl(Clone)_-16602,28.256,16.670,67.473,0,HumanControl(Clone)_-16618,,
0,63.00,Human,HumanControl(Clone)_-16618,28.037,13.749,68.266,0,,,
0,63.00,Human,HumanControl(Clone)_-16634,26.376,16.554,60.296,0,HumanControl(Clone)_-16618,,
0,63.00,Human,HumanControl(Clone)_-16650,28.824,13.071,50.831,0,HumanControl(Clone)_-16666,,
0,63.00,Human,HumanControl(Clone)_-16666,28.413,15.087,64.596,0,HumanControl(Clone)_-16618,,
0,63.00,Human,HumanControl(Clone)_-16682,29.852,12.771,60.267,0,HumanControl(Clone)_-16666,,
0,63.00,Human,HumanControl(Clone)_-16698,29.465,15.814,54.624,0,HumanControl(Clone)_-16618,,
0,63.00,Human,HumanControl(Clone)_-16746,30.000,14.950,71.730,0,HumanControl(Clone)_-16618,,
0,63.00,Human,HumanControl(Clone)_-16762,27.436,12.948,58.660,0,HumanControl(Clone)_-16538,,
0,63.00,Human,HumanControl(Clone)_-16794,24.272,14.136,66.014,0,HumanControl(Clone)_-16538,,
0,63.00,Human,HumanControl(Clone)_-16826,29.990,13.819,50.167,0,HumanControl(Clone)_-16698,,
0,63.00,Human,HumanControl(Clone)_-16842,25.334,16.435,59.527,0,HumanControl(Clone)_-16554,,
0,63.00,Human,HumanControl(Clone)_-16970,26.477,15.294,41.998,0,HumanControl(Clone)_-16554,,
0,63.00,Human,HumanControl(Clone)_-16986,25.779,12.833,54.806,0,HumanControl(Clone)_-16650,,
0,63.00,Human,HumanControl(Clone)_-17018,23.514,12.597,70.257,0,HumanControl(Clone)_-16650,,
0,63.00,Human,HumanControl(Clone)_-17098,25.033,11.407,55.056,0,HumanControl(Clone)_-16650,,
0,63.00,Human,HumanControl(Clone)_-17130,26.557,18.900,59.072,0,HumanControl(Clone)_-16698,,
0,63.50,Robot,RobotControl(Clone)_-17146,33.759,52.501,,,,,0
0,63.50,Robot,RobotControl(Clone)_-17164,29.393,11.156,,,,,0
0,63.50,Robot,RobotControl(Clone)_-17182,34.088,51.408,,,,,0
0,63.50,Human,HumanControl(Clone)_-16538,28.868,17.477,57.518,0,HumanControl(Clone)_-16698,,
0,63.50,Human,HumanControl(Clone)_-16554,27.762,17.726,32.979,0,HumanControl(Clone)_-16698,,
0,63.50,Human,HumanControl(Clone)_-16570,7.074,8.141,98.863,0,,,
0,63.50,Human,HumanControl(Clone)_-16586,6.105,8.473,98.826,0,HumanControl(Clone)_-16570,,
0,63.50,Human,HumanControl(Clone)_-16602,29.102,15.892,67.277,0,HumanControl(Clone)_-16618,,
0,63.50,Human,HumanControl(Clone)_-16618,25.830,14.028,67.075,0,,,
0,63.50,Human,HumanControl(Clone)_-16634,25.533,15.702,59.890,0,HumanControl(Clone)_-16618,,
0,63.50,Human,HumanControl(Clone)_-16650,27.503,15.370,50.300,0,HumanControl(Clone)_-16666,,
0,63.50,Human,HumanControl(Clone)_-16666,27.981,13.875,64.132,0,HumanControl(Clone)_-16618,,
0,63.50,Human,HumanControl(Clone)_-16682,26.435,11.489,59.762,0,HumanControl(Clone)_-16666,,
0,63.50,Human,HumanControl(Clone)_-16698,30.001,15.405,54.624,0,HumanControl(Clone)_-16618,,
0,63.50,Human,HumanControl(Clone)_-16746,29.272,12.149,71.730,0,HumanControl(Clone)_-16618,,
0,63.50,Human,HumanControl(Clone)_-16762,26.836,13.359,58.195,0,HumanControl(Clone)_-16538,,
0,63.50,Human,HumanControl(Clone)_-16794,26.057,12.387,65.692,0,HumanControl(Clone)_-16538,,
0,63.50,Human,HumanControl(Clone)_-16826,28.238,16.747,49.774,0,HumanControl(Clone)_-16698,,
0,63.50,Human,HumanControl(Clone)_-16842,26.443,16.216,59.527,0,HumanControl(Clone)_-16554,,
0,63.50,Human,HumanControl(Clone)_-16970,25.396,16.877,41.998,0,HumanControl(Clone)_-16554,,
0,63.50,Human,HumanControl(Clone)_-16986,28.065,12.637,54.806,0,HumanControl(Clone)_-16650,,
0,63.50,Human,HumanControl(Clone)_-17018,24.468,12.323,70.257,0,HumanControl(Clone)_-16650,,
0,63.50,Human,HumanControl(Clone)_-17098,27.659,11.696,52.918,0,HumanControl(Clone)_-16650,,
0,63.50,Human,HumanControl(Clone)_-17130,26.147,17.913,58.354,0,HumanControl(Clone)_-16698,,
0,64.00,Robot,RobotControl(Clone)_-17146,34.232,50.566,,,,,0
0,64.00,Robot,RobotControl(Clone)_-17164,29.563,11.133,,,,,0
0,64.00,Robot,RobotControl(Clone)_-17182,34.547,49.457,,,,,0
0,64.00,Human,HumanControl(Clone)_-16538,30.000,18.704,57.306,0,HumanControl(Clone)_-16698,,
0,64.00,Human,HumanControl(Clone)_-16554,27.511,18.900,32.377,1,HumanControl(Clone)_-16698,,
0,64.00,Human,HumanControl(Clone)_-16570,7.119,8.096,98.863,0,,,
0,64.00,Human,HumanControl(Clone)_-16586,6.083,8.056,98.826,0,HumanControl(Clone)_-16570,,
0,64.00,Human,HumanControl(Clone)_-16602,28.801,15.872,67.081,0,HumanControl(Clone)_-16618,,
0,64.00,Human,HumanControl(Clone)_-16618,24.856,13.089,66.561,0,,,
0,64.00,Human,HumanControl(Clone)_-16634,23.414,15.234,59.789,0,HumanControl(Clone)_-16618,,
0,64.00,Human,HumanControl(Clone)_-16650,28.148,16.630,50.300,0,HumanControl(Clone)_-16666,,
0,64.00,Human,HumanControl(Clone)_-16666,27.575,13.567,63.269,0,HumanControl(Clone)_-16618,,
0,64.00,Human,HumanControl(Clone)_-16682,25.655,11.871,58.196,0,HumanControl(Clone)_-16666,,
0,64.00,Human,HumanControl(Clone)_-16698,29.453,15.114,54.624,0,HumanControl(Clone)_-16618,,
0,64.00,Human,HumanControl(Clone)_-16746,27.780,11.881,70.729,0,HumanControl(Clone)_-16618,,
0,64.00,Human,HumanControl(Clone)_-16762,26.660,14.413,58.195,0,HumanControl(Clone)_-16538,,
0,64.00,Human,HumanControl(Clone)_-16794,26.073,12.931,64.648,0,HumanControl(Clone)_-16538,,
0,64.00,Human,HumanControl(Clone)_-16826,27.987,17.960,49.440,0,HumanControl(Clone)_-16698,,
0,64.00,Human,HumanControl(Clone)_-16842,25.220,18.111,57.487,0,HumanControl(Clone)_-16554,,
0,64.00,Human,HumanControl(Clone)_-16970,24.597,18.899,41.793,0,HumanControl(Clone)_-16554,,
0,64.00,Human,HumanControl(Clone)_-16986,28.772,12.222,54.272,0,HumanControl(Clone)_-16650,,
0,64.00,Human,HumanControl(Clone)_-17018,23.921,11.186,69.166,0,HumanControl(Clone)_-16650,,
0,64.00,Human,HumanControl(Clone)_-17098,28.425,11.116,52.317,0,HumanControl(Clone)_-16650,,
0,64.00,Human,HumanControl(Clone)_-17130,27.289,17.141,57.328,0,HumanControl(Clone)_-16698,,
0,64.50,Robot,RobotControl(Clone)_-17146,35.500,40.836,,,,,0
0,64.50,Robot,RobotControl(Clone)_-17164,29.412,11.113,,,,,0
0,64.50,Robot,RobotControl(Clone)_-17182,35.462,45.608,,,,,0
0,64.50,Human,HumanControl(Clone)_-16538,29.995,17.359,56.670,0,HumanControl(Clone)_-16698,,
0,64.50,Human,HumanControl(Clone)_-16554,28.058,17.151,31.306,1,HumanControl(Clone)_-16698,,
0,64.50,Human,HumanControl(Clone)_-16570,7.062,8.366,98.863,0,,,
0,64.50,Human,HumanControl(Clone)_-16586,7.221,7.354,98.826,0,HumanControl(Clone)_-16570,,
0,64.50,Human,HumanControl(Clone)_-16602,27.080,14.530,67.081,0,HumanControl(Clone)_-16618,,
0,64.50,Human,HumanControl(Clone)_-16618,25.659,14.195,65.430,0,,,
0,64.50,Human,HumanControl(Clone)_-16634,23.585,13.306,59.030,0,HumanControl(Clone)_-16618,,
0,64.50,Human,HumanControl(Clone)_-16650,29.246,14.776,50.300,0,HumanControl(Clone)_-16666,,
0,64.50,Human,HumanControl(Clone)_-16666,25.538,13.180,61.491,0,HumanControl(Clone)_-16618,,
0,64.50,Human,HumanControl(Clone)_-16682,26.408,12.653,57.987,0,HumanControl(Clone)_-16666,,
0,64.50,Human,HumanControl(Clone)_-16698,27.337,13.556,53.562,0,HumanControl(Clone)_-16618,,
0,64.50,Human,HumanControl(Clone)_-16746,26.181,11.483,69.865,0,HumanControl(Clone)_-16618,,
0,64.50,Human,HumanControl(Clone)_-16762,27.065,17.268,58.195,0,HumanControl(Clone)_-16538,,
0,64.50,Human,HumanControl(Clone)_-16794,27.060,15.769,64.648,0,HumanControl(Clone)_-16538,,
0,64.50,Human,HumanControl(Clone)_-16826,29.054,16.654,49.306,0,HumanControl(Clone)_-16698,,
0,64.50,Human,HumanControl(Clone)_-16842,27.502,18.751,57.487,0,HumanControl(Clone)_-16554,,
0,64.50,Human,HumanControl(Clone)_-16970,25.456,18.890,41.793,0,HumanControl(Clone)_-16554,,
0,64.50,Human,HumanControl(Clone)_-16986,29.329,13.774,54.272,0,HumanControl(Clone)_-16650,,
0,64.50,Human,HumanControl(Clone)_-17018,24.642,12.574,67.530,0,HumanControl(Clone)_-16650,,
0,64.50,Human,HumanControl(Clone)_-17098,28.327,13.408,51.050,0,HumanControl(Clone)_-16650,,
0,64.50,Human,HumanControl(Clone)_-17130,28.007,15.118,57.328,0,HumanControl(Clone)_-16698,,
0,65.00,Robot,RobotControl(Clone)_-17146,35.499,38.838,,,,,0
0,65.00,Robot,RobotControl(Clone)_-17164,29.466,11.176,,,,,0
0,65.00,Robot,RobotControl(Clone)_-17182,37.606,41.388,,,,,0
0,65.00,Human,HumanControl(Clone)_-16538,29.970,17.425,56.373,0,HumanControl(Clone)_-16698,,
0,65.00,Human,HumanControl(Clone)_-16554,28.099,15.694,30.325,1,HumanControl(Clone)_-16698,,
0,65.00,Human,HumanControl(Clone)_-16570,7.080,8.427,98.863,0,,,
0,65.00,Human,HumanControl(Clone)_-16586,7.600,7.530,98.826,0,HumanControl(Clone)_-16570,,
0,65.00,Human,HumanControl(Clone)_-16602,27.202,13.200,67.081,0,HumanControl(Clone)_-16618,,
0,65.00,Human,HumanControl(Clone)_-16618,25.566,14.765,64.608,0,,,
0,65.00,Human,HumanControl(Clone)_-16634,23.639,13.106,59.030,0,HumanControl(Clone)_-16618,,
0,65.00,Human,HumanControl(Clone)_-16650,29.474,13.555,50.300,0,HumanControl(Clone)_-16666,,
0,65.00,Human,HumanControl(Clone)_-16666,24.728,12.966,61.491,0,HumanControl(Clone)_-16618,,
0,65.00,Human,HumanControl(Clone)_-16682,27.023,12.216,57.883,0,HumanControl(Clone)_-16666,,
0,65.00,Human,HumanControl(Clone)_-16698,25.894,13.762,52.122,0,HumanControl(Clone)_-16618,,
0,65.00,Human,HumanControl(Clone)_-16746,25.887,11.100,69.447,0,HumanControl(Clone)_-16618,,
0,65.00,Human,HumanControl(Clone)_-16762,27.299,18.594,58.195,0,HumanControl(Clone)_-16538,,
0,65.00,Human,HumanControl(Clone)_-16794,27.199,17.022,64.648,0,HumanControl(Clone)_-16538,,
0,65.00,Human,HumanControl(Clone)_-16826,29.150,16.158,49.306,0,HumanControl(Clone)_-16698,,
0,65.00,Human,HumanControl(Clone)_-16842,28.895,18.627,57.487,0,HumanControl(Clone)_-16554,,
0,65.00,Human,HumanControl(Clone)_-16970,26.272,18.777,41.793,0,HumanControl(Clone)_-16554,,
0,65.00,Human,HumanControl(Clone)_-16986,29.895,14.634,54.272,0,HumanControl(Clone)_-16650,,
0,65.00,Human,HumanControl(Clone)_-17018,24.176,14.049,66.662,0,HumanControl(Clone)_-16650,,
0,65.00,Human,HumanControl(Clone)_-17098,28.813,14.412,50.785,0,HumanControl(Clone)_-16650,,
0,65.00,Human,HumanControl(Clone)_-17130,26.799,14.548,57.328,0,HumanControl(Clone)_-16698,,
0,65.50,Robot,RobotControl(Clone)_-17146,35.499,34.839,,,,,0
0,65.50,Robot,RobotControl(Clone)_-17164,29.221,11.183,,,,,0
0,65.50,Robot,RobotControl(Clone)_-17182,38.315,37.643,,,,,0
0,65.50,Human,HumanControl(Clone)_-16538,28.486,16.112,56.307,0,HumanControl(Clone)_-16698,,
0,65.50,Human,HumanControl(Clone)_-16554,26.328,14.274,29.783,1,HumanControl(Clone)_-16698,,
0,65.50,Human,HumanControl(Clone)_-16570,6.868,8.250,98.863,0,,,
0,65.50,Human,HumanControl(Clone)_-16586,7.688,8.865,98.826,0,HumanControl(Clone)_-16570,,
0,65.50,Human,HumanControl(Clone)_-16602,26.920,12.860,66.614,0,HumanControl(Clone)_-16618,,
0,65.50,Human,HumanControl(Clone)_-16618,26.621,16.582,63.290,0,,,
0,65.50,Human,HumanControl(Clone)_-16634,24.669,13.654,59.030,0,HumanControl(Clone)_-16618,,
0,65.50,Human,HumanControl(Clone)_-16650,28.051,13.125,50.300,0,HumanControl(Clone)_-16666,,
0,65.50,Human,HumanControl(Clone)_-16666,25.683,13.505,60.771,0,HumanControl(Clone)_-16618,,
0,65.50,Human,HumanControl(Clone)_-16682,25.800,11.992,56.525,0,HumanControl(Clone)_-16666,,
0,65.50,Human,HumanControl(Clone)_-16698,25.096,16.156,50.272,0,HumanControl(Clone)_-16618,,
0,65.50,Human,HumanControl(Clone)_-16746,24.622,11.957,68.821,0,HumanControl(Clone)_-16618,,
0,65.50,Human,HumanControl(Clone)_-16762,29.044,17.464,57.125,0,HumanControl(Clone)_-16538,,
0,65.50,Human,HumanControl(Clone)_-16794,30.000,16.938,64.648,0,HumanControl(Clone)_-16538,,
0,65.50,Human,HumanControl(Clone)_-16826,29.130,14.865,49.306,0,HumanControl(Clone)_-16698,,
0,65.50,Human,HumanControl(Clone)_-16842,29.487,15.977,56.809,0,HumanControl(Clone)_-16554,,
0,65.50,Human,HumanControl(Clone)_-16970,27.980,17.450,41.793,0,HumanControl(Clone)_-16554,,
0,65.50,Human,HumanControl(Clone)_-16986,28.134,14.963,54.272,0,HumanControl(Clone)_-16650,,
0,65.50,Human,HumanControl(Clone)_-17018,25.329,14.508,65.686,0,HumanControl(Clone)_-16650,,
0,65.50,Human,HumanControl(Clone)_-17098,28.901,12.557,50.785,0,HumanControl(Clone)_-16650,,
0,65.50,Human,HumanControl(Clone)_-17130,27.334,14.365,57.328,0,HumanControl(Clone)_-16698,,
0,66.00,Robot,RobotControl(Clone)_-17146,35.499,32.839,,,,,0
0,66.00,Robot,RobotControl(Clone)_-17164,28.197,11.147,,,,,0
0,66.00,Robot,RobotControl(Clone)_-17182,37.974,35.679,,,,,0
0,66.00,Human,HumanControl(Clone)_-16538,27.159,15.162,55.654,0,HumanControl(Clone)_-16698,,
0,66.00,Human,HumanControl(Clone)_-16554,26.698,14.173,28.652,1,HumanControl(Clone)_-16698,,
0,66.00,Human,HumanControl(Clone)_-16570,6.806,8.238,98.863,0,,,
0,66.00,Human,HumanControl(Clone)_-16586,7.356,9.117,98.826,0,HumanControl(Clone)_-16570,,
0,66.00,Human,HumanControl(Clone)_-16602,26.487,13.191,66.408,0,HumanControl(Clone)_-16618,,
0,66.00,Human,HumanControl(Clone)_-16618,26.848,17.135,63.290,0,,,
0,66.00,Human,HumanControl(Clone)_-16634,23.103,14.076,57.728,0,HumanControl(Clone)_-16618,,
0,66.00,Human,HumanControl(Clone)_-16650,26.941,11.361,50.300,0,HumanControl(Clone)_-16666,,
0,66.00,Human,HumanControl(Clone)_-16666,22.907,16.038,59.421,0,HumanControl(Clone)_-16618,,
0,66.00,Human,HumanControl(Clone)_-16682,24.988,11.101,55.795,0,HumanControl(Clone)_-16666,,
0,66.00,Human,HumanControl(Clone)_-16698,26.074,17.836,49.554,0,HumanControl(Clone)_-16618,,
0,66.00,Human,HumanControl(Clone)_-16746,24.186,12.316,67.076,0,HumanControl(Clone)_-16618,,
0,66.00,Human,HumanControl(Clone)_-16762,28.196,16.872,57.125,0,HumanControl(Clone)_-16538,,
0,66.00,Human,HumanControl(Clone)_-16794,29.976,16.787,64.648,0,HumanControl(Clone)_-16538,,
0,66.00,Human,HumanControl(Clone)_-16826,30.000,13.642,49.107,0,HumanControl(Clone)_-16698,,
0,66.00,Human,HumanControl(Clone)_-16842,29.790,15.500,56.809,0,HumanControl(Clone)_-16554,,
0,66.00,Human,HumanControl(Clone)_-16970,27.459,16.149,40.877,0,HumanControl(Clone)_-16554,,
0,66.00,Human,HumanControl(Clone)_-16986,29.046,14.685,54.272,0,HumanControl(Clone)_-16650,,
0,66.00,Human,HumanControl(Clone)_-17018,25.942,15.493,65.480,0,HumanControl(Clone)_-16650,,
0,66.00,Human,HumanControl(Clone)_-17098,29.240,12.446,50.785,0,HumanControl(Clone)_-16650,,
0,66.00,Human,HumanControl(Clone)_-17130,28.260,13.854,56.465,0,HumanControl(Clone)_-16698,,
0,66.50,Robot,RobotControl(Clone)_-17146,35.499,28.839,,,,,0
0,66.50,Robot,RobotControl(Clone)_-17164,26.489,12.952,,,,,0
0,66.50,Robot,RobotControl(Clone)_-17182,37.259,31.747,,,,,0
0,66.50,Human,HumanControl(Clone)_-16538,25.479,15.593,54.944,0,HumanControl(Clone)_-16698,,
0,66.50,Human,HumanControl(Clone)_-16554,24.772,18.226,28.348,1,HumanControl(Clone)_-16698,,
0,66.50,Human,HumanControl(Clone)_-16570,7.061,8.133,98.863,0,,,
0,66.50,Human,HumanControl(Clone)_-16586,6.135,8.571,98.826,0,HumanControl(Clone)_-16570,,
0,66.50,Human,HumanControl(Clone)_-16602,25.049,14.236,64.763,0,HumanControl(Clone)_-16618,,
0,66.50,Human,HumanControl(Clone)_-16618,28.304,17.389,63.159,0,,,
0,66.50,Human,HumanControl(Clone)_-16634,22.986,15.887,57.728,0,HumanControl(Clone)_-16618,,
0,66.50,Human,HumanControl(Clone)_-16650,24.790,12.173,50.300,0,HumanControl(Clone)_-16666,,
0,66.50,Human,HumanControl(Clone)_-16666,22.618,17.937,59.421,0,HumanControl(Clone)_-16618,,
0,66.50,Human,HumanControl(Clone)_-16682,23.909,13.309,54.050,0,HumanControl(Clone)_-16666,,
0,66.50,Human,HumanControl(Clone)_-16698,27.179,18.047,47.706,0,HumanControl(Clone)_-16618,,
0,66.50,Human,HumanControl(Clone)_-16746,23.844,14.334,66.424,0,HumanControl(Clone)_-16618,,
0,66.50,Human,HumanControl(Clone)_-16762,27.422,14.959,56.079,0,HumanControl(Clone)_-16538,,
0,66.50,Human,HumanControl(Clone)_-16794,29.487,17.301,64.648,0,HumanControl(Clone)_-16538,,
0,66.50,Human,HumanControl(Clone)_-16826,29.157,13.950,49.107,0,HumanControl(Clone)_-16698,,
0,66.50,Human,HumanControl(Clone)_-16842,29.137,15.277,56.809,0,HumanControl(Clone)_-16554,,
0,66.50,Human,HumanControl(Clone)_-16970,27.480,13.957,40.877,0,HumanControl(Clone)_-16554,,
0,66.50,Human,HumanControl(Clone)_-16986,29.346,11.649,54.272,0,HumanControl(Clone)_-16650,,
0,66.50,Human,HumanControl(Clone)_-17018,26.028,14.734,64.061,0,HumanControl(Clone)_-16650,,
0,66.50,Human,HumanControl(Clone)_-17098,28.380,11.100,50.785,0,HumanControl(Clone)_-16650,,
0,66.50,Human,HumanControl(Clone)_-17130,28.223,16.364,55.276,0,HumanControl(Clone)_-16698,,
0,67.00,Robot,RobotControl(Clone)_-17146,35.500,26.840,,,,,0
0,67.00,Robot,RobotControl(Clone)_-17164,26.976,14.141,,,,,0
0,67.00,Robot,RobotControl(Clone)_-17182,36.900,29.781,,,,,0
0,67.00,Human,HumanControl(Clone)_-16538,24.278,16.540,54.944,0,HumanControl(Clone)_-16698,,
0,67.00,Human,HumanControl(Clone)_-16554,24.009,18.900,28.242,1,HumanControl(Clone)_-16698,,
0,67.00,Human,HumanControl(Clone)_-16570,7.101,8.084,98.863,0,,,
0,67.00,Human,HumanControl(Clone)_-16586,6.067,8.159,98.826,0,HumanControl(Clone)_-16570,,
0,67.00,Human,HumanControl(Clone)_-16602,23.497,14.229,63.245,0,HumanControl(Clone)_-16618,,
0,67.00,Human,HumanControl(Clone)_-16618,28.729,18.273,62.557,0,,,
0,67.00,Human,HumanControl(Clone)_-16634,23.201,16.142,57.406,0,HumanControl(Clone)_-16618,,
0,67.00,Human,HumanControl(Clone)_-16650,23.013,12.427,50.300,0,HumanControl(Clone)_-16666,,
0,67.00,Human,HumanControl(Clone)_-16666,23.026,18.542,58.759,0,HumanControl(Clone)_-16618,,
0,67.00,Human,HumanControl(Clone)_-16682,22.448,14.054,53.936,0,HumanControl(Clone)_-16666,,
0,67.00,Human,HumanControl(Clone)_-16698,26.518,18.900,47.640,0,HumanControl(Clone)_-16618,,
0,67.00,Human,HumanControl(Clone)_-16746,23.069,15.150,65.990,0,HumanControl(Clone)_-16618,,
0,67.00,Human,HumanControl(Clone)_-16762,27.580,13.285,56.079,0,HumanControl(Clone)_-16538,,
0,67.00,Human,HumanControl(Clone)_-16794,30.000,17.281,64.351,0,HumanControl(Clone)_-16538,,
0,67.00,Human,HumanControl(Clone)_-16826,29.533,13.771,49.107,0,HumanControl(Clone)_-16698,,
0,67.00,Human,HumanControl(Clone)_-16842,29.172,15.983,56.809,0,HumanControl(Clone)_-16554,,
0,67.00,Human,HumanControl(Clone)_-16970,27.899,14.758,40.310,0,HumanControl(Clone)_-16554,,
0,67.00,Human,HumanControl(Clone)_-16986,28.517,11.117,54.272,0,HumanControl(Clone)_-16650,,
0,67.00,Human,HumanControl(Clone)_-17018,24.474,13.901,64.061,0,HumanControl(Clone)_-16650,,
0,67.00,Human,HumanControl(Clone)_-17098,27.355,11.131,50.785,0,HumanControl(Clone)_-16650,,
0,67.00,Human,HumanControl(Clone)_-17130,27.726,18.022,54.142,0,HumanControl(Clone)_-16698,,
0,67.50,Robot,RobotControl(Clone)_-17146,35.500,16.336,,,,,0
0,67.50,Robot,RobotControl(Clone)_-17164,27.605,16.024,,,,,0
0,67.50,Robot,RobotControl(Clone)_-17182,36.183,25.847,,,,,0
0,67.50,Human,HumanControl(Clone)_-16538,25.523,18.900,53.775,0,HumanControl(Clone)_-16698,,
0,67.50,Human,HumanControl(Clone)_-16554,26.190,18.033,27.319,1,HumanControl(Clone)_-16698,,
0,67.50,Human,HumanControl(Clone)_-16570,7.074,8.359,98.863,0,,,
0,67.50,Human,HumanControl(Clone)_-16586,7.121,7.335,98.826,0,HumanControl(Clone)_-16570,,
0,67.50,Human,HumanControl(Clone)_-16602,24.735,15.167,63.245,0,HumanControl(Clone)_-16618,,
0,67.50,Human,HumanControl(Clone)_-16618,29.026,17.810,62.557,0,,,
0,67.50,Human,HumanControl(Clone)_-16634,24.825,17.462,57.298,0,HumanControl(Clone)_-16618,,
0,67.50,Human,HumanControl(Clone)_-16650,21.533,14.332,49.276,0,HumanControl(Clone)_-16666,,
0,67.50,Human,HumanControl(Clone)_-16666,24.399,18.381,57.696,0,HumanControl(Clone)_-16618,,
0,67.50,Human,HumanControl(Clone)_-16682,21.135,16.404,53.708,0,HumanControl(Clone)_-16666,,
0,67.50,Human,HumanControl(Clone)_-16698,27.399,18.648,47.640,0,HumanControl(Clone)_-16618,,
0,67.50,Human,HumanControl(Clone)_-16746,24.260,16.132,63.517,0,HumanControl(Clone)_-16618,,
0,67.50,Human,HumanControl(Clone)_-16762,26.150,13.235,56.079,0,HumanControl(Clone)_-16538,,
0,67.50,Human,HumanControl(Clone)_-16794,29.059,16.776,64.351,0,HumanControl(Clone)_-16538,,
0,67.50,Human,HumanControl(Clone)_-16826,28.452,15.249,49.107,0,HumanControl(Clone)_-16698,,
0,67.50,Human,HumanControl(Clone)_-16842,27.188,17.608,56.743,0,HumanControl(Clone)_-16554,,
0,67.50,Human,HumanControl(Clone)_-16970,27.043,14.745,40.310,0,HumanControl(Clone)_-16554,,
0,67.50,Human,HumanControl(Clone)_-16986,26.095,11.469,54.272,0,HumanControl(Clone)_-16650,,
0,67.50,Human,HumanControl(Clone)_-17018,22.698,13.081,63.844,0,HumanControl(Clone)_-16650,,
0,67.50,Human,HumanControl(Clone)_-17098,24.943,11.825,50.785,0,HumanControl(Clone)_-16650,,
0,67.50,Human,HumanControl(Clone)_-17130,25.444,16.445,53.290,0,HumanControl(Clone)_-16698,,
0,68.00,Robot,RobotControl(Clone)_-17146,33.808,15.269,,,,,0
0,68.00,Robot,RobotControl(Clone)_-17164,27.860,15.542,,,,,0
0,68.00,Robot,RobotControl(Clone)_-17182,36.639,18.449,,,,,0
0,68.00,Human,HumanControl(Clone)_-16538,27.079,18.890,53.775,0,HumanControl(Clone)_-16698,,
0,68.00,Human,HumanControl(Clone)_-16554,27.215,17.102,26.087,1,HumanControl(Clone)_-16698,,
0,68.00,Human,HumanControl(Clone)_-16570,7.099,8.417,98.863,0,,,
0,68.00,Human,HumanControl(Clone)_-16586,7.517,7.468,98.826,0,HumanControl(Clone)_-16570,,
0,68.00,Human,HumanControl(Clone)_-16602,25.164,15.517,62.637,0,HumanControl(Clone)_-16618,,
0,68.00,Human,HumanControl(Clone)_-16618,29.452,17.232,62.557,0,,,
0,68.00,Human,HumanControl(Clone)_-16634,25.906,16.857,57.298,0,HumanControl(Clone)_-16618,,
0,68.00,Human,HumanControl(Clone)_-16650,21.435,15.351,49.048,0,HumanControl(Clone)_-16666,,
0,68.00,Human,HumanControl(Clone)_-16666,24.840,18.456,56.633,0,HumanControl(Clone)_-16618,,
0,68.00,Human,HumanControl(Clone)_-16682,21.355,17.517,53.488,0,HumanControl(Clone)_-16666,,
0,68.00,Human,HumanControl(Clone)_-16698,28.471,18.066,46.636,0,HumanControl(Clone)_-16618,,
0,68.00,Human,HumanControl(Clone)_-16746,22.927,14.636,62.013,0,HumanControl(Clone)_-16618,,
0,68.00,Human,HumanControl(Clone)_-16762,25.556,13.988,55.256,0,HumanControl(Clone)_-16538,,
0,68.00,Human,HumanControl(Clone)_-16794,28.216,17.088,64.351,0,HumanControl(Clone)_-16538,,
0,68.00,Human,HumanControl(Clone)_-16826,28.818,16.253,48.780,0,HumanControl(Clone)_-16698,,
0,68.00,Human,HumanControl(Clone)_-16842,27.043,16.117,56.743,0,HumanControl(Clone)_-16554,,
0,68.00,Human,HumanControl(Clone)_-16970,26.085,14.838,40.310,0,HumanControl(Clone)_-16554,,
0,68.00,Human,HumanControl(Clone)_-16986,24.888,11.894,54.272,0,HumanControl(Clone)_-16650,,
0,68.00,Human,HumanControl(Clone)_-17018,22.439,12.987,63.844,0,HumanControl(Clone)_-16650,,
0,68.00,Human,HumanControl(Clone)_-17098,23.901,12.474,49.149,0,HumanControl(Clone)_-16650,,
0,68.00,Human,HumanControl(Clone)_-17130,24.023,16.100,52.537,0,HumanControl(Clone)_-16698,,
0,68.50,Robot,RobotControl(Clone)_-17146,24.710,15.376,,,,,0
0,68.50,Robot,RobotControl(Clone)_-17164,28.561,14.342,,,,,0
0,68.50,Robot,RobotControl(Clone)_-17182,35.495,15.481,,,,,0
0,68.50,Human,HumanControl(Clone)_-16538,26.935,18.900,53.775,0,HumanControl(Clone)_-16698,,
0,68.50,Human,HumanControl(Clone)_-16554,28.502,18.826,25.820,1,HumanControl(Clone)_-16698,,
0,68.50,Human,HumanControl(Clone)_-16570,6.869,8.265,98.863,0,,,
0,68.50,Human,HumanControl(Clone)_-16586,7.752,8.785,98.826,0,HumanControl(Clone)_-16570,,
0,68.50,Human,HumanControl(Clone)_-16602,26.984,16.589,61.015,0,HumanControl(Clone)_-16618,,
0,68.50,Human,HumanControl(Clone)_-16618,29.714,14.559,62.557,0,,,
0,68.50,Human,HumanControl(Clone)_-16634,28.070,17.284,57.098,0,HumanControl(Clone)_-16618,,
0,68.50,Human,HumanControl(Clone)_-16650,22.747,17.418,47.476,0,HumanControl(Clone)_-16666,,
0,68.50,Human,HumanControl(Clone)_-16666,25.906,18.007,55.914,0,HumanControl(Clone)_-16618,,
0,68.50,Human,HumanControl(Clone)_-16682,23.211,18.664,51.724,0,HumanControl(Clone)_-16666,,
0,68.50,Human,HumanControl(Clone)_-16698,29.357,18.302,46.502,0,HumanControl(Clone)_-16618,,
0,68.50,Human,HumanControl(Clone)_-16746,23.319,14.610,62.013,0,HumanControl(Clone)_-16618,,
0,68.50,Human,HumanControl(Clone)_-16762,24.265,14.216,53.424,0,HumanControl(Clone)_-16538,,
0,68.50,Human,HumanControl(Clone)_-16794,26.959,17.522,63.548,0,HumanControl(Clone)_-16538,,
0,68.50,Human,HumanControl(Clone)_-16826,28.908,16.724,48.780,0,HumanControl(Clone)_-16698,,
0,68.50,Human,HumanControl(Clone)_-16842,28.117,15.815,56.286,0,HumanControl(Clone)_-16554,,
0,68.50,Human,HumanControl(Clone)_-16970,25.915,16.501,40.107,0,HumanControl(Clone)_-16554,,
0,68.50,Human,HumanControl(Clone)_-16986,22.828,13.539,54.272,0,HumanControl(Clone)_-16650,,
0,68.50,Human,HumanControl(Clone)_-17018,21.562,15.553,61.238,0,HumanControl(Clone)_-16650,,
0,68.50,Human,HumanControl(Clone)_-17098,21.944,14.164,48.134,0,HumanControl(Clone)_-16650,,
0,68.50,Human,HumanControl(Clone)_-17130,24.761,16.868,51.677,0,HumanControl(Clone)_-16698,,
0,69.00,Robot,RobotControl(Clone)_-17146,23.193,14.203,,,,,0
0,69.00,Robot,RobotControl(Clone)_-17164,28.905,13.658,,,,,0
0,69.00,Robot,RobotControl(Clone)_-17182,33.532,15.861,,,,,0
0,69.00,Human,HumanControl(Clone)_-16538,27.885,18.896,53.775,0,HumanControl(Clone)_-16698,,
0,69.00,Human,HumanControl(Clone)_-16554,29.218,18.868,25.820,1,HumanControl(Clone)_-16698,,
0,69.00,Human,HumanControl(Clone)_-16570,6.806,8.260,98.863,0,,,
0,69.00,Human,HumanControl(Clone)_-16586,7.450,9.073,98.826,0,HumanControl(Clone)_-16570,,
0,69.00,Human,HumanControl(Clone)_-16602,26.908,15.603,60.688,0,HumanControl(Clone)_-16618,,
0,69.00,Human,HumanControl(Clone)_-16618,29.409,12.691,62.557,0,,,
0,69.00,Human,HumanControl(Clone)_-16634,29.999,16.360,57.098,0,HumanControl(Clone)_-16618,,
0,69.00,Human,HumanControl(Clone)_-16650,23.534,17.862,45.881,0,HumanControl(Clone)_-16666,,
0,69.00,Human,HumanControl(Clone)_-16666,25.706,17.458,53.657,0,HumanControl(Clone)_-16618,,
0,69.00,Human,HumanControl(Clone)_-16682,24.314,18.897,51.724,0,HumanControl(Clone)_-16666,,
0,69.00,Human,HumanControl(Clone)_-16698,30.000,18.073,45.866,0,HumanControl(Clone)_-16618,,
0,69.00,Human,HumanControl(Clone)_-16746,23.945,14.866,62.013,0,HumanControl(Clone)_-16618,,
0,69.00,Human,HumanControl(Clone)_-16762,24.913,14.464,52.340,0,HumanControl(Clone)_-16538,,
0,69.00,Human,HumanControl(Clone)_-16794,27.362,17.928,63.548,0,HumanControl(Clone)_-16538,,
0,69.00,Human,HumanControl(Clone)_-16826,28.338,16.385,48.584,0,HumanControl(Clone)_-16698,,
0,69.00,Human,HumanControl(Clone)_-16842,27.140,16.906,55.632,0,HumanControl(Clone)_-16554,,
0,69.00,Human,HumanControl(Clone)_-16970,26.217,16.519,39.195,0,HumanControl(Clone)_-16554,,
0,69.00,Human,HumanControl(Clone)_-16986,22.232,14.562,54.272,0,HumanControl(Clone)_-16650,,
0,69.00,Human,HumanControl(Clone)_-17018,21.804,16.867,60.227,0,HumanControl(Clone)_-16650,,
0,69.00,Human,HumanControl(Clone)_-17098,21.554,15.297,46.996,0,HumanControl(Clone)_-16650,,
0,69.00,Human,HumanControl(Clone)_-17130,24.585,16.455,51.677,0,HumanControl(Clone)_-16698,,
0,69.50,Robot,RobotControl(Clone)_-17146,21.560,6.603,,,,,0
0,69.50,Robot,RobotControl(Clone)_-17164,28.312,13.487,,,,,0
0,69.50,Robot,RobotControl(Clone)_-17182,25.863,14.961,,,,,0
0,69.50,Human,HumanControl(Clone)_-16538,29.238,18.027,53.775,0,HumanControl(Clone)_-16698,,
0,69.50,Human,HumanControl(Clone)_-16554,30.000,17.186,25.650,1,HumanControl(Clone)_-16698,,
0,69.50,Human,HumanControl(Clone)_-16570,7.048,8.127,98.863,0,,,
0,69.50,Human,HumanControl(Clone)_-16586,6.176,8.665,98.826,0,HumanControl(Clone)_-16570,,
0,69.50,Human,HumanControl(Clone)_-16602,27.491,12.819,60.688,0,HumanControl(Clone)_-16618,,
0,69.50,Human,HumanControl(Clone)_-16618,27.228,14.228,62.225,0,,,
0,69.50,Human,HumanControl(Clone)_-16634,29.991,14.259,57.098,0,HumanControl(Clone)_-16618,,
0,69.50,Human,HumanControl(Clone)_-16650,25.262,17.975,45.258,0,HumanControl(Clone)_-16666,,
0,69.50,Human,HumanControl(Clone)_-16666,26.640,16.710,53.657,0,HumanControl(Clone)_-16618,,
0,69.50,Human,HumanControl(Clone)_-16682,26.348,17.928,51.314,0,HumanControl(Clone)_-16666,,
0,69.50,Human,HumanControl(Clone)_-16698,29.992,15.275,45.781,0,HumanControl(Clone)_-16618,,
0,69.50,Human,HumanControl(Clone)_-16746,25.902,13.341,62.013,0,HumanControl(Clone)_-16618,,
0,69.50,Human,HumanControl(Clone)_-16762,24.548,16.264,52.340,0,HumanControl(Clone)_-16538,,
0,69.50,Human,HumanControl(Clone)_-16794,27.958,17.787,62.143,0,HumanControl(Clone)_-16538,,
0,69.50,Human,HumanControl(Clone)_-16826,29.330,16.346,48.386,0,HumanControl(Clone)_-16698,,
0,69.50,Human,HumanControl(Clone)_-16842,27.363,18.898,55.427,0,HumanControl(Clone)_-16554,,
0,69.50,Human,HumanControl(Clone)_-16970,28.415,16.752,38.960,0,HumanControl(Clone)_-16554,,
0,69.50,Human,HumanControl(Clone)_-16986,22.284,16.892,52.475,0,HumanControl(Clone)_-16650,,
0,69.50,Human,HumanControl(Clone)_-17018,22.901,17.719,60.227,0,HumanControl(Clone)_-16650,,
0,69.50,Human,HumanControl(Clone)_-17098,21.954,18.104,46.225,0,HumanControl(Clone)_-16650,,
0,69.50,Human,HumanControl(Clone)_-17130,25.705,16.318,50.968,0,HumanControl(Clone)_-16698,,
0,70.00,Robot,RobotControl(Clone)_-17146,22.230,6.627,,,,,0
0,70.00,Robot,RobotControl(Clone)_-17164,26.815,13.487,,,,,0
0,70.00,Robot,RobotControl(Clone)_-17182,24.711,14.579,,,,,0
0,70.00,Human,HumanControl(Clone)_-16538,28.308,17.142,53.775,0,HumanControl(Clone)_-16698,,
0,70.00,Human,HumanControl(Clone)_-16554,29.987,16.960,25.650,1,HumanControl(Clone)_-16698,,
0,70.00,Human,HumanControl(Clone)_-16570,7.082,8.074,98.863,0,,,
0,70.00,Human,HumanControl(Clone)_-16586,6.063,8.263,98.826,0,HumanControl(Clone)_-16570,,
0,70.00,Human,HumanControl(Clone)_-16602,26.800,11.100,60.688,0,HumanControl(Clone)_-16618,,
0,70.00,Human,HumanControl(Clone)_-16618,26.747,14.659,62.225,0,,,
0,70.00,Human,HumanControl(Clone)_-16634,29.090,13.314,57.098,0,HumanControl(Clone)_-16618,,
0,70.00,Human,HumanControl(Clone)_-16650,24.817,18.410,44.847,0,HumanControl(Clone)_-16666,,
0,70.00,Human,HumanControl(Clone)_-16666,27.878,14.426,53.590,0,HumanControl(Clone)_-16618,,
0,70.00,Human,HumanControl(Clone)_-16682,26.597,18.436,50.493,0,HumanControl(Clone)_-16666,,
0,70.00,Human,HumanControl(Clone)_-16698,29.987,14.146,45.781,0,HumanControl(Clone)_-16618,,
0,70.00,Human,HumanControl(Clone)_-16746,26.868,12.298,62.013,0,HumanControl(Clone)_-16618,,
0,70.00,Human,HumanControl(Clone)_-16762,23.311,16.508,51.480,0,HumanControl(Clone)_-16538,,
0,70.00,Human,HumanControl(Clone)_-16794,27.530,17.772,61.341,0,HumanControl(Clone)_-16538,,
0,70.00,Human,HumanControl(Clone)_-16826,28.317,16.059,48.190,0,HumanControl(Clone)_-16698,,
0,70.00,Human,HumanControl(Clone)_-16842,28.345,18.369,54.423,0,HumanControl(Clone)_-16554,,
0,70.00,Human,HumanControl(Clone)_-16970,29.937,15.493,38.502,0,HumanControl(Clone)_-16554,,
0,70.00,Human,HumanControl(Clone)_-16986,22.521,17.171,52.475,0,HumanControl(Clone)_-16650,,
0,70.00,Human,HumanControl(Clone)_-17018,23.822,18.504,58.632,0,HumanControl(Clone)_-16650,,
0,70.00,Human,HumanControl(Clone)_-17098,22.608,18.888,45.123,0,HumanControl(Clone)_-16650,,
0,70.00,Human,HumanControl(Clone)_-17130,27.510,15.394,49.954,0,HumanControl(Clone)_-16698,,
0,70.50,Robot,RobotControl(Clone)_-17146,19.510,7.351,,,,,0
0,70.50,Robot,RobotControl(Clone)_-17164,24.915,15.214,,,,,0
0,70.50,Robot,RobotControl(Clone)_-17182,23.602,13.770,,,,,0
0,70.50,Human,HumanControl(Clone)_-16538,32.959,15.921,53.775,0,HumanControl(Clone)_-16698,,
0,70.50,Human,HumanControl(Clone)_-16554,36.750,15.434,25.650,1,HumanControl(Clone)_-16698,,
0,70.50,Human,HumanControl(Clone)_-16570,7.086,8.350,98.863,0,,,
0,70.50,Human,HumanControl(Clone)_-16586,7.019,7.327,98.826,0,HumanControl(Clone)_-16570,,
0,70.50,Human,HumanControl(Clone)_-16602,25.944,13.188,59.749,0,HumanControl(Clone)_-16618,,
0,70.50,Human,HumanControl(Clone)_-16618,27.492,15.235,62.225,0,,,
0,70.50,Human,HumanControl(Clone)_-16634,27.247,12.519,56.831,0,HumanControl(Clone)_-16618,,
0,70.50,Human,HumanControl(Clone)_-16650,26.454,16.722,43.205,0,HumanControl(Clone)_-16666,,
0,70.50,Human,HumanControl(Clone)_-16666,28.331,13.492,52.993,0,HumanControl(Clone)_-16618,,
0,70.50,Human,HumanControl(Clone)_-16682,26.898,17.675,50.493,0,HumanControl(Clone)_-16666,,
0,70.50,Human,HumanControl(Clone)_-16698,28.325,14.620,45.781,0,HumanControl(Clone)_-16618,,
0,70.50,Human,HumanControl(Clone)_-16746,25.264,14.063,61.910,0,HumanControl(Clone)_-16618,,
0,70.50,Human,HumanControl(Clone)_-16762,25.369,17.063,51.480,0,HumanControl(Clone)_-16538,,
0,70.50,Human,HumanControl(Clone)_-16794,28.913,18.304,61.140,0,HumanControl(Clone)_-16538,,
0,70.50,Human,HumanControl(Clone)_-16826,27.393,16.344,47.013,0,HumanControl(Clone)_-16698,,
0,70.50,Human,HumanControl(Clone)_-16842,29.992,17.814,53.992,0,HumanControl(Clone)_-16554,,
0,70.50,Human,HumanControl(Clone)_-16970,29.423,16.479,38.502,0,HumanControl(Clone)_-16554,,
0,70.50,Human,HumanControl(Clone)_-16986,24.092,17.143,52.475,0,HumanControl(Clone)_-16650,,
0,70.50,Human,HumanControl(Clone)_-17018,24.771,17.883,58.632,0,HumanControl(Clone)_-16650,,
0,70.50,Human,HumanControl(Clone)_-17098,24.437,18.900,45.123,0,HumanControl(Clone)_-16650,,
0,70.50,Human,HumanControl(Clone)_-17130,29.989,14.135,49.954,0,HumanControl(Clone)_-16698,,
0,71.00,Robot,RobotControl(Clone)_-17146,17.681,8.195,,,,,0
0,71.00,Robot,RobotControl(Clone)_-17164,24.161,15.802,,,,,0
0,71.00,Robot,RobotControl(Clone)_-17182,23.265,13.198,,,,,0
0,71.00,Human,HumanControl(Clone)_-16538,34.160,16.257,53.002,0,HumanControl(Clone)_-16698,,
0,71.00,Human,HumanControl(Clone)_-16554,36.584,14.872,25.650,1,HumanControl(Clone)_-16698,,
0,71.00,Human,HumanControl(Clone)_-16570,7.117,8.405,98.863,0,,,
0,71.00,Human,HumanControl(Clone)_-16586,7.427,7.415,98.826,0,HumanControl(Clone)_-16570,,
0,71.00,Human,HumanControl(Clone)_-16602,25.793,13.694,58.206,0,HumanControl(Clone)_-16618,,
0,71.00,Human,HumanControl(Clone)_-16618,26.278,15.454,62.225,0,,,
0,71.00,Human,HumanControl(Clone)_-16634,27.123,12.947,56.831,0,HumanControl(Clone)_-16618,,
0,71.00,Human,HumanControl(Clone)_-16650,25.824,16.396,41.685,0,HumanControl(Clone)_-16666,,
0,71.00,Human,HumanControl(Clone)_-16666,27.947,14.166,51.997,0,HumanControl(Clone)_-16618,,
0,71.00,Human,HumanControl(Clone)_-16682,27.504,16.737,50.493,0,HumanControl(Clone)_-16666,,
0,71.00,Human,HumanControl(Clone)_-16698,26.681,14.165,45.781,0,HumanControl(Clone)_-16618,,
0,71.00,Human,HumanControl(Clone)_-16746,25.322,14.932,61.910,0,HumanControl(Clone)_-16618,,
0,71.00,Human,HumanControl(Clone)_-16762,26.405,17.611,51.069,0,HumanControl(Clone)_-16538,,
0,71.00,Human,HumanControl(Clone)_-16794,27.280,18.082,60.672,0,HumanControl(Clone)_-16538,,
0,71.00,Human,HumanControl(Clone)_-16826,28.334,16.056,46.032,0,HumanControl(Clone)_-16698,,
0,71.00,Human,HumanControl(Clone)_-16842,29.997,17.076,53.568,0,HumanControl(Clone)_-16554,,
0,71.00,Human,HumanControl(Clone)_-16970,32.793,14.584,38.502,0,HumanControl(Clone)_-16554,,
0,71.00,Human,HumanControl(Clone)_-16986,25.363,17.335,52.475,0,HumanControl(Clone)_-16650,,
0,71.00,Human,HumanControl(Clone)_-17018,24.300,17.511,57.250,0,HumanControl(Clone)_-16650,,
0,71.00,Human,HumanControl(Clone)_-17098,24.776,18.472,45.123,0,HumanControl(Clone)_-16650,,
0,71.00,Human,HumanControl(Clone)_-17130,29.945,13.045,49.954,0,HumanControl(Clone)_-16698,,
0,71.50,Robot,RobotControl(Clone)_-17146,14.066,9.743,,,,,0
0,71.50,Robot,RobotControl(Clone)_-17164,23.790,14.473,,,,,0
0,71.50,Robot,RobotControl(Clone)_-17182,21.801,14.679,,,,,0
0,71.50,Human,HumanControl(Clone)_-16538,32.462,15.663,51.810,0,HumanControl(Clone)_-16698,,
0,71.50,Human,HumanControl(Clone)_-16554,32.902,14.307,25.650,1,HumanControl(Clone)_-16698,,
0,71.50,Human,HumanControl(Clone)_-16570,6.871,8.279,98.863,0,,,
0,71.50,Human,HumanControl(Clone)_-16586,7.806,8.698,98.826,0,HumanControl(Clone)_-16570,,
0,71.50,Human,HumanControl(Clone)_-16602,25.102,14.284,57.384,0,HumanControl(Clone)_-16618,,
0,71.50,Human,HumanControl(Clone)_-16618,30.000,13.910,62.225,0,,,
0,71.50,Human,HumanControl(Clone)_-16634,26.415,14.903,56.831,0,HumanControl(Clone)_-16618,,
0,71.50,Human,HumanControl(Clone)_-16650,26.603,16.285,40.672,0,HumanControl(Clone)_-16666,,
0,71.50,Human,HumanControl(Clone)_-16666,27.914,15.737,51.407,0,HumanControl(Clone)_-16618,,
0,71.50,Human,HumanControl(Clone)_-16682,29.936,15.146,50.231,0,HumanControl(Clone)_-16666,,
0,71.50,Human,HumanControl(Clone)_-16698,24.639,15.911,45.781,0,HumanControl(Clone)_-16618,,
0,71.50,Human,HumanControl(Clone)_-16746,23.626,15.620,60.411,0,HumanControl(Clone)_-16618,,
0,71.50,Human,HumanControl(Clone)_-16762,27.767,17.793,50.396,0,HumanControl(Clone)_-16538,,
0,71.50,Human,HumanControl(Clone)_-16794,28.711,16.348,60.672,0,HumanControl(Clone)_-16538,,
0,71.50,Human,HumanControl(Clone)_-16826,28.925,13.717,45.901,0,HumanControl(Clone)_-16698,,
0,71.50,Human,HumanControl(Clone)_-16842,34.271,15.349,53.568,0,HumanControl(Clone)_-16554,,
0,71.50,Human,HumanControl(Clone)_-16970,34.957,14.420,37.764,0,HumanControl(Clone)_-16554,,
0,71.50,Human,HumanControl(Clone)_-16986,23.478,17.332,52.475,0,HumanControl(Clone)_-16650,,
0,71.50,Human,HumanControl(Clone)_-17018,24.621,17.279,57.037,0,HumanControl(Clone)_-16650,,
0,71.50,Human,HumanControl(Clone)_-17098,25.907,17.006,43.481,0,HumanControl(Clone)_-16650,,
0,71.50,Human,HumanControl(Clone)_-17130,27.231,12.904,49.954,0,HumanControl(Clone)_-16698,,
0,72.00,Robot,RobotControl(Clone)_-17146,12.074,9.587,,,,,0
0,72.00,Robot,RobotControl(Clone)_-17164,24.524,13.305,,,,,0
0,72.00,Robot,RobotControl(Clone)_-17182,22.519,15.404,,,,,0
0,72.00,Human,HumanControl(Clone)_-16538,27.977,15.373,51.357,0,HumanControl(Clone)_-16698,,
0,72.00,Human,HumanControl(Clone)_-16554,26.520,14.571,25.650,1,HumanControl(Clone)_-16698,,
0,72.00,Human,HumanControl(Clone)_-16570,6.808,8.281,98.863,0,,,
0,72.00,Human,HumanControl(Clone)_-16586,7.538,9.018,98.826,0,HumanControl(Clone)_-16570,,
0,72.00,Human,HumanControl(Clone)_-16602,26.483,13.572,55.842,0,HumanControl(Clone)_-16618,,
0,72.00,Human,HumanControl(Clone)_-16618,29.997,15.484,62.225,0,,,
0,72.00,Human,HumanControl(Clone)_-16634,27.522,14.411,56.167,0,HumanControl(Clone)_-16618,,
0,72.00,Human,HumanControl(Clone)_-16650,27.099,15.981,40.672,0,HumanControl(Clone)_-16666,,
0,72.00,Human,HumanControl(Clone)_-16666,28.450,13.719,49.757,0,HumanControl(Clone)_-16618,,
0,72.00,Human,HumanControl(Clone)_-16682,28.928,15.053,50.231,0,HumanControl(Clone)_-16666,,
0,72.00,Human,HumanControl(Clone)_-16698,25.013,15.564,45.566,0,HumanControl(Clone)_-16618,,
0,72.00,Human,HumanControl(Clone)_-16746,23.652,14.757,59.981,0,HumanControl(Clone)_-16618,,
0,72.00,Human,HumanControl(Clone)_-16762,28.802,17.320,49.727,0,HumanControl(Clone)_-16538,,
0,72.00,Human,HumanControl(Clone)_-16794,28.832,16.257,60.672,0,HumanControl(Clone)_-16538,,
0,72.00,Human,HumanControl(Clone)_-16826,26.757,12.516,45.702,0,HumanControl(Clone)_-16698,,
0,72.00,Human,HumanControl(Clone)_-16842,35.515,15.110,53.568,0,HumanControl(Clone)_-16554,,
0,72.00,Human,HumanControl(Clone)_-16970,35.505,14.047,37.071,1,HumanControl(Clone)_-16554,,
0,72.00,Human,HumanControl(Clone)_-16986,23.000,17.349,52.475,0,HumanControl(Clone)_-16650,,
0,72.00,Human,HumanControl(Clone)_-17018,23.998,17.292,57.037,0,HumanControl(Clone)_-16650,,
0,72.00,Human,HumanControl(Clone)_-17098,25.089,16.615,43.278,0,HumanControl(Clone)_-16650,,
0,72.00,Human,HumanControl(Clone)_-17130,25.668,12.097,49.328,0,HumanControl(Clone)_-16698,,
0,72.50,Robot,RobotControl(Clone)_-17146,4.461,8.396,,,,,0
0,72.50,Robot,RobotControl(Clone)_-17164,23.192,12.129,,,,,0
0,72.50,Robot,RobotControl(Clone)_-17182,22.911,15.740,,,,,0
0,72.50,Human,HumanControl(Clone)_-16538,25.925,15.119,51.357,0,HumanControl(Clone)_-16698,,
0,72.50,Human,HumanControl(Clone)_-16554,23.751,14.480,24.565,1,HumanControl(Clone)_-16698,,
0,72.50,Human,HumanControl(Clone)_-16570,7.034,8.123,98.863,0,,,
0,72.50,Human,HumanControl(Clone)_-16586,6.226,8.753,98.826,0,HumanControl(Clone)_-16570,,
0,72.50,Human,HumanControl(Clone)_-16602,29.014,13.741,54.574,0,HumanControl(Clone)_-16618,,
0,72.50,Human,HumanControl(Clone)_-16618,26.821,18.517,62.025,0,,,
0,72.50,Human,HumanControl(Clone)_-16634,29.548,14.642,56.034,0,HumanControl(Clone)_-16618,,
0,72.50,Human,HumanControl(Clone)_-16650,27.354,13.270,40.606,0,HumanControl(Clone)_-16666,,
0,72.50,Human,HumanControl(Clone)_-16666,29.993,13.358,49.624,0,HumanControl(Clone)_-16618,,
0,72.50,Human,HumanControl(Clone)_-16682,26.912,15.366,49.708,0,HumanControl(Clone)_-16666,,
0,72.50,Human,HumanControl(Clone)_-16698,26.562,13.896,45.566,0,HumanControl(Clone)_-16618,,
0,72.50,Human,HumanControl(Clone)_-16746,23.587,13.271,58.788,0,HumanControl(Clone)_-16618,,
0,72.50,Human,HumanControl(Clone)_-16762,29.857,16.392,49.727,0,HumanControl(Clone)_-16538,,
0,72.50,Human,HumanControl(Clone)_-16794,28.404,16.739,60.475,0,HumanControl(Clone)_-16538,,
0,72.50,Human,HumanControl(Clone)_-16826,25.778,13.135,45.493,0,HumanControl(Clone)_-16698,,
0,72.50,Human,HumanControl(Clone)_-16842,35.580,14.503,53.568,0,HumanControl(Clone)_-16554,,
0,72.50,Human,HumanControl(Clone)_-16970,37.151,15.428,36.979,1,HumanControl(Clone)_-16554,,
0,72.50,Human,HumanControl(Clone)_-16986,24.051,16.519,51.722,0,HumanControl(Clone)_-16650,,
0,72.50,Human,HumanControl(Clone)_-17018,25.355,16.845,57.037,0,HumanControl(Clone)_-16650,,
0,72.50,Human,HumanControl(Clone)_-17098,26.238,17.422,43.278,0,HumanControl(Clone)_-16650,,
0,72.50,Human,HumanControl(Clone)_-17130,24.558,12.844,49.119,0,HumanControl(Clone)_-16698,,
0,73.00,Robot,RobotControl(Clone)_-17146,4.461,8.398,,,,,0
0,73.00,Robot,RobotControl(Clone)_-17164,24.789,12.055,,,,,0
0,73.00,Robot,RobotControl(Clone)_-17182,22.294,15.565,,,,,0
0,73.00,Human,HumanControl(Clone)_-16538,24.438,14.820,51.357,0,HumanControl(Clone)_-16698,,
0,73.00,Human,HumanControl(Clone)_-16554,23.626,15.734,22.519,1,HumanControl(Clone)_-16698,,
0,73.00,Human,HumanControl(Clone)_-16570,7.062,8.066,98.863,0,,,
0,73.00,Human,HumanControl(Clone)_-16586,6.070,8.366,98.826,0,HumanControl(Clone)_-16570,,
0,73.00,Human,HumanControl(Clone)_-16602,29.291,14.978,54.574,0,HumanControl(Clone)_-16618,,
0,73.00,Human,HumanControl(Clone)_-16618,26.247,17.733,60.485,0,,,
0,73.00,Human,HumanControl(Clone)_-16634,29.590,16.083,56.034,0,HumanControl(Clone)_-16618,,
0,73.00,Human,HumanControl(Clone)_-16650,27.667,11.852,39.605,0,HumanControl(Clone)_-16666,,
0,73.00,Human,HumanControl(Clone)_-16666,29.949,14.106,49.624,0,HumanControl(Clone)_-16618,,
0,73.00,Human,HumanControl(Clone)_-16682,27.696,14.130,48.712,0,HumanControl(Clone)_-16666,,
0,73.00,Human,HumanControl(Clone)_-16698,27.173,15.053,45.566,0,HumanControl(Clone)_-16618,,
0,73.00,Human,HumanControl(Clone)_-16746,23.073,14.315,58.246,0,HumanControl(Clone)_-16618,,
0,73.00,Human,HumanControl(Clone)_-16762,28.775,16.685,49.727,0,HumanControl(Clone)_-16538,,
0,73.00,Human,HumanControl(Clone)_-16794,27.604,17.325,60.475,0,HumanControl(Clone)_-16538,,
0,73.00,Human,HumanControl(Clone)_-16826,26.061,13.075,45.493,0,HumanControl(Clone)_-16698,,
0,73.00,Human,HumanControl(Clone)_-16842,34.232,14.583,53.199,0,HumanControl(Clone)_-16554,,
0,73.00,Human,HumanControl(Clone)_-16970,35.297,15.728,36.979,1,HumanControl(Clone)_-16554,,
0,73.00,Human,HumanControl(Clone)_-16986,24.820,16.132,51.722,0,HumanControl(Clone)_-16650,,
0,73.00,Human,HumanControl(Clone)_-17018,25.736,16.547,55.720,0,HumanControl(Clone)_-16650,,
0,73.00,Human,HumanControl(Clone)_-17098,26.842,16.611,42.560,0,HumanControl(Clone)_-16650,,
0,73.00,Human,HumanControl(Clone)_-17130,24.073,13.793,47.492,0,HumanControl(Clone)_-16698,,
0,73.50,Robot,RobotControl(Clone)_-17146,4.238,9.334,,,,,0
0,73.50,Robot,RobotControl(Clone)_-17164,25.754,12.188,,,,,0
0,73.50,Robot,RobotControl(Clone)_-17182,21.957,15.660,,,,,0
0,73.50,Human,HumanControl(Clone)_-16538,24.026,13.640,48.863,0,HumanControl(Clone)_-16698,,
0,73.50,Human,HumanControl(Clone)_-16554,26.999,14.866,22.304,1,HumanControl(Clone)_-16698,,
0,73.50,Human,HumanControl(Clone)_-16570,7.096,8.340,98.863,0,,,
0,73.50,Human,HumanControl(Clone)_-16586,6.917,7.331,98.826,0,HumanControl(Clone)_-16570,,
0,73.50,Human,HumanControl(Clone)_-16602,29.195,16.947,54.574,0,HumanControl(Clone)_-16618,,
0,73.50,Human,HumanControl(Clone)_-16618,27.765,15.505,59.888,0,,,
0,73.50,Human,HumanControl(Clone)_-16634,29.094,18.089,56.034,0,HumanControl(Clone)_-16618,,
0,73.50,Human,HumanControl(Clone)_-16650,28.623,13.070,39.472,0,HumanControl(Clone)_-16666,,
0,73.50,Human,HumanControl(Clone)_-16666,28.833,15.825,49.624,0,HumanControl(Clone)_-16618,,
0,73.50,Human,HumanControl(Clone)_-16682,29.996,13.280,48.579,0,HumanControl(Clone)_-16666,,
0,73.50,Human,HumanControl(Clone)_-16698,28.113,17.340,44.782,0,HumanControl(Clone)_-16618,,
0,73.50,Human,HumanControl(Clone)_-16746,23.902,15.874,57.493,0,HumanControl(Clone)_-16618,,
0,73.50,Human,HumanControl(Clone)_-16762,27.197,16.331,49.661,0,HumanControl(Clone)_-16538,,
0,73.50,Human,HumanControl(Clone)_-16794,23.262,17.954,60.156,0,HumanControl(Clone)_-16538,,
0,73.50,Human,HumanControl(Clone)_-16826,28.093,11.373,45.160,0,HumanControl(Clone)_-16698,,
0,73.50,Human,HumanControl(Clone)_-16842,28.078,14.476,53.199,0,HumanControl(Clone)_-16554,,
0,73.50,Human,HumanControl(Clone)_-16970,31.325,15.602,36.979,1,HumanControl(Clone)_-16554,,
0,73.50,Human,HumanControl(Clone)_-16986,23.972,16.877,51.615,0,HumanControl(Clone)_-16650,,
0,73.50,Human,HumanControl(Clone)_-17018,26.017,14.686,55.617,0,HumanControl(Clone)_-16650,,
0,73.50,Human,HumanControl(Clone)_-17098,26.143,15.723,40.634,0,HumanControl(Clone)_-16650,,
0,73.50,Human,HumanControl(Clone)_-17130,24.900,14.126,47.275,0,HumanControl(Clone)_-16698,,
0,74.00,Robot,RobotControl(Clone)_-17146,4.239,10.163,,,,,0
0,74.00,Robot,RobotControl(Clone)_-17164,25.867,11.225,,,,,0
0,74.00,Robot,RobotControl(Clone)_-17182,21.820,15.621,,,,,0
0,74.00,Human,HumanControl(Clone)_-16538,24.520,14.151,47.779,0,HumanControl(Clone)_-16698,,
0,74.00,Human,HumanControl(Clone)_-16554,28.057,15.453,22.304,1,HumanControl(Clone)_-16698,,
0,74.00,Human,HumanControl(Clone)_-16570,7.134,8.391,98.863,0,,,
0,74.00,Human,HumanControl(Clone)_-16586,7.332,7.373,98.826,0,HumanControl(Clone)_-16570,,
0,74.00,Human,HumanControl(Clone)_-16602,29.043,16.702,54.574,0,HumanControl(Clone)_-16618,,
0,74.00,Human,HumanControl(Clone)_-16618,28.870,14.826,59.234,0,,,
0,74.00,Human,HumanControl(Clone)_-16634,28.863,18.900,55.900,0,HumanControl(Clone)_-16618,,
0,74.00,Human,HumanControl(Clone)_-16650,28.502,13.371,39.472,0,HumanControl(Clone)_-16666,,
0,74.00,Human,HumanControl(Clone)_-16666,27.580,16.824,49.297,0,HumanControl(Clone)_-16618,,
0,74.00,Human,HumanControl(Clone)_-16682,29.964,13.938,48.579,0,HumanControl(Clone)_-16666,,
0,74.00,Human,HumanControl(Clone)_-16698,26.835,18.841,44.246,0,HumanControl(Clone)_-16618,,
0,74.00,Human,HumanControl(Clone)_-16746,24.905,16.770,56.418,0,HumanControl(Clone)_-16618,,
0,74.00,Human,HumanControl(Clone)_-16762,26.422,16.299,48.445,0,HumanControl(Clone)_-16538,,
0,74.00,Human,HumanControl(Clone)_-16794,23.417,17.938,58.987,0,HumanControl(Clone)_-16538,,
0,74.00,Human,HumanControl(Clone)_-16826,28.852,12.272,45.160,0,HumanControl(Clone)_-16698,,
0,74.00,Human,HumanControl(Clone)_-16842,27.011,13.878,52.535,0,HumanControl(Clone)_-16554,,
0,74.00,Human,HumanControl(Clone)_-16970,28.591,17.751,36.176,1,HumanControl(Clone)_-16554,,
0,74.00,Human,HumanControl(Clone)_-16986,24.507,15.616,51.615,0,HumanControl(Clone)_-16650,,
0,74.00,Human,HumanControl(Clone)_-17018,26.515,12.992,55.617,0,HumanControl(Clone)_-16650,,
0,74.00,Human,HumanControl(Clone)_-17098,26.748,15.350,39.620,0,HumanControl(Clone)_-16650,,
0,74.00,Human,HumanControl(Clone)_-17130,25.405,15.083,47.275,0,HumanControl(Clone)_-16698,,
0,74.50,Robot,RobotControl(Clone)_-17146,5.988,9.107,,,,,0
0,74.50,Robot,RobotControl(Clone)_-17164,25.680,11.711,,,,,0
0,74.50,Robot,RobotControl(Clone)_-17182,23.011,14.022,,,,,0
0,74.50,Human,HumanControl(Clone)_-16538,24.799,15.920,47.779,0,HumanControl(Clone)_-16698,,
0,74.50,Human,HumanControl(Clone)_-16554,27.966,18.886,22.304,1,HumanControl(Clone)_-16698,,
0,74.50,Human,HumanControl(Clone)_-16570,6.875,8.293,98.863,0,,,
0,74.50,Human,HumanControl(Clone)_-16586,7.851,8.607,98.826,0,HumanControl(Clone)_-16570,,
0,74.50,Human,HumanControl(Clone)_-16602,27.831,15.260,54.247,0,HumanControl(Clone)_-16618,,
0,74.50,Human,HumanControl(Clone)_-16618,28.634,14.658,59.234,0,,,
0,74.50,Human,HumanControl(Clone)_-16634,28.628,16.973,55.700,0,HumanControl(Clone)_-16618,,
0,74.50,Human,HumanControl(Clone)_-16650,29.254,15.585,39.472,0,HumanControl(Clone)_-16666,,
0,74.50,Human,HumanControl(Clone)_-16666,28.079,17.837,48.294,0,HumanControl(Clone)_-16618,,
0,74.50,Human,HumanControl(Clone)_-16682,29.793,16.472,48.579,0,HumanControl(Clone)_-16666,,
0,74.50,Human,HumanControl(Clone)_-16698,26.293,17.641,42.091,0,HumanControl(Clone)_-16618,,
0,74.50,Human,HumanControl(Clone)_-16746,27.308,16.303,56.418,0,HumanControl(Clone)_-16618,,
0,74.50,Human,HumanControl(Clone)_-16762,23.823,15.703,46.630,0,HumanControl(Clone)_-16538,,
0,74.50,Human,HumanControl(Clone)_-16794,22.456,15.529,58.987,0,HumanControl(Clone)_-16538,,
0,74.50,Human,HumanControl(Clone)_-16826,28.969,13.012,45.160,0,HumanControl(Clone)_-16698,,
0,74.50,Human,HumanControl(Clone)_-16842,26.206,14.343,50.479,0,HumanControl(Clone)_-16554,,
0,74.50,Human,HumanControl(Clone)_-16970,26.804,18.505,36.176,1,HumanControl(Clone)_-16554,,
0,74.50,Human,HumanControl(Clone)_-16986,25.023,13.226,51.615,0,HumanControl(Clone)_-16650,,
0,74.50,Human,HumanControl(Clone)_-17018,28.162,11.925,55.150,0,HumanControl(Clone)_-16650,,
0,74.50,Human,HumanControl(Clone)_-17098,28.156,13.728,38.492,0,HumanControl(Clone)_-16650,,
0,74.50,Human,HumanControl(Clone)_-17130,26.235,16.612,45.654,0,HumanControl(Clone)_-16698,,
0,75.00,Robot,RobotControl(Clone)_-17146,5.584,9.989,,,,,0
0,75.00,Robot,RobotControl(Clone)_-17164,25.328,12.270,,,,,0
0,75.00,Robot,RobotControl(Clone)_-17182,23.055,13.937,,,,,0
0,75.00,Human,HumanControl(Clone)_-16538,24.907,17.038,47.779,0,HumanControl(Clone)_-16698,,
0,75.00,Human,HumanControl(Clone)_-16554,26.935,18.872,22.304,1,HumanControl(Clone)_-16698,,
0,75.00,Human,HumanControl(Clone)_-16570,6.813,8.302,98.863,0,,,
0,75.00,Human,HumanControl(Clone)_-16586,7.619,8.954,98.826,0,HumanControl(Clone)_-16570,,
0,75.00,Human,HumanControl(Clone)_-16602,27.993,13.359,53.716,0,HumanControl(Clone)_-16618,,
0,75.00,Human,HumanControl(Clone)_-16618,28.062,14.358,58.703,0,,,
0,75.00,Human,HumanControl(Clone)_-16634,29.251,16.034,55.700,0,HumanControl(Clone)_-16618,,
0,75.00,Human,HumanControl(Clone)_-16650,30.000,16.792,39.472,0,HumanControl(Clone)_-16666,,
0,75.00,Human,HumanControl(Clone)_-16666,28.199,17.368,47.625,0,HumanControl(Clone)_-16618,,
0,75.00,Human,HumanControl(Clone)_-16682,29.397,17.591,48.579,0,HumanControl(Clone)_-16666,,
0,75.00,Human,HumanControl(Clone)_-16698,27.476,16.622,41.065,0,HumanControl(Clone)_-16618,,
0,75.00,Human,HumanControl(Clone)_-16746,27.960,15.747,55.437,0,HumanControl(Clone)_-16618,,
0,75.00,Human,HumanControl(Clone)_-16762,24.919,14.964,45.555,0,HumanControl(Clone)_-16538,,
0,75.00,Human,HumanControl(Clone)_-16794,21.774,14.516,57.750,0,HumanControl(Clone)_-16538,,
0,75.00,Human,HumanControl(Clone)_-16826,29.081,13.571,45.160,0,HumanControl(Clone)_-16698,,
0,75.00,Human,HumanControl(Clone)_-16842,26.940,15.086,49.451,0,HumanControl(Clone)_-16554,,
0,75.00,Human,HumanControl(Clone)_-16970,25.945,16.811,36.176,1,HumanControl(Clone)_-16554,,
0,75.00,Human,HumanControl(Clone)_-16986,26.275,12.670,51.615,0,HumanControl(Clone)_-16650,,
0,75.00,Human,HumanControl(Clone)_-17018,29.543,12.682,54.483,0,HumanControl(Clone)_-16650,,
0,75.00,Human,HumanControl(Clone)_-17098,28.522,12.463,37.828,0,HumanControl(Clone)_-16650,,
0,75.00,Human,HumanControl(Clone)_-17130,26.154,18.169,44.114,0,HumanControl(Clone)_-16698,,
0,75.50,Robot,RobotControl(Clone)_-17146,5.195,11.006,,,,,0
0,75.50,Robot,RobotControl(Clone)_-17164,25.024,13.079,,,,,0
0,75.50,Robot,RobotControl(Clone)_-17182,23.032,13.678,,,,,0
0,75.50,Human,HumanControl(Clone)_-16538,25.828,18.900,47.779,0,HumanControl(Clone)_-16698,,
0,75.50,Human,HumanControl(Clone)_-16554,25.872,17.294,20.662,1,HumanControl(Clone)_-16698,,
0,75.50,Human,HumanControl(Clone)_-16570,7.020,8.120,98.863,0,,,
0,75.50,Human,HumanControl(Clone)_-16586,6.287,8.835,98.826,0,HumanControl(Clone)_-16570,,
0,75.50,Human,HumanControl(Clone)_-16602,29.027,12.244,52.648,0,HumanControl(Clone)_-16618,,
0,75.50,Human,HumanControl(Clone)_-16618,28.625,15.185,58.570,0,,,
0,75.50,Human,HumanControl(Clone)_-16634,30.000,14.654,55.700,0,HumanControl(Clone)_-16618,,
0,75.50,Human,HumanControl(Clone)_-16650,29.697,17.034,38.793,0,HumanControl(Clone)_-16666,,
0,75.50,Human,HumanControl(Clone)_-16666,29.765,15.670,47.560,0,HumanControl(Clone)_-16618,,
0,75.50,Human,HumanControl(Clone)_-16682,27.639,18.900,48.579,0,HumanControl(Clone)_-16666,,
0,75.50,Human,HumanControl(Clone)_-16698,26.670,14.977,40.863,0,HumanControl(Clone)_-16618,,
0,75.50,Human,HumanControl(Clone)_-16746,28.699,13.873,55.307,0,HumanControl(Clone)_-16618,,
0,75.50,Human,HumanControl(Clone)_-16762,25.296,16.246,45.555,0,HumanControl(Clone)_-16538,,
0,75.50,Human,HumanControl(Clone)_-16794,23.739,15.253,57.750,0,HumanControl(Clone)_-16538,,
0,75.50,Human,HumanControl(Clone)_-16826,27.320,13.969,44.031,0,HumanControl(Clone)_-16698,,
0,75.50,Human,HumanControl(Clone)_-16842,28.046,17.420,48.405,0,HumanControl(Clone)_-16554,,
0,75.50,Human,HumanControl(Clone)_-16970,26.710,18.420,36.176,1,HumanControl(Clone)_-16554,,
0,75.50,Human,HumanControl(Clone)_-16986,27.972,13.104,51.615,0,HumanControl(Clone)_-16650,,
0,75.50,Human,HumanControl(Clone)_-17018,33.123,15.141,54.483,0,HumanControl(Clone)_-16650,,
0,75.50,Human,HumanControl(Clone)_-17098,29.554,13.104,37.828,0,HumanControl(Clone)_-16650,,
0,75.50,Human,HumanControl(Clone)_-17130,26.948,17.450,43.909,0,HumanControl(Clone)_-16698,,
0,76.00,Robot,RobotControl(Clone)_-17146,5.201,11.007,,,,,0
0,76.00,Robot,RobotControl(Clone)_-17164,25.017,12.987,,,,,0
0,76.00,Robot,RobotControl(Clone)_-17182,23.016,13.666,,,,,0
0,76.00,Human,HumanControl(Clone)_-16538,26.391,17.836,46.444,0,HumanControl(Clone)_-16698,,
0,76.00,Human,HumanControl(Clone)_-16554,25.720,15.900,19.142,1,HumanControl(Clone)_-16698,,
0,76.00,Human,HumanControl(Clone)_-16570,7.042,8.060,98.863,0,,,
0,76.00,Human,HumanControl(Clone)_-16586,6.088,8.468,98.826,0,HumanControl(Clone)_-16570,,
0,76.00,Human,HumanControl(Clone)_-16602,28.701,11.771,52.648,0,HumanControl(Clone)_-16618,,
0,76.00,Human,HumanControl(Clone)_-16618,28.644,15.528,58.570,0,,,
0,76.00,Human,HumanControl(Clone)_-16634,29.216,14.669,55.700,0,HumanControl(Clone)_-16618,,
0,76.00,Human,HumanControl(Clone)_-16650,29.706,17.205,38.793,0,HumanControl(Clone)_-16666,,
0,76.00,Human,HumanControl(Clone)_-16666,29.404,16.251,47.560,0,HumanControl(Clone)_-16618,,
0,76.00,Human,HumanControl(Clone)_-16682,28.254,17.904,47.576,0,HumanControl(Clone)_-16666,,
0,76.00,Human,HumanControl(Clone)_-16698,26.611,14.022,40.863,0,HumanControl(Clone)_-16618,,
0,76.00,Human,HumanControl(Clone)_-16746,27.655,14.207,54.377,0,HumanControl(Clone)_-16618,,
0,76.00,Human,HumanControl(Clone)_-16762,25.077,17.550,45.555,0,HumanControl(Clone)_-16538,,
0,76.00,Human,HumanControl(Clone)_-16794,24.222,16.376,56.138,0,HumanControl(Clone)_-16538,,
0,76.00,Human,HumanControl(Clone)_-16826,26.248,15.050,44.031,0,HumanControl(Clone)_-16698,,
0,76.00,Human,HumanControl(Clone)_-16842,27.432,18.578,48.405,0,HumanControl(Clone)_-16554,,
0,76.00,Human,HumanControl(Clone)_-16970,25.590,18.502,34.637,1,HumanControl(Clone)_-16554,,
0,76.00,Human,HumanControl(Clone)_-16986,28.051,12.865,51.615,0,HumanControl(Clone)_-16650,,
0,76.00,Human,HumanControl(Clone)_-17018,34.434,15.385,54.483,0,HumanControl(Clone)_-16650,,
0,76.00,Human,HumanControl(Clone)_-17098,29.999,13.632,37.828,0,HumanControl(Clone)_-16650,,
0,76.00,Human,HumanControl(Clone)_-17130,27.144,16.314,43.909,0,HumanControl(Clone)_-16698,,
0,76.50,Robot,RobotControl(Clone)_-17146,4.902,11.933,,,,,0
0,76.50,Robot,RobotControl(Clone)_-17164,24.669,13.891,,,,,0
0,76.50,Robot,RobotControl(Clone)_-17182,23.009,13.661,,,,,0
0,76.50,Human,HumanControl(Clone)_-16538,25.467,15.712,45.631,0,HumanControl(Clone)_-16698,,
0,76.50,Human,HumanControl(Clone)_-16554,27.323,13.032,17.294,1,HumanControl(Clone)_-16698,,
0,76.50,Human,HumanControl(Clone)_-16570,7.106,8.329,98.863,0,,,
0,76.50,Human,HumanControl(Clone)_-16586,6.816,7.346,98.826,0,HumanControl(Clone)_-16570,,
0,76.50,Human,HumanControl(Clone)_-16602,28.506,12.868,52.648,0,HumanControl(Clone)_-16618,,
0,76.50,Human,HumanControl(Clone)_-16618,28.791,15.142,58.570,0,,,
0,76.50,Human,HumanControl(Clone)_-16634,26.247,17.386,55.176,0,HumanControl(Clone)_-16618,,
0,76.50,Human,HumanControl(Clone)_-16650,29.997,15.550,38.793,0,HumanControl(Clone)_-16666,,
0,76.50,Human,HumanControl(Clone)_-16666,26.263,16.319,46.262,0,HumanControl(Clone)_-16618,,
0,76.50,Human,HumanControl(Clone)_-16682,29.204,17.572,47.174,0,HumanControl(Clone)_-16666,,
0,76.50,Human,HumanControl(Clone)_-16698,28.538,13.884,39.668,0,HumanControl(Clone)_-16618,,
0,76.50,Human,HumanControl(Clone)_-16746,27.620,15.587,54.114,0,HumanControl(Clone)_-16618,,
0,76.50,Human,HumanControl(Clone)_-16762,24.917,18.894,43.854,0,HumanControl(Clone)_-16538,,
0,76.50,Human,HumanControl(Clone)_-16794,24.149,18.220,55.178,0,HumanControl(Clone)_-16538,,
0,76.50,Human,HumanControl(Clone)_-16826,24.306,15.406,43.220,0,HumanControl(Clone)_-16698,,
0,76.50,Human,HumanControl(Clone)_-16842,25.509,18.063,47.994,0,HumanControl(Clone)_-16554,,
0,76.50,Human,HumanControl(Clone)_-16970,24.967,16.576,34.637,1,HumanControl(Clone)_-16554,,
0,76.50,Human,HumanControl(Clone)_-16986,29.932,13.873,51.615,0,HumanControl(Clone)_-16650,,
0,76.50,Human,HumanControl(Clone)_-17018,32.289,15.466,53.659,0,HumanControl(Clone)_-16650,,
0,76.50,Human,HumanControl(Clone)_-17098,29.275,16.456,37.828,0,HumanControl(Clone)_-16650,,
0,76.50,Human,HumanControl(Clone)_-17130,25.199,14.749,43.098,0,HumanControl(Clone)_-16698,,
0,77.00,Robot,RobotControl(Clone)_-17146,4.580,12.826,,,,,0
0,77.00,Robot,RobotControl(Clone)_-17164,24.202,13.885,,,,,0
0,77.00,Robot,RobotControl(Clone)_-17182,23.006,13.658,,,,,0
0,77.00,Human,HumanControl(Clone)_-16538,25.387,14.346,45.631,0,HumanControl(Clone)_-16698,,
0,77.00,Human,HumanControl(Clone)_-16554,27.268,12.983,17.294,1,HumanControl(Clone)_-16698,,
0,77.00,Human,HumanControl(Clone)_-16570,7.148,8.376,98.863,0,,,
0,77.00,Human,HumanControl(Clone)_-16586,7.234,7.342,98.826,0,HumanControl(Clone)_-16570,,
0,77.00,Human,HumanControl(Clone)_-16602,28.284,13.372,52.051,0,HumanControl(Clone)_-16618,,
0,77.00,Human,HumanControl(Clone)_-16618,26.988,13.950,58.305,0,,,
0,77.00,Human,HumanControl(Clone)_-16634,27.400,16.999,54.766,0,HumanControl(Clone)_-16618,,
0,77.00,Human,HumanControl(Clone)_-16650,28.186,16.012,38.139,0,HumanControl(Clone)_-16666,,
0,77.00,Human,HumanControl(Clone)_-16666,25.376,15.975,44.437,0,HumanControl(Clone)_-16618,,
0,77.00,Human,HumanControl(Clone)_-16682,29.026,16.623,47.174,0,HumanControl(Clone)_-16666,,
0,77.00,Human,HumanControl(Clone)_-16698,29.716,13.741,39.668,0,HumanControl(Clone)_-16618,,
0,77.00,Human,HumanControl(Clone)_-16746,27.823,14.636,53.852,0,HumanControl(Clone)_-16618,,
0,77.00,Human,HumanControl(Clone)_-16762,25.863,18.644,43.854,0,HumanControl(Clone)_-16538,,
0,77.00,Human,HumanControl(Clone)_-16794,24.885,18.242,54.115,0,HumanControl(Clone)_-16538,,
0,77.00,Human,HumanControl(Clone)_-16826,23.411,14.877,42.683,0,HumanControl(Clone)_-16698,,
0,77.00,Human,HumanControl(Clone)_-16842,24.947,16.886,47.892,0,HumanControl(Clone)_-16554,,
0,77.00,Human,HumanControl(Clone)_-16970,24.670,15.234,34.637,1,HumanControl(Clone)_-16554,,
0,77.00,Human,HumanControl(Clone)_-16986,29.998,15.233,51.615,0,HumanControl(Clone)_-16650,,
0,77.00,Human,HumanControl(Clone)_-17018,25.987,15.146,53.659,0,HumanControl(Clone)_-16650,,
0,77.00,Human,HumanControl(Clone)_-17098,28.988,17.627,37.828,0,HumanControl(Clone)_-16650,,
0,77.00,Human,HumanControl(Clone)_-17130,25.583,12.913,43.098,0,HumanControl(Clone)_-16698,,
0,77.50,Robot,RobotControl(Clone)_-17146,4.205,13.873,,,,,0
0,77.50,Robot,RobotControl(Clone)_-17164,22.791,13.025,,,,,0
0,77.50,Robot,RobotControl(Clone)_-17182,24.417,14.262,,,,,0
0,77.50,Human,HumanControl(Clone)_-16538,26.090,11.999,44.900,0,HumanControl(Clone)_-16698,,
0,77.50,Human,HumanControl(Clone)_-16554,29.415,12.998,17.294,1,HumanControl(Clone)_-16698,,
0,77.50,Human,HumanControl(Clone)_-16570,6.881,8.307,98.863,0,,,
0,77.50,Human,HumanControl(Clone)_-16586,7.885,8.510,98.826,0,HumanControl(Clone)_-16570,,
0,77.50,Human,HumanControl(Clone)_-16602,27.857,14.782,51.719,0,HumanControl(Clone)_-16618,,
0,77.50,Human,HumanControl(Clone)_-16618,26.838,14.912,58.305,0,,,
0,77.50,Human,HumanControl(Clone)_-16634,28.861,15.395,54.766,0,HumanControl(Clone)_-16618,,
0,77.50,Human,HumanControl(Clone)_-16650,24.066,15.970,37.579,0,HumanControl(Clone)_-16666,,
0,77.50,Human,HumanControl(Clone)_-16666,25.709,15.625,42.816,0,HumanControl(Clone)_-16618,,
0,77.50,Human,HumanControl(Clone)_-16682,28.115,16.260,45.801,0,HumanControl(Clone)_-16666,,
0,77.50,Human,HumanControl(Clone)_-16698,29.027,13.918,39.668,0,HumanControl(Clone)_-16618,,
0,77.50,Human,HumanControl(Clone)_-16746,30.002,13.849,53.388,0,HumanControl(Clone)_-16618,,
0,77.50,Human,HumanControl(Clone)_-16762,25.796,17.528,42.622,0,HumanControl(Clone)_-16538,,
0,77.50,Human,HumanControl(Clone)_-16794,25.018,16.354,53.811,0,HumanControl(Clone)_-16538,,
0,77.50,Human,HumanControl(Clone)_-16826,23.454,14.692,42.683,0,HumanControl(Clone)_-16698,,
0,77.50,Human,HumanControl(Clone)_-16842,27.505,17.220,47.892,0,HumanControl(Clone)_-16554,,
0,77.50,Human,HumanControl(Clone)_-16970,25.154,11.100,34.637,1,HumanControl(Clone)_-16554,,
0,77.50,Human,HumanControl(Clone)_-16986,28.761,17.036,51.615,0,HumanControl(Clone)_-16650,,
0,77.50,Human,HumanControl(Clone)_-17018,24.818,15.178,53.659,0,HumanControl(Clone)_-16650,,
0,77.50,Human,HumanControl(Clone)_-17098,29.444,16.283,37.192,0,HumanControl(Clone)_-16650,,
0,77.50,Human,HumanControl(Clone)_-17130,28.365,12.113,42.631,0,HumanControl(Clone)_-16698,,
0,78.00,Robot,RobotControl(Clone)_-17146,4.227,13.871,,,,,0
0,78.00,Robot,RobotControl(Clone)_-17164,22.171,12.531,,,,,0
0,78.00,Robot,RobotControl(Clone)_-17182,24.066,12.718,,,,,0
0,78.00,Human,HumanControl(Clone)_-16538,26.678,12.098,43.856,0,HumanControl(Clone)_-16698,,
0,78.00,Human,HumanControl(Clone)_-16554,29.807,13.040,17.294,1,HumanControl(Clone)_-16698,,
0,78.00,Human,HumanControl(Clone)_-16570,6.820,8.323,98.863,0,,,
0,78.00,Human,HumanControl(Clone)_-16586,7.693,8.881,98.826,0,HumanControl(Clone)_-16570,,
0,78.00,Human,HumanControl(Clone)_-16602,26.985,14.327,51.719,0,HumanControl(Clone)_-16618,,
0,78.00,Human,HumanControl(Clone)_-16618,27.455,15.216,58.305,0,,,
0,78.00,Human,HumanControl(Clone)_-16634,28.536,14.375,54.036,0,HumanControl(Clone)_-16618,,
0,78.00,Human,HumanControl(Clone)_-16650,23.474,17.011,36.074,0,HumanControl(Clone)_-16666,,
0,78.00,Human,HumanControl(Clone)_-16666,25.976,14.887,42.512,0,HumanControl(Clone)_-16618,,
0,78.00,Human,HumanControl(Clone)_-16682,27.717,16.281,44.167,0,HumanControl(Clone)_-16666,,
0,78.00,Human,HumanControl(Clone)_-16698,27.293,13.090,39.668,0,HumanControl(Clone)_-16618,,
0,78.00,Human,HumanControl(Clone)_-16746,28.675,13.293,53.388,0,HumanControl(Clone)_-16618,,
0,78.00,Human,HumanControl(Clone)_-16762,24.286,17.816,40.852,0,HumanControl(Clone)_-16538,,
0,78.00,Human,HumanControl(Clone)_-16794,24.165,15.656,52.306,0,HumanControl(Clone)_-16538,,
0,78.00,Human,HumanControl(Clone)_-16826,23.657,14.694,42.683,0,HumanControl(Clone)_-16698,,
0,78.00,Human,HumanControl(Clone)_-16842,29.565,17.448,47.624,0,HumanControl(Clone)_-16554,,
0,78.00,Human,HumanControl(Clone)_-16970,26.593,11.100,34.637,1,HumanControl(Clone)_-16554,,
0,78.00,Human,HumanControl(Clone)_-16986,28.009,17.281,51.615,0,HumanControl(Clone)_-16650,,
0,78.00,Human,HumanControl(Clone)_-17018,25.541,15.818,52.341,0,HumanControl(Clone)_-16650,,
0,78.00,Human,HumanControl(Clone)_-17098,28.658,15.703,36.865,0,HumanControl(Clone)_-16650,,
0,78.00,Human,HumanControl(Clone)_-17130,29.022,12.297,41.964,0,HumanControl(Clone)_-16698,,
0,78.50,Robot,RobotControl(Clone)_-17146,5.983,10.272,,,,,0
0,78.50,Robot,RobotControl(Clone)_-17164,21.607,13.297,,,,,0
0,78.50,Robot,RobotControl(Clone)_-17182,23.765,12.539,,,,,0
0,78.50,Human,HumanControl(Clone)_-16538,28.909,11.776,42.788,0,HumanControl(Clone)_-16698,,
0,78.50,Human,HumanControl(Clone)_-16554,28.920,14.051,17.294,1,HumanControl(Clone)_-16698,,
0,78.50,Human,HumanControl(Clone)_-16570,7.006,8.118,98.863,0,,,
0,78.50,Human,HumanControl(Clone)_-16586,6.356,8.911,98.826,0,HumanControl(Clone)_-16570,,
0,78.50,Human,HumanControl(Clone)_-16602,26.923,14.618,51.719,0,HumanControl(Clone)_-16618,,
0,78.50,Human,HumanControl(Clone)_-16618,28.697,15.040,58.305,0,,,
0,78.50,Human,HumanControl(Clone)_-16634,27.702,15.256,52.974,0,HumanControl(Clone)_-16618,,
0,78.50,Human,HumanControl(Clone)_-16650,22.721,16.790,35.963,0,HumanControl(Clone)_-16666,,
0,78.50,Human,HumanControl(Clone)_-16666,25.511,15.246,42.512,0,HumanControl(Clone)_-16618,,
0,78.50,Human,HumanControl(Clone)_-16682,25.565,16.253,41.705,0,HumanControl(Clone)_-16666,,
0,78.50,Human,HumanControl(Clone)_-16698,26.089,12.932,39.668,0,HumanControl(Clone)_-16618,,
0,78.50,Human,HumanControl(Clone)_-16746,27.001,13.417,53.388,0,HumanControl(Clone)_-16618,,
0,78.50,Human,HumanControl(Clone)_-16762,23.786,16.619,40.639,0,HumanControl(Clone)_-16538,,
0,78.50,Human,HumanControl(Clone)_-16794,24.561,14.938,51.554,0,HumanControl(Clone)_-16538,,
0,78.50,Human,HumanControl(Clone)_-16826,25.511,13.915,41.963,0,HumanControl(Clone)_-16698,,
0,78.50,Human,HumanControl(Clone)_-16842,33.011,16.261,47.624,0,HumanControl(Clone)_-16554,,
0,78.50,Human,HumanControl(Clone)_-16970,30.000,12.008,34.637,1,HumanControl(Clone)_-16554,,
0,78.50,Human,HumanControl(Clone)_-16986,26.497,16.946,51.615,0,HumanControl(Clone)_-16650,,
0,78.50,Human,HumanControl(Clone)_-17018,25.017,18.068,52.138,0,HumanControl(Clone)_-16650,,
0,78.50,Human,HumanControl(Clone)_-17098,26.616,15.876,36.865,0,HumanControl(Clone)_-16650,,
0,78.50,Human,HumanControl(Clone)_-17130,28.666,12.761,41.964,0,HumanControl(Clone)_-16698,,
0,79.00,Robot,RobotControl(Clone)_-17146,5.635,11.248,,,,,0
0,79.00,Robot,RobotControl(Clone)_-17164,23.402,13.971,,,,,0
0,79.00,Robot,RobotControl(Clone)_-17182,23.340,12.857,,,,,0
0,79.00,Human,HumanControl(Clone)_-16538,27.472,11.100,42.788,0,HumanControl(Clone)_-16698,,
0,79.00,Human,HumanControl(Clone)_-16554,27.810,14.023,16.431,1,HumanControl(Clone)_-16698,,
0,79.00,Human,HumanControl(Clone)_-16570,7.020,8.057,98.863,0,,,
0,79.00,Human,HumanControl(Clone)_-16586,6.118,8.568,98.826,0,HumanControl(Clone)_-16570,,
0,79.00,Human,HumanControl(Clone)_-16602,28.207,15.013,51.719,0,HumanControl(Clone)_-16618,,
0,79.00,Human,HumanControl(Clone)_-16618,29.234,15.310,58.305,0,,,
0,79.00,Human,HumanControl(Clone)_-16634,27.270,16.158,52.777,0,HumanControl(Clone)_-16618,,
0,79.00,Human,HumanControl(Clone)_-16650,23.034,16.473,35.963,0,HumanControl(Clone)_-16666,,
0,79.00,Human,HumanControl(Clone)_-16666,26.338,15.231,42.512,0,HumanControl(Clone)_-16618,,
0,79.00,Human,HumanControl(Clone)_-16682,25.099,16.304,40.691,0,HumanControl(Clone)_-16666,,
0,79.00,Human,HumanControl(Clone)_-16698,25.968,12.659,39.668,0,HumanControl(Clone)_-16618,,
0,79.00,Human,HumanControl(Clone)_-16746,26.718,13.962,53.388,0,HumanControl(Clone)_-16618,,
0,79.00,Human,HumanControl(Clone)_-16762,24.221,15.786,39.027,0,HumanControl(Clone)_-16538,,
0,79.00,Human,HumanControl(Clone)_-16794,25.163,14.088,51.554,0,HumanControl(Clone)_-16538,,
0,79.00,Human,HumanControl(Clone)_-16826,25.009,13.071,41.860,0,HumanControl(Clone)_-16698,,
0,79.00,Human,HumanControl(Clone)_-16842,34.264,16.957,47.624,0,HumanControl(Clone)_-16554,,
0,79.00,Human,HumanControl(Clone)_-16970,29.967,12.327,34.637,1,HumanControl(Clone)_-16554,,
0,79.00,Human,HumanControl(Clone)_-16986,25.259,17.326,51.615,0,HumanControl(Clone)_-16650,,
0,79.00,Human,HumanControl(Clone)_-17018,24.273,18.632,52.138,0,HumanControl(Clone)_-16650,,
0,79.00,Human,HumanControl(Clone)_-17098,26.235,16.483,35.345,0,HumanControl(Clone)_-16650,,
0,79.00,Human,HumanControl(Clone)_-17130,27.812,12.502,41.964,0,HumanControl(Clone)_-16698,,
0,79.50,Robot,RobotControl(Clone)_-17146,5.327,12.144,,,,,0
0,79.50,Robot,RobotControl(Clone)_-17164,24.438,16.512,,,,,0
0,79.50,Robot,RobotControl(Clone)_-17182,25.147,13.418,,,,,0
0,79.50,Human,HumanControl(Clone)_-16538,25.823,11.279,42.788,0,HumanControl(Clone)_-16698,,
0,79.50,Human,HumanControl(Clone)_-16554,26.832,11.100,16.299,1,HumanControl(Clone)_-16698,,
0,79.50,Human,HumanControl(Clone)_-16570,7.114,8.317,98.863,0,,,
0,79.50,Human,HumanControl(Clone)_-16586,6.717,7.372,98.826,0,HumanControl(Clone)_-16570,,
0,79.50,Human,HumanControl(Clone)_-16602,28.340,15.591,51.261,0,HumanControl(Clone)_-16618,,
0,79.50,Human,HumanControl(Clone)_-16618,30.000,14.778,58.305,0,,,
0,79.50,Human,HumanControl(Clone)_-16634,28.107,17.617,52.644,0,HumanControl(Clone)_-16618,,
0,79.50,Human,HumanControl(Clone)_-16650,25.378,16.871,35.533,0,HumanControl(Clone)_-16666,,
0,79.50,Human,HumanControl(Clone)_-16666,28.539,16.573,42.250,0,HumanControl(Clone)_-16618,,
0,79.50,Human,HumanControl(Clone)_-16682,21.989,16.856,40.359,0,HumanControl(Clone)_-16666,,
0,79.50,Human,HumanControl(Clone)_-16698,27.190,12.055,38.415,0,HumanControl(Clone)_-16618,,
0,79.50,Human,HumanControl(Clone)_-16746,27.338,14.795,53.388,0,HumanControl(Clone)_-16618,,
0,79.50,Human,HumanControl(Clone)_-16762,24.213,15.019,37.522,0,HumanControl(Clone)_-16538,,
0,79.50,Human,HumanControl(Clone)_-16794,26.772,13.976,50.114,0,HumanControl(Clone)_-16538,,
0,79.50,Human,HumanControl(Clone)_-16826,25.051,11.913,41.860,0,HumanControl(Clone)_-16698,,
0,79.50,Human,HumanControl(Clone)_-16842,32.497,15.853,47.101,0,HumanControl(Clone)_-16554,,
0,79.50,Human,HumanControl(Clone)_-16970,28.466,13.313,34.637,1,HumanControl(Clone)_-16554,,
0,79.50,Human,HumanControl(Clone)_-16986,23.793,17.737,49.276,0,HumanControl(Clone)_-16650,,
0,79.50,Human,HumanControl(Clone)_-17018,21.905,17.863,51.367,0,HumanControl(Clone)_-16650,,
0,79.50,Human,HumanControl(Clone)_-17098,24.827,17.716,35.142,0,HumanControl(Clone)_-16650,,
0,79.50,Human,HumanControl(Clone)_-17130,28.214,11.566,40.896,0,HumanControl(Clone)_-16698,,
0,80.00,Robot,RobotControl(Clone)_-17146,5.328,12.144,,,,,0
0,80.00,Robot,RobotControl(Clone)_-17164,24.289,16.706,,,,,0
0,80.00,Robot,RobotControl(Clone)_-17182,27.078,14.416,,,,,0
0,80.00,Human,HumanControl(Clone)_-16538,25.672,13.485,42.371,0,HumanControl(Clone)_-16698,,
0,80.00,Human,HumanControl(Clone)_-16554,26.910,11.100,16.299,1,HumanControl(Clone)_-16698,,
0,80.00,Human,HumanControl(Clone)_-16570,7.161,8.358,98.863,0,,,
0,80.00,Human,HumanControl(Clone)_-16586,7.132,7.322,98.826,0,HumanControl(Clone)_-16570,,
0,80.00,Human,HumanControl(Clone)_-16602,29.965,15.606,50.607,0,HumanControl(Clone)_-16618,,
0,80.00,Human,HumanControl(Clone)_-16618,29.384,14.000,58.305,0,,,
0,80.00,Human,HumanControl(Clone)_-16634,28.548,18.058,51.975,0,HumanControl(Clone)_-16618,,
0,80.00,Human,HumanControl(Clone)_-16650,25.984,17.100,35.533,0,HumanControl(Clone)_-16666,,
0,80.00,Human,HumanControl(Clone)_-16666,29.514,16.559,42.250,0,HumanControl(Clone)_-16618,,
0,80.00,Human,HumanControl(Clone)_-16682,22.213,16.541,40.359,0,HumanControl(Clone)_-16666,,
0,80.00,Human,HumanControl(Clone)_-16698,28.256,13.040,38.415,0,HumanControl(Clone)_-16618,,
0,80.00,Human,HumanControl(Clone)_-16746,28.539,14.752,53.388,0,HumanControl(Clone)_-16618,,
0,80.00,Human,HumanControl(Clone)_-16762,24.292,14.091,36.437,0,HumanControl(Clone)_-16538,,
0,80.00,Human,HumanControl(Clone)_-16794,26.887,13.387,50.114,0,HumanControl(Clone)_-16538,,
0,80.00,Human,HumanControl(Clone)_-16826,25.793,11.113,41.860,0,HumanControl(Clone)_-16698,,
0,80.00,Human,HumanControl(Clone)_-16842,27.659,16.355,45.668,0,HumanControl(Clone)_-16554,,
0,80.00,Human,HumanControl(Clone)_-16970,27.049,12.090,34.637,1,HumanControl(Clone)_-16554,,
0,80.00,Human,HumanControl(Clone)_-16986,23.676,18.260,46.618,0,HumanControl(Clone)_-16650,,
0,80.00,Human,HumanControl(Clone)_-17018,22.579,17.555,50.265,0,HumanControl(Clone)_-16650,,
0,80.00,Human,HumanControl(Clone)_-17098,25.038,18.156,35.142,0,HumanControl(Clone)_-16650,,
0,80.00,Human,HumanControl(Clone)_-17130,28.203,11.550,39.962,0,HumanControl(Clone)_-16698,,
0,80.50,Robot,RobotControl(Clone)_-17146,5.076,13.029,,,,,0
0,80.50,Robot,RobotControl(Clone)_-17164,24.654,16.487,,,,,0
0,80.50,Robot,RobotControl(Clone)_-17182,26.984,15.851,,,,,0
0,80.50,Human,HumanControl(Clone)_-16538,27.447,13.665,40.726,0,HumanControl(Clone)_-16698,,
0,80.50,Human,HumanControl(Clone)_-16554,29.706,12.585,16.299,1,HumanControl(Clone)_-16698,,
0,80.50,Human,HumanControl(Clone)_-16570,6.888,8.319,98.863,0,,,
0,80.50,Human,HumanControl(Clone)_-16586,7.909,8.411,98.826,0,HumanControl(Clone)_-16570,,
0,80.50,Human,HumanControl(Clone)_-16602,30.000,14.312,50.607,0,HumanControl(Clone)_-16618,,
0,80.50,Human,HumanControl(Clone)_-16618,26.899,14.502,57.243,0,,,
0,80.50,Human,HumanControl(Clone)_-16634,28.765,16.923,51.975,0,HumanControl(Clone)_-16618,,
0,80.50,Human,HumanControl(Clone)_-16650,27.756,16.749,35.533,0,HumanControl(Clone)_-16666,,
0,80.50,Human,HumanControl(Clone)_-16666,30.000,15.926,42.250,0,HumanControl(Clone)_-16618,,
0,80.50,Human,HumanControl(Clone)_-16682,23.625,16.383,39.607,0,HumanControl(Clone)_-16666,,
0,80.50,Human,HumanControl(Clone)_-16698,28.503,13.318,38.415,0,HumanControl(Clone)_-16618,,
0,80.50,Human,HumanControl(Clone)_-16746,28.863,14.700,53.388,0,HumanControl(Clone)_-16618,,
0,80.50,Human,HumanControl(Clone)_-16762,25.129,14.221,36.220,0,HumanControl(Clone)_-16538,,
0,80.50,Human,HumanControl(Clone)_-16794,25.681,13.030,50.114,0,HumanControl(Clone)_-16538,,
0,80.50,Human,HumanControl(Clone)_-16826,27.360,11.629,41.527,0,HumanControl(Clone)_-16698,,
0,80.50,Human,HumanControl(Clone)_-16842,25.930,16.742,45.537,0,HumanControl(Clone)_-16554,,
0,80.50,Human,HumanControl(Clone)_-16970,24.476,11.106,34.637,1,HumanControl(Clone)_-16554,,
0,80.50,Human,HumanControl(Clone)_-16986,25.498,17.643,44.624,0,HumanControl(Clone)_-16650,,
0,80.50,Human,HumanControl(Clone)_-17018,24.466,17.824,50.158,0,HumanControl(Clone)_-16650,,
0,80.50,Human,HumanControl(Clone)_-17098,26.255,18.603,33.090,0,HumanControl(Clone)_-16650,,
0,80.50,Human,HumanControl(Clone)_-17130,28.668,12.332,39.294,0,HumanControl(Clone)_-16698,,
0,81.00,Robot,RobotControl(Clone)_-17146,4.840,14.035,,,,,0
0,81.00,Robot,RobotControl(Clone)_-17164,24.819,16.189,,,,,0
0,81.00,Robot,RobotControl(Clone)_-17182,26.717,16.376,,,,,0
0,81.00,Human,HumanControl(Clone)_-16538,27.253,12.857,40.726,0,HumanControl(Clone)_-16698,,
0,81.00,Human,HumanControl(Clone)_-16554,29.967,12.291,16.299,1,HumanControl(Clone)_-16698,,
0,81.00,Human,HumanControl(Clone)_-16570,6.829,8.342,98.863,0,,,
0,81.00,Human,HumanControl(Clone)_-16586,7.759,8.801,98.826,0,HumanControl(Clone)_-16570,,
0,81.00,Human,HumanControl(Clone)_-16602,29.733,14.047,50.607,0,HumanControl(Clone)_-16618,,
0,81.00,Human,HumanControl(Clone)_-16618,26.714,15.130,57.243,0,,,
0,81.00,Human,HumanControl(Clone)_-16634,27.676,16.671,51.517,0,HumanControl(Clone)_-16618,,
0,81.00,Human,HumanControl(Clone)_-16650,28.455,17.692,34.664,0,HumanControl(Clone)_-16666,,
0,81.00,Human,HumanControl(Clone)_-16666,29.601,15.047,42.250,0,HumanControl(Clone)_-16618,,
0,81.00,Human,HumanControl(Clone)_-16682,24.553,17.216,38.532,0,HumanControl(Clone)_-16666,,
0,81.00,Human,HumanControl(Clone)_-16698,27.972,13.945,37.552,0,HumanControl(Clone)_-16618,,
0,81.00,Human,HumanControl(Clone)_-16746,26.937,14.156,53.122,0,HumanControl(Clone)_-16618,,
0,81.00,Human,HumanControl(Clone)_-16762,25.883,14.330,35.398,0,HumanControl(Clone)_-16538,,
0,81.00,Human,HumanControl(Clone)_-16794,24.930,14.016,50.114,0,HumanControl(Clone)_-16538,,
0,81.00,Human,HumanControl(Clone)_-16826,27.155,11.100,41.393,0,HumanControl(Clone)_-16698,,
0,81.00,Human,HumanControl(Clone)_-16842,25.923,15.742,44.017,0,HumanControl(Clone)_-16554,,
0,81.00,Human,HumanControl(Clone)_-16970,25.232,11.165,34.637,1,HumanControl(Clone)_-16554,,
0,81.00,Human,HumanControl(Clone)_-16986,26.702,17.799,44.624,0,HumanControl(Clone)_-16650,,
0,81.00,Human,HumanControl(Clone)_-17018,25.279,18.058,48.992,0,HumanControl(Clone)_-16650,,
0,81.00,Human,HumanControl(Clone)_-17098,27.606,18.226,32.086,0,HumanControl(Clone)_-16650,,
0,81.00,Human,HumanControl(Clone)_-17130,28.422,12.371,39.161,0,HumanControl(Clone)_-16698,,
0,81.50,Robot,RobotControl(Clone)_-17146,5.507,12.150,,,,,0
0,81.50,Robot,RobotControl(Clone)_-17164,24.820,16.177,,,,,0
0,81.50,Robot,RobotControl(Clone)_-17182,26.286,16.374,,,,,0
0,81.50,Human,HumanControl(Clone)_-16538,27.107,13.108,40.726,0,HumanControl(Clone)_-16698,,
0,81.50,Human,HumanControl(Clone)_-16554,28.837,14.366,16.232,1,HumanControl(Clone)_-16698,,
0,81.50,Human,HumanControl(Clone)_-16570,6.991,8.119,98.863,0,,,
0,81.50,Human,HumanControl(Clone)_-16586,6.433,8.978,98.826,0,HumanControl(Clone)_-16570,,
0,81.50,Human,HumanControl(Clone)_-16602,27.790,14.087,49.943,0,HumanControl(Clone)_-16618,,
0,81.50,Human,HumanControl(Clone)_-16618,30.000,16.282,56.850,0,,,
0,81.50,Human,HumanControl(Clone)_-16634,26.083,15.325,51.517,0,HumanControl(Clone)_-16618,,
0,81.50,Human,HumanControl(Clone)_-16650,29.994,17.498,34.530,0,HumanControl(Clone)_-16666,,
0,81.50,Human,HumanControl(Clone)_-16666,27.992,16.298,41.858,0,HumanControl(Clone)_-16618,,
0,81.50,Human,HumanControl(Clone)_-16682,26.312,18.089,37.711,0,HumanControl(Clone)_-16666,,
0,81.50,Human,HumanControl(Clone)_-16698,25.936,14.306,36.802,0,HumanControl(Clone)_-16618,,
0,81.50,Human,HumanControl(Clone)_-16746,24.886,14.036,53.122,0,HumanControl(Clone)_-16618,,
0,81.50,Human,HumanControl(Clone)_-16762,28.408,12.870,34.197,0,HumanControl(Clone)_-16538,,
0,81.50,Human,HumanControl(Clone)_-16794,24.412,13.074,49.464,0,HumanControl(Clone)_-16538,,
0,81.50,Human,HumanControl(Clone)_-16826,28.645,11.098,41.193,0,HumanControl(Clone)_-16698,,
0,81.50,Human,HumanControl(Clone)_-16842,27.303,15.195,43.814,0,HumanControl(Clone)_-16554,,
0,81.50,Human,HumanControl(Clone)_-16970,29.138,12.187,34.637,1,HumanControl(Clone)_-16554,,
0,81.50,Human,HumanControl(Clone)_-16986,27.204,16.915,44.624,0,HumanControl(Clone)_-16650,,
0,81.50,Human,HumanControl(Clone)_-17018,27.764,17.743,46.949,0,HumanControl(Clone)_-16650,,
0,81.50,Human,HumanControl(Clone)_-17098,28.814,18.775,31.016,0,HumanControl(Clone)_-16650,,
0,81.50,Human,HumanControl(Clone)_-17130,27.900,11.970,37.559,0,HumanControl(Clone)_-16698,,
0,82.00,Robot,RobotControl(Clone)_-17146,6.193,10.271,,,,,0
0,82.00,Robot,RobotControl(Clone)_-17164,24.821,16.172,,,,,0
0,82.00,Robot,RobotControl(Clone)_-17182,25.908,17.137,,,,,0
0,82.00,Human,HumanControl(Clone)_-16538,25.466,12.707,40.726,0,HumanControl(Clone)_-16698,,
0,82.00,Human,HumanControl(Clone)_-16554,27.656,14.487,15.369,1,HumanControl(Clone)_-16698,,
0,82.00,Human,HumanControl(Clone)_-16570,6.999,8.056,98.863,0,,,
0,82.00,Human,HumanControl(Clone)_-16586,6.158,8.663,98.826,0,HumanControl(Clone)_-16570,,
0,82.00,Human,HumanControl(Clone)_-16602,27.874,16.395,48.299,0,HumanControl(Clone)_-16618,,
0,82.00,Human,HumanControl(Clone)_-16618,29.430,15.196,56.850,0,,,
0,82.00,Human,HumanControl(Clone)_-16634,26.856,15.928,51.517,0,HumanControl(Clone)_-16618,,
0,82.00,Human,HumanControl(Clone)_-16650,30.000,16.914,34.148,0,HumanControl(Clone)_-16666,,
0,82.00,Human,HumanControl(Clone)_-16666,27.868,18.678,41.061,0,HumanControl(Clone)_-16618,,
0,82.00,Human,HumanControl(Clone)_-16682,27.036,17.411,36.685,0,HumanControl(Clone)_-16666,,
0,82.00,Human,HumanControl(Clone)_-16698,26.376,14.960,35.774,0,HumanControl(Clone)_-16618,,
0,82.00,Human,HumanControl(Clone)_-16746,25.275,14.680,53.122,0,HumanControl(Clone)_-16618,,
0,82.00,Human,HumanControl(Clone)_-16762,28.390,11.292,34.063,0,HumanControl(Clone)_-16538,,
0,82.00,Human,HumanControl(Clone)_-16794,24.206,12.064,48.482,0,HumanControl(Clone)_-16538,,
0,82.00,Human,HumanControl(Clone)_-16826,27.933,12.299,40.192,0,HumanControl(Clone)_-16698,,
0,82.00,Human,HumanControl(Clone)_-16842,28.422,15.131,43.814,0,HumanControl(Clone)_-16554,,
0,82.00,Human,HumanControl(Clone)_-16970,29.974,12.493,34.637,1,HumanControl(Clone)_-16554,,
0,82.00,Human,HumanControl(Clone)_-16986,28.098,17.369,44.490,0,HumanControl(Clone)_-16650,,
0,82.00,Human,HumanControl(Clone)_-17018,29.139,17.426,46.280,0,HumanControl(Clone)_-16650,,
0,82.00,Human,HumanControl(Clone)_-17098,28.854,18.895,31.016,0,HumanControl(Clone)_-16650,,
0,82.00,Human,HumanControl(Clone)_-17130,26.539,11.763,36.892,0,HumanControl(Clone)_-16698,,
0,82.50,Robot,RobotControl(Clone)_-17146,5.886,11.158,,,,,0
0,82.50,Robot,RobotControl(Clone)_-17164,24.780,16.299,,,,,0
0,82.50,Robot,RobotControl(Clone)_-17182,25.684,17.675,,,,,0
0,82.50,Human,HumanControl(Clone)_-16538,24.236,14.338,39.967,0,HumanControl(Clone)_-16698,,
0,82.50,Human,HumanControl(Clone)_-16554,25.959,13.883,13.078,1,HumanControl(Clone)_-16698,,
0,82.50,Human,HumanControl(Clone)_-16570,7.120,8.304,98.863,0,,,
0,82.50,Human,HumanControl(Clone)_-16586,6.622,7.408,98.826,0,HumanControl(Clone)_-16570,,
0,82.50,Human,HumanControl(Clone)_-16602,27.174,15.759,47.841,0,HumanControl(Clone)_-16618,,
0,82.50,Human,HumanControl(Clone)_-16618,28.325,15.208,56.850,0,,,
0,82.50,Human,HumanControl(Clone)_-16634,26.277,15.318,50.641,0,HumanControl(Clone)_-16618,,
0,82.50,Human,HumanControl(Clone)_-16650,27.877,16.863,34.148,1,HumanControl(Clone)_-16666,,
0,82.50,Human,HumanControl(Clone)_-16666,28.230,18.486,40.952,0,HumanControl(Clone)_-16618,,
0,82.50,Human,HumanControl(Clone)_-16682,26.933,17.190,36.358,0,HumanControl(Clone)_-16666,,
0,82.50,Human,HumanControl(Clone)_-16698,27.900,14.273,35.442,0,HumanControl(Clone)_-16618,,
0,82.50,Human,HumanControl(Clone)_-16746,25.446,14.763,53.122,0,HumanControl(Clone)_-16618,,
0,82.50,Human,HumanControl(Clone)_-16762,26.053,12.416,33.854,0,HumanControl(Clone)_-16538,,
0,82.50,Human,HumanControl(Clone)_-16794,24.779,12.325,48.264,0,HumanControl(Clone)_-16538,,
0,82.50,Human,HumanControl(Clone)_-16826,26.680,13.194,40.058,0,HumanControl(Clone)_-16698,,
0,82.50,Human,HumanControl(Clone)_-16842,28.909,14.126,43.814,0,HumanControl(Clone)_-16554,,
0,82.50,Human,HumanControl(Clone)_-16970,28.958,16.001,34.637,1,HumanControl(Clone)_-16554,,
0,82.50,Human,HumanControl(Clone)_-16986,28.873,17.061,44.490,0,HumanControl(Clone)_-16650,,
0,82.50,Human,HumanControl(Clone)_-17018,29.998,16.195,46.068,0,HumanControl(Clone)_-16650,,
0,82.50,Human,HumanControl(Clone)_-17098,29.999,17.718,30.083,0,HumanControl(Clone)_-16650,,
0,82.50,Human,HumanControl(Clone)_-17130,27.801,13.258,36.892,0,HumanControl(Clone)_-16698,,
0,83.00,Robot,RobotControl(Clone)_-17146,5.621,11.996,,,,,0
0,83.00,Robot,RobotControl(Clone)_-17164,24.929,16.367,,,,,0
0,83.00,Robot,RobotControl(Clone)_-17182,25.520,17.972,,,,,0
0,83.00,Human,HumanControl(Clone)_-16538,24.230,13.959,38.231,0,HumanControl(Clone)_-16698,,
0,83.00,Human,HumanControl(Clone)_-16554,25.342,13.609,11.227,1,HumanControl(Clone)_-16698,,
0,83.00,Human,HumanControl(Clone)_-16570,7.172,8.340,98.863,0,,,
0,83.00,Human,HumanControl(Clone)_-16586,7.029,7.313,98.826,0,HumanControl(Clone)_-16570,,
0,83.00,Human,HumanControl(Clone)_-16602,26.251,15.645,46.422,0,HumanControl(Clone)_-16618,,
0,83.00,Human,HumanControl(Clone)_-16618,28.370,15.406,56.850,0,,,
0,83.00,Human,HumanControl(Clone)_-16634,26.772,14.697,50.641,0,HumanControl(Clone)_-16618,,
0,83.00,Human,HumanControl(Clone)_-16650,26.746,17.166,34.148,1,HumanControl(Clone)_-16666,,
0,83.00,Human,HumanControl(Clone)_-16666,26.499,18.229,40.885,0,HumanControl(Clone)_-16618,,
0,83.00,Human,HumanControl(Clone)_-16682,24.515,17.439,36.358,0,HumanControl(Clone)_-16666,,
0,83.00,Human,HumanControl(Clone)_-16698,28.871,14.370,34.778,1,HumanControl(Clone)_-16618,,
0,83.00,Human,HumanControl(Clone)_-16746,24.619,15.042,53.122,0,HumanControl(Clone)_-16618,,
0,83.00,Human,HumanControl(Clone)_-16762,23.789,12.084,31.174,0,HumanControl(Clone)_-16538,,
0,83.00,Human,HumanControl(Clone)_-16794,24.917,12.231,48.264,0,HumanControl(Clone)_-16538,,
0,83.00,Human,HumanControl(Clone)_-16826,26.236,12.680,40.058,0,HumanControl(Clone)_-16698,,
0,83.00,Human,HumanControl(Clone)_-16842,28.323,13.530,42.885,0,HumanControl(Clone)_-16554,,
0,83.00,Human,HumanControl(Clone)_-16970,27.249,15.987,34.637,1,HumanControl(Clone)_-16554,,
0,83.00,Human,HumanControl(Clone)_-16986,27.596,17.715,43.486,0,HumanControl(Clone)_-16650,,
0,83.00,Human,HumanControl(Clone)_-17018,29.983,15.035,46.068,0,HumanControl(Clone)_-16650,,
0,83.00,Human,HumanControl(Clone)_-17098,29.566,17.463,29.659,1,HumanControl(Clone)_-16650,,
0,83.00,Human,HumanControl(Clone)_-17130,28.696,12.426,36.892,0,HumanControl(Clone)_-16698,,
0,83.50,Robot,RobotControl(Clone)_-17146,5.361,12.917,,,,,0
0,83.50,Robot,RobotControl(Clone)_-17164,24.741,16.655,,,,,0
0,83.50,Robot,RobotControl(Clone)_-17182,25.014,18.762,,,,,0
0,83.50,Human,HumanControl(Clone)_-16538,25.733,13.769,37.295,0,HumanControl(Clone)_-16698,,
0,83.50,Human,HumanControl(Clone)_-16554,28.992,14.051,11.227,1,HumanControl(Clone)_-16698,,
0,83.50,Human,HumanControl(Clone)_-16570,6.896,8.331,98.863,0,,,
0,83.50,Human,HumanControl(Clone)_-16586,7.921,8.310,98.826,0,HumanControl(Clone)_-16570,,
0,83.50,Human,HumanControl(Clone)_-16602,27.019,15.290,44.598,0,HumanControl(Clone)_-16618,,
0,83.50,Human,HumanControl(Clone)_-16618,28.626,14.981,56.850,0,,,
0,83.50,Human,HumanControl(Clone)_-16634,27.828,16.006,50.183,0,HumanControl(Clone)_-16618,,
0,83.50,Human,HumanControl(Clone)_-16650,26.022,18.887,33.019,1,HumanControl(Clone)_-16666,,
0,83.50,Human,HumanControl(Clone)_-16666,25.690,16.340,39.970,0,HumanControl(Clone)_-16618,,
0,83.50,Human,HumanControl(Clone)_-16682,25.493,17.831,35.639,0,HumanControl(Clone)_-16666,,
0,83.50,Human,HumanControl(Clone)_-16698,29.264,15.796,34.778,1,HumanControl(Clone)_-16618,,
0,83.50,Human,HumanControl(Clone)_-16746,26.873,16.302,52.413,0,HumanControl(Clone)_-16618,,
0,83.50,Human,HumanControl(Clone)_-16762,22.262,13.677,29.479,1,HumanControl(Clone)_-16538,,
0,83.50,Human,HumanControl(Clone)_-16794,23.371,13.596,48.264,0,HumanControl(Clone)_-16538,,
0,83.50,Human,HumanControl(Clone)_-16826,28.473,11.508,39.591,0,HumanControl(Clone)_-16698,,
0,83.50,Human,HumanControl(Clone)_-16842,26.080,12.774,42.752,0,HumanControl(Clone)_-16554,,
0,83.50,Human,HumanControl(Clone)_-16970,27.041,13.219,34.637,1,HumanControl(Clone)_-16554,,
0,83.50,Human,HumanControl(Clone)_-16986,27.181,18.899,43.018,0,HumanControl(Clone)_-16650,,
0,83.50,Human,HumanControl(Clone)_-17018,28.581,17.135,46.068,0,HumanControl(Clone)_-16650,,
0,83.50,Human,HumanControl(Clone)_-17098,27.127,17.471,29.659,1,HumanControl(Clone)_-16650,,
0,83.50,Human,HumanControl(Clone)_-17130,29.678,13.220,36.892,0,HumanControl(Clone)_-16698,,
0,84.00,Robot,RobotControl(Clone)_-17146,5.361,12.917,,,,,0
0,84.00,Robot,RobotControl(Clone)_-17164,23.927,16.749,,,,,0
0,84.00,Robot,RobotControl(Clone)_-17182,24.343,18.868,,,,,0
0,84.00,Human,HumanControl(Clone)_-16538,26.534,14.036,36.267,0,HumanControl(Clone)_-16698,,
0,84.00,Human,HumanControl(Clone)_-16554,30.000,14.731,11.227,1,HumanControl(Clone)_-16698,,
0,84.00,Human,HumanControl(Clone)_-16570,6.840,8.360,98.863,0,,,
0,84.00,Human,HumanControl(Clone)_-16586,7.815,8.714,98.826,0,HumanControl(Clone)_-16570,,
0,84.00,Human,HumanControl(Clone)_-16602,27.480,14.495,44.598,0,HumanControl(Clone)_-16618,,
0,84.00,Human,HumanControl(Clone)_-16618,29.060,13.819,56.850,0,,,
0,84.00,Human,HumanControl(Clone)_-16634,27.842,16.502,48.548,0,HumanControl(Clone)_-16618,,
0,84.00,Human,HumanControl(Clone)_-16650,25.121,17.595,33.019,1,HumanControl(Clone)_-16666,,
0,84.00,Human,HumanControl(Clone)_-16666,26.137,15.628,37.436,0,HumanControl(Clone)_-16618,,
0,84.00,Human,HumanControl(Clone)_-16682,26.113,17.267,35.639,0,HumanControl(Clone)_-16666,,
0,84.00,Human,HumanControl(Clone)_-16698,28.872,16.550,34.647,1,HumanControl(Clone)_-16618,,
0,84.00,Human,HumanControl(Clone)_-16746,27.062,17.584,52.413,0,HumanControl(Clone)_-16618,,
0,84.00,Human,HumanControl(Clone)_-16762,23.238,14.250,28.341,1,HumanControl(Clone)_-16538,,
0,84.00,Human,HumanControl(Clone)_-16794,24.221,14.616,48.264,0,HumanControl(Clone)_-16538,,
0,84.00,Human,HumanControl(Clone)_-16826,29.468,12.389,39.391,0,HumanControl(Clone)_-16698,,
0,84.00,Human,HumanControl(Clone)_-16842,25.593,12.641,42.752,0,HumanControl(Clone)_-16554,,
0,84.00,Human,HumanControl(Clone)_-16970,27.472,13.012,34.637,1,HumanControl(Clone)_-16554,,
0,84.00,Human,HumanControl(Clone)_-16986,27.414,18.900,43.018,0,HumanControl(Clone)_-16650,,
0,84.00,Human,HumanControl(Clone)_-17018,28.120,18.139,45.064,0,HumanControl(Clone)_-16650,,
0,84.00,Human,HumanControl(Clone)_-17098,25.725,18.454,28.120,1,HumanControl(Clone)_-16650,,
0,84.00,Human,HumanControl(Clone)_-17130,30.000,13.473,36.892,0,HumanControl(Clone)_-16698,,
0,84.50,Robot,RobotControl(Clone)_-17146,5.199,13.853,,,,,0
0,84.50,Robot,RobotControl(Clone)_-17164,23.083,16.089,,,,,0
0,84.50,Robot,RobotControl(Clone)_-17182,23.804,16.881,,,,,0
0,84.50,Human,HumanControl(Clone)_-16538,27.220,14.793,36.134,0,HumanControl(Clone)_-16698,,
0,84.50,Human,HumanControl(Clone)_-16554,29.650,17.263,11.227,1,HumanControl(Clone)_-16698,,
0,84.50,Human,HumanControl(Clone)_-16570,6.977,8.120,98.863,0,,,
0,84.50,Human,HumanControl(Clone)_-16586,6.517,9.036,98.826,0,HumanControl(Clone)_-16570,,
0,84.50,Human,HumanControl(Clone)_-16602,26.668,12.486,44.332,0,HumanControl(Clone)_-16618,,
0,84.50,Human,HumanControl(Clone)_-16618,28.080,14.282,56.518,0,,,
0,84.50,Human,HumanControl(Clone)_-16634,28.099,15.284,47.568,0,HumanControl(Clone)_-16618,,
0,84.50,Human,HumanControl(Clone)_-16650,25.120,16.497,32.715,1,HumanControl(Clone)_-16666,,
0,84.50,Human,HumanControl(Clone)_-16666,26.873,15.743,36.322,0,HumanControl(Clone)_-16618,,
0,84.50,Human,HumanControl(Clone)_-16682,26.127,16.573,35.133,0,HumanControl(Clone)_-16666,,
0,84.50,Human,HumanControl(Clone)_-16698,29.391,15.233,34.647,1,HumanControl(Clone)_-16618,,
0,84.50,Human,HumanControl(Clone)_-16746,27.783,16.774,52.151,0,HumanControl(Clone)_-16618,,
0,84.50,Human,HumanControl(Clone)_-16762,25.997,13.257,28.341,1,HumanControl(Clone)_-16538,,
0,84.50,Human,HumanControl(Clone)_-16794,26.210,14.304,47.544,0,HumanControl(Clone)_-16538,,
0,84.50,Human,HumanControl(Clone)_-16826,29.993,13.580,39.391,0,HumanControl(Clone)_-16698,,
0,84.50,Human,HumanControl(Clone)_-16842,26.956,13.546,42.752,0,HumanControl(Clone)_-16554,,
0,84.50,Human,HumanControl(Clone)_-16970,29.994,11.985,34.637,1,HumanControl(Clone)_-16554,,
0,84.50,Human,HumanControl(Clone)_-16986,25.213,17.829,43.018,0,HumanControl(Clone)_-16650,,
0,84.50,Human,HumanControl(Clone)_-17018,26.108,18.892,44.931,0,HumanControl(Clone)_-16650,,
0,84.50,Human,HumanControl(Clone)_-17098,23.447,17.999,27.914,1,HumanControl(Clone)_-16650,,
0,84.50,Human,HumanControl(Clone)_-17130,29.354,16.285,36.892,0,HumanControl(Clone)_-16698,,
0,85.00,Robot,RobotControl(Clone)_-17146,4.856,15.823,,,,,0
0,85.00,Robot,RobotControl(Clone)_-17164,22.507,15.720,,,,,0
0,85.00,Robot,RobotControl(Clone)_-17182,23.303,16.793,,,,,0
0,85.00,Human,HumanControl(Clone)_-16538,26.931,15.717,36.134,0,HumanControl(Clone)_-16698,,
0,85.00,Human,HumanControl(Clone)_-16554,29.224,17.813,11.227,1,HumanControl(Clone)_-16698,,
0,85.00,Human,HumanControl(Clone)_-16570,6.977,8.057,98.863,0,,,
0,85.00,Human,HumanControl(Clone)_-16586,6.209,8.754,98.826,0,HumanControl(Clone)_-16570,,
0,85.00,Human,HumanControl(Clone)_-16602,27.331,11.629,43.532,0,HumanControl(Clone)_-16618,,
0,85.00,Human,HumanControl(Clone)_-16618,28.964,14.855,55.854,0,,,
0,85.00,Human,HumanControl(Clone)_-16634,28.329,13.973,46.904,0,HumanControl(Clone)_-16618,,
0,85.00,Human,HumanControl(Clone)_-16650,25.408,16.199,32.715,1,HumanControl(Clone)_-16666,,
0,85.00,Human,HumanControl(Clone)_-16666,27.720,14.986,36.322,0,HumanControl(Clone)_-16618,,
0,85.00,Human,HumanControl(Clone)_-16682,26.156,17.050,35.133,0,HumanControl(Clone)_-16666,,
0,85.00,Human,HumanControl(Clone)_-16698,27.771,12.544,34.647,1,HumanControl(Clone)_-16618,,
0,85.00,Human,HumanControl(Clone)_-16746,27.816,16.650,51.497,0,HumanControl(Clone)_-16618,,
0,85.00,Human,HumanControl(Clone)_-16762,26.064,15.099,28.341,1,HumanControl(Clone)_-16538,,
0,85.00,Human,HumanControl(Clone)_-16794,25.898,13.994,44.974,0,HumanControl(Clone)_-16538,,
0,85.00,Human,HumanControl(Clone)_-16826,29.917,14.554,39.391,0,HumanControl(Clone)_-16698,,
0,85.00,Human,HumanControl(Clone)_-16842,27.086,13.354,42.752,0,HumanControl(Clone)_-16554,,
0,85.00,Human,HumanControl(Clone)_-16970,29.967,13.114,34.637,1,HumanControl(Clone)_-16554,,
0,85.00,Human,HumanControl(Clone)_-16986,24.204,17.338,43.018,0,HumanControl(Clone)_-16650,,
0,85.00,Human,HumanControl(Clone)_-17018,25.250,17.985,44.931,0,HumanControl(Clone)_-16650,,
0,85.00,Human,HumanControl(Clone)_-17098,23.568,15.280,27.054,1,HumanControl(Clone)_-16650,,
0,85.00,Human,HumanControl(Clone)_-17130,29.935,15.861,36.892,0,HumanControl(Clone)_-16698,,
0,85.50,Robot,RobotControl(Clone)_-17146,5.561,13.704,,,,,0
0,85.50,Robot,RobotControl(Clone)_-17164,23.680,15.182,,,,,0
0,85.50,Robot,RobotControl(Clone)_-17182,22.389,16.691,,,,,0
0,85.50,Human,HumanControl(Clone)_-16538,27.564,13.981,35.669,0,HumanControl(Clone)_-16698,,
0,85.50,Human,HumanControl(Clone)_-16554,27.025,17.175,10.692,1,HumanControl(Clone)_-16698,,
0,85.50,Human,HumanControl(Clone)_-16570,7.126,8.290,98.863,0,,,
0,85.50,Human,HumanControl(Clone)_-16586,6.531,7.455,98.826,0,HumanControl(Clone)_-16570,,
0,85.50,Human,HumanControl(Clone)_-16602,28.125,11.781,41.997,0,HumanControl(Clone)_-16618,,
0,85.50,Human,HumanControl(Clone)_-16618,28.329,14.628,55.854,0,,,
0,85.50,Human,HumanControl(Clone)_-16634,29.773,12.737,46.771,0,HumanControl(Clone)_-16618,,
0,85.50,Human,HumanControl(Clone)_-16650,25.848,16.613,31.094,1,HumanControl(Clone)_-16666,,
0,85.50,Human,HumanControl(Clone)_-16666,29.206,13.568,35.259,0,HumanControl(Clone)_-16618,,
0,85.50,Human,HumanControl(Clone)_-16682,27.758,16.216,34.675,0,HumanControl(Clone)_-16666,,
0,85.50,Human,HumanControl(Clone)_-16698,26.835,12.297,33.812,1,HumanControl(Clone)_-16618,,
0,85.50,Human,HumanControl(Clone)_-16746,28.675,15.789,50.451,0,HumanControl(Clone)_-16618,,
0,85.50,Human,HumanControl(Clone)_-16762,24.415,16.864,28.341,1,HumanControl(Clone)_-16538,,
0,85.50,Human,HumanControl(Clone)_-16794,26.585,14.166,43.123,0,HumanControl(Clone)_-16538,,
0,85.50,Human,HumanControl(Clone)_-16826,29.996,14.180,39.391,1,HumanControl(Clone)_-16698,,
0,85.50,Human,HumanControl(Clone)_-16842,27.232,15.049,42.752,0,HumanControl(Clone)_-16554,,
0,85.50,Human,HumanControl(Clone)_-16970,30.000,15.271,34.637,1,HumanControl(Clone)_-16554,,
0,85.50,Human,HumanControl(Clone)_-16986,25.030,15.436,42.480,0,HumanControl(Clone)_-16650,,
0,85.50,Human,HumanControl(Clone)_-17018,26.024,15.569,44.221,0,HumanControl(Clone)_-16650,,
0,85.50,Human,HumanControl(Clone)_-17098,25.481,13.439,24.908,1,HumanControl(Clone)_-16650,,
0,85.50,Human,HumanControl(Clone)_-17130,29.008,16.733,36.892,0,HumanControl(Clone)_-16698,,
0,86.00,Robot,RobotControl(Clone)_-17146,5.389,14.614,,,,,0
0,86.00,Robot,RobotControl(Clone)_-17164,24.252,15.262,,,,,0
0,86.00,Robot,RobotControl(Clone)_-17182,23.815,16.164,,,,,0
0,86.00,Human,HumanControl(Clone)_-16538,27.336,11.833,34.739,0,HumanControl(Clone)_-16698,,
0,86.00,Human,HumanControl(Clone)_-16554,24.921,16.021,9.982,1,HumanControl(Clone)_-16698,,
0,86.00,Human,HumanControl(Clone)_-16570,7.181,8.320,98.863,0,,,
0,86.00,Human,HumanControl(Clone)_-16586,6.925,7.315,98.826,0,HumanControl(Clone)_-16570,,
0,86.00,Human,HumanControl(Clone)_-16602,28.332,12.062,40.862,0,HumanControl(Clone)_-16618,,
0,86.00,Human,HumanControl(Clone)_-16618,27.366,14.237,55.191,0,,,
0,86.00,Human,HumanControl(Clone)_-16634,29.973,12.456,46.771,0,HumanControl(Clone)_-16618,,
0,86.00,Human,HumanControl(Clone)_-16650,27.433,16.903,31.094,1,HumanControl(Clone)_-16666,,
0,86.00,Human,HumanControl(Clone)_-16666,28.413,14.252,34.994,0,HumanControl(Clone)_-16618,,
0,86.00,Human,HumanControl(Clone)_-16682,27.643,15.650,33.825,0,HumanControl(Clone)_-16666,,
0,86.00,Human,HumanControl(Clone)_-16698,27.305,13.161,33.812,1,HumanControl(Clone)_-16618,,
0,86.00,Human,HumanControl(Clone)_-16746,29.549,15.532,50.451,0,HumanControl(Clone)_-16618,,
0,86.00,Human,HumanControl(Clone)_-16762,24.361,18.055,27.809,1,HumanControl(Clone)_-16538,,
0,86.00,Human,HumanControl(Clone)_-16794,26.447,12.594,43.123,0,HumanControl(Clone)_-16538,,
0,86.00,Human,HumanControl(Clone)_-16826,28.718,13.052,39.391,1,HumanControl(Clone)_-16698,,
0,86.00,Human,HumanControl(Clone)_-16842,27.911,17.973,42.350,0,HumanControl(Clone)_-16554,,
0,86.00,Human,HumanControl(Clone)_-16970,30.000,16.425,34.637,1,HumanControl(Clone)_-16554,,
0,86.00,Human,HumanControl(Clone)_-16986,23.987,13.769,41.613,0,HumanControl(Clone)_-16650,,
0,86.00,Human,HumanControl(Clone)_-17018,25.333,14.689,43.208,0,HumanControl(Clone)_-16650,,
0,86.00,Human,HumanControl(Clone)_-17098,26.492,13.750,23.983,1,HumanControl(Clone)_-16650,,
0,86.00,Human,HumanControl(Clone)_-17130,28.638,16.546,36.892,0,HumanControl(Clone)_-16698,,
0,86.50,Robot,RobotControl(Clone)_-17146,5.927,12.688,,,,,0
0,86.50,Robot,RobotControl(Clone)_-17164,23.756,15.005,,,,,0
0,86.50,Robot,RobotControl(Clone)_-17182,25.356,15.329,,,,,0
0,86.50,Human,HumanControl(Clone)_-16538,26.664,12.129,34.739,0,HumanControl(Clone)_-16698,,
0,86.50,Human,HumanControl(Clone)_-16554,24.075,12.713,8.681,1,HumanControl(Clone)_-16698,,
0,86.50,Human,HumanControl(Clone)_-16570,6.906,8.342,98.863,0,,,
0,86.50,Human,HumanControl(Clone)_-16586,7.922,8.208,98.826,0,HumanControl(Clone)_-16570,,
0,86.50,Human,HumanControl(Clone)_-16602,28.335,13.072,40.729,0,HumanControl(Clone)_-16618,,
0,86.50,Human,HumanControl(Clone)_-16618,29.836,14.566,55.191,0,,,
0,86.50,Human,HumanControl(Clone)_-16634,29.291,13.395,46.771,0,HumanControl(Clone)_-16618,,
0,86.50,Human,HumanControl(Clone)_-16650,27.085,16.421,30.495,1,HumanControl(Clone)_-16666,,
0,86.50,Human,HumanControl(Clone)_-16666,27.149,13.495,34.197,0,HumanControl(Clone)_-16618,,
0,86.50,Human,HumanControl(Clone)_-16682,27.028,15.110,33.694,0,HumanControl(Clone)_-16666,,
0,86.50,Human,HumanControl(Clone)_-16698,26.170,13.696,32.373,1,HumanControl(Clone)_-16618,,
0,86.50,Human,HumanControl(Clone)_-16746,28.760,14.302,50.318,0,HumanControl(Clone)_-16618,,
0,86.50,Human,HumanControl(Clone)_-16762,26.162,16.037,26.887,1,HumanControl(Clone)_-16538,,
0,86.50,Human,HumanControl(Clone)_-16794,25.663,12.429,41.453,0,HumanControl(Clone)_-16538,,
0,86.50,Human,HumanControl(Clone)_-16826,27.554,11.329,38.323,1,HumanControl(Clone)_-16698,,
0,86.50,Human,HumanControl(Clone)_-16842,26.775,18.726,42.217,0,HumanControl(Clone)_-16554,,
0,86.50,Human,HumanControl(Clone)_-16970,27.649,17.599,34.302,1,HumanControl(Clone)_-16554,,
0,86.50,Human,HumanControl(Clone)_-16986,23.137,15.803,41.396,0,HumanControl(Clone)_-16650,,
0,86.50,Human,HumanControl(Clone)_-17018,25.380,17.724,42.797,0,HumanControl(Clone)_-16650,,
0,86.50,Human,HumanControl(Clone)_-17098,26.629,17.722,22.156,1,HumanControl(Clone)_-16650,,
0,86.50,Human,HumanControl(Clone)_-17130,27.949,15.577,35.780,0,HumanControl(Clone)_-16698,,
0,87.00,Robot,RobotControl(Clone)_-17146,6.426,10.751,,,,,0
0,87.00,Robot,RobotControl(Clone)_-17164,23.641,16.804,,,,,0
0,87.00,Robot,RobotControl(Clone)_-17182,23.976,15.346,,,,,0
0,87.00,Human,HumanControl(Clone)_-16538,24.597,13.459,34.739,0,HumanControl(Clone)_-16698,,
0,87.00,Human,HumanControl(Clone)_-16554,24.176,11.814,7.699,1,HumanControl(Clone)_-16698,,
0,87.00,Human,HumanControl(Clone)_-16570,6.853,8.377,98.863,0,,,
0,87.00,Human,HumanControl(Clone)_-16586,7.861,8.621,98.826,0,HumanControl(Clone)_-16570,,
0,87.00,Human,HumanControl(Clone)_-16602,27.417,13.040,40.596,0,HumanControl(Clone)_-16618,,
0,87.00,Human,HumanControl(Clone)_-16618,29.936,15.688,55.191,0,,,
0,87.00,Human,HumanControl(Clone)_-16634,29.532,11.829,46.771,0,HumanControl(Clone)_-16618,,
0,87.00,Human,HumanControl(Clone)_-16650,26.368,15.377,30.495,1,HumanControl(Clone)_-16666,,
0,87.00,Human,HumanControl(Clone)_-16666,26.352,12.933,34.197,0,HumanControl(Clone)_-16618,,
0,87.00,Human,HumanControl(Clone)_-16682,29.144,14.611,33.229,0,HumanControl(Clone)_-16666,,
0,87.00,Human,HumanControl(Clone)_-16698,27.704,11.792,30.744,1,HumanControl(Clone)_-16618,,
0,87.00,Human,HumanControl(Clone)_-16746,29.864,13.222,50.318,0,HumanControl(Clone)_-16618,,
0,87.00,Human,HumanControl(Clone)_-16762,25.564,16.034,24.556,1,HumanControl(Clone)_-16538,,
0,87.00,Human,HumanControl(Clone)_-16794,25.106,12.458,40.513,0,HumanControl(Clone)_-16538,,
0,87.00,Human,HumanControl(Clone)_-16826,26.657,11.877,37.697,1,HumanControl(Clone)_-16698,,
0,87.00,Human,HumanControl(Clone)_-16842,25.426,17.797,41.293,0,HumanControl(Clone)_-16554,,
0,87.00,Human,HumanControl(Clone)_-16970,26.198,16.914,33.633,1,HumanControl(Clone)_-16554,,
0,87.00,Human,HumanControl(Clone)_-16986,23.059,15.877,40.536,0,HumanControl(Clone)_-16650,,
0,87.00,Human,HumanControl(Clone)_-17018,26.377,18.631,41.976,0,HumanControl(Clone)_-16650,,
0,87.00,Human,HumanControl(Clone)_-17098,27.952,17.140,22.156,1,HumanControl(Clone)_-16650,,
0,87.00,Human,HumanControl(Clone)_-17130,28.601,16.375,34.538,0,HumanControl(Clone)_-16698,,
0,87.50,Robot,RobotControl(Clone)_-17146,6.195,11.741,,,,,0
0,87.50,Robot,RobotControl(Clone)_-17164,27.358,17.468,,,,,0
0,87.50,Robot,RobotControl(Clone)_-17182,22.977,15.565,,,,,0
0,87.50,Human,HumanControl(Clone)_-16538,24.216,13.535,33.546,0,HumanControl(Clone)_-16698,,
0,87.50,Human,HumanControl(Clone)_-16554,27.970,11.812,5.343,1,HumanControl(Clone)_-16698,,
0,87.50,Human,HumanControl(Clone)_-16570,6.962,8.124,98.863,0,,,
0,87.50,Human,HumanControl(Clone)_-16586,6.606,9.085,98.826,0,HumanControl(Clone)_-16570,,
0,87.50,Human,HumanControl(Clone)_-16602,27.198,14.377,40.397,0,HumanControl(Clone)_-16618,,
0,87.50,Human,HumanControl(Clone)_-16618,27.988,16.114,54.733,0,,,
0,87.50,Human,HumanControl(Clone)_-16634,29.998,13.209,46.771,0,HumanControl(Clone)_-16618,,
0,87.50,Human,HumanControl(Clone)_-16650,26.122,14.018,28.130,1,HumanControl(Clone)_-16666,,
0,87.50,Human,HumanControl(Clone)_-16666,28.633,12.891,34.197,0,HumanControl(Clone)_-16618,,
0,87.50,Human,HumanControl(Clone)_-16682,27.574,12.808,33.229,0,HumanControl(Clone)_-16666,,
0,87.50,Human,HumanControl(Clone)_-16698,29.339,11.958,30.611,1,HumanControl(Clone)_-16618,,
0,87.50,Human,HumanControl(Clone)_-16746,29.988,14.943,50.318,0,HumanControl(Clone)_-16618,,
0,87.50,Human,HumanControl(Clone)_-16762,22.782,14.468,24.045,1,HumanControl(Clone)_-16538,,
0,87.50,Human,HumanControl(Clone)_-16794,23.721,12.662,40.513,0,HumanControl(Clone)_-16538,,
0,87.50,Human,HumanControl(Clone)_-16826,26.929,11.101,37.697,1,HumanControl(Clone)_-16698,,
0,87.50,Human,HumanControl(Clone)_-16842,24.926,14.418,41.293,0,HumanControl(Clone)_-16554,,
0,87.50,Human,HumanControl(Clone)_-16970,23.951,14.705,33.633,1,HumanControl(Clone)_-16554,,
0,87.50,Human,HumanControl(Clone)_-16986,24.089,16.386,39.568,0,HumanControl(Clone)_-16650,,
0,87.50,Human,HumanControl(Clone)_-17018,28.307,17.061,41.976,0,HumanControl(Clone)_-16650,,
0,87.50,Human,HumanControl(Clone)_-17098,26.594,16.508,22.156,1,HumanControl(Clone)_-16650,,
0,87.50,Human,HumanControl(Clone)_-17130,28.135,15.125,33.688,0,HumanControl(Clone)_-16698,,
0,88.00,Robot,RobotControl(Clone)_-17146,5.949,12.638,,,,,0
0,88.00,Robot,RobotControl(Clone)_-17164,26.841,18.706,,,,,0
0,88.00,Robot,RobotControl(Clone)_-17182,22.297,16.011,,,,,0
0,88.00,Human,HumanControl(Clone)_-16538,25.285,12.075,32.461,0,HumanControl(Clone)_-16698,,
0,88.00,Human,HumanControl(Clone)_-16554,28.955,11.100,4.676,1,HumanControl(Clone)_-16698,,
0,88.00,Human,HumanControl(Clone)_-16570,6.956,8.061,98.863,0,,,
0,88.00,Human,HumanControl(Clone)_-16586,6.270,8.838,98.826,0,HumanControl(Clone)_-16570,,
0,88.00,Human,HumanControl(Clone)_-16602,27.217,16.638,40.331,0,HumanControl(Clone)_-16618,,
0,88.00,Human,HumanControl(Clone)_-16618,27.469,15.520,54.079,0,,,
0,88.00,Human,HumanControl(Clone)_-16634,30.000,14.420,46.771,0,HumanControl(Clone)_-16618,,
0,88.00,Human,HumanControl(Clone)_-16650,26.797,13.933,26.691,1,HumanControl(Clone)_-16666,,
0,88.00,Human,HumanControl(Clone)_-16666,28.983,14.003,34.197,0,HumanControl(Clone)_-16618,,
0,88.00,Human,HumanControl(Clone)_-16682,26.333,12.260,31.976,0,HumanControl(Clone)_-16666,,
0,88.00,Human,HumanControl(Clone)_-16698,29.386,12.394,30.611,1,HumanControl(Clone)_-16618,,
0,88.00,Human,HumanControl(Clone)_-16746,29.836,16.110,50.318,0,HumanControl(Clone)_-16618,,
0,88.00,Human,HumanControl(Clone)_-16762,22.250,14.940,24.045,1,HumanControl(Clone)_-16538,,
0,88.00,Human,HumanControl(Clone)_-16794,22.306,13.282,40.513,0,HumanControl(Clone)_-16538,,
0,88.00,Human,HumanControl(Clone)_-16826,27.193,11.132,37.697,1,HumanControl(Clone)_-16698,,
0,88.00,Human,HumanControl(Clone)_-16842,25.636,13.072,41.293,0,HumanControl(Clone)_-16554,,
0,88.00,Human,HumanControl(Clone)_-16970,24.202,12.454,33.524,1,HumanControl(Clone)_-16554,,
0,88.00,Human,HumanControl(Clone)_-16986,24.776,16.406,38.493,0,HumanControl(Clone)_-16650,,
0,88.00,Human,HumanControl(Clone)_-17018,28.549,16.798,41.976,0,HumanControl(Clone)_-16650,,
0,88.00,Human,HumanControl(Clone)_-17098,26.661,14.930,22.156,1,HumanControl(Clone)_-16650,,
0,88.00,Human,HumanControl(Clone)_-17130,27.986,14.072,32.692,0,HumanControl(Clone)_-16698,,
0,88.50,Robot,RobotControl(Clone)_-17146,5.653,13.568,,,,,0
0,88.50,Robot,RobotControl(Clone)_-17164,24.804,18.892,,,,,0
0,88.50,Robot,RobotControl(Clone)_-17182,22.110,16.128,,,,,0
0,88.50,Human,HumanControl(Clone)_-16538,27.239,11.920,32.357,0,HumanControl(Clone)_-16698,,
0,88.50,Human,HumanControl(Clone)_-16554,29.396,13.080,4.676,1,HumanControl(Clone)_-16698,,
0,88.50,Human,HumanControl(Clone)_-16570,7.129,8.276,98.863,0,,,
0,88.50,Human,HumanControl(Clone)_-16586,6.446,7.512,98.826,0,HumanControl(Clone)_-16570,,
0,88.50,Human,HumanControl(Clone)_-16602,26.545,16.680,40.331,0,HumanControl(Clone)_-16618,,
0,88.50,Human,HumanControl(Clone)_-16618,29.113,14.723,53.415,0,,,
0,88.50,Human,HumanControl(Clone)_-16634,29.516,15.714,46.771,0,HumanControl(Clone)_-16618,,
0,88.50,Human,HumanControl(Clone)_-16650,28.555,13.652,25.695,1,HumanControl(Clone)_-16666,,
0,88.50,Human,HumanControl(Clone)_-16666,27.986,16.946,34.067,0,HumanControl(Clone)_-16618,,
0,88.50,Human,HumanControl(Clone)_-16682,27.365,13.315,31.568,1,HumanControl(Clone)_-16666,,
0,88.50,Human,HumanControl(Clone)_-16698,28.125,15.942,30.153,1,HumanControl(Clone)_-16618,,
0,88.50,Human,HumanControl(Clone)_-16746,28.051,18.510,49.984,0,HumanControl(Clone)_-16618,,
0,88.50,Human,HumanControl(Clone)_-16762,25.540,13.645,23.326,1,HumanControl(Clone)_-16538,,
0,88.50,Human,HumanControl(Clone)_-16794,22.951,14.500,40.513,0,HumanControl(Clone)_-16538,,
0,88.50,Human,HumanControl(Clone)_-16826,29.999,11.920,37.697,1,HumanControl(Clone)_-16698,,
0,88.50,Human,HumanControl(Clone)_-16842,28.254,11.442,41.084,0,HumanControl(Clone)_-16554,,
0,88.50,Human,HumanControl(Clone)_-16970,25.767,11.106,33.306,1,HumanControl(Clone)_-16554,,
0,88.50,Human,HumanControl(Clone)_-16986,26.401,14.589,36.872,0,HumanControl(Clone)_-16650,,
0,88.50,Human,HumanControl(Clone)_-17018,26.879,15.482,40.930,0,HumanControl(Clone)_-16650,,
0,88.50,Human,HumanControl(Clone)_-17098,27.619,14.559,22.156,1,HumanControl(Clone)_-16650,,
0,88.50,Human,HumanControl(Clone)_-17130,29.022,12.129,32.426,0,HumanControl(Clone)_-16698,,
0,89.00,Robot,RobotControl(Clone)_-17146,5.653,13.568,,,,,0
0,89.00,Robot,RobotControl(Clone)_-17164,22.711,18.863,,,,,0
0,89.00,Robot,RobotControl(Clone)_-17182,21.931,16.201,,,,,0
0,89.00,Human,HumanControl(Clone)_-16538,27.349,12.939,32.357,1,HumanControl(Clone)_-16698,,
0,89.00,Human,HumanControl(Clone)_-16554,30.000,12.793,4.676,1,HumanControl(Clone)_-16698,,
0,89.00,Human,HumanControl(Clone)_-16570,7.188,8.300,98.863,0,,,
0,89.00,Human,HumanControl(Clone)_-16586,6.822,7.329,98.826,0,HumanControl(Clone)_-16570,,
0,89.00,Human,HumanControl(Clone)_-16602,26.710,15.222,40.331,0,HumanControl(Clone)_-16618,,
0,89.00,Human,HumanControl(Clone)_-16618,28.787,16.088,53.415,0,,,
0,89.00,Human,HumanControl(Clone)_-16634,30.000,16.351,46.771,0,HumanControl(Clone)_-16618,,
0,89.00,Human,HumanControl(Clone)_-16650,29.906,14.368,25.695,1,HumanControl(Clone)_-16666,,
0,89.00,Human,HumanControl(Clone)_-16666,26.981,17.519,34.067,0,HumanControl(Clone)_-16618,,
0,89.00,Human,HumanControl(Clone)_-16682,27.777,13.849,30.772,1,HumanControl(Clone)_-16666,,
0,89.00,Human,HumanControl(Clone)_-16698,26.850,16.528,29.499,1,HumanControl(Clone)_-16618,,
0,89.00,Human,HumanControl(Clone)_-16746,26.851,18.830,49.984,0,HumanControl(Clone)_-16618,,
0,89.00,Human,HumanControl(Clone)_-16762,26.331,12.654,22.606,1,HumanControl(Clone)_-16538,,
0,89.00,Human,HumanControl(Clone)_-16794,23.516,13.754,38.886,0,HumanControl(Clone)_-16538,,
0,89.00,Human,HumanControl(Clone)_-16826,28.386,12.731,37.697,1,HumanControl(Clone)_-16698,,
0,89.00,Human,HumanControl(Clone)_-16842,29.221,11.109,41.084,0,HumanControl(Clone)_-16554,,
0,89.00,Human,HumanControl(Clone)_-16970,26.709,11.728,33.306,1,HumanControl(Clone)_-16554,,
0,89.00,Human,HumanControl(Clone)_-16986,26.648,13.688,36.872,0,HumanControl(Clone)_-16650,,
0,89.00,Human,HumanControl(Clone)_-17018,25.703,14.393,40.210,0,HumanControl(Clone)_-16650,,
0,89.00,Human,HumanControl(Clone)_-17098,27.820,14.983,21.691,1,HumanControl(Clone)_-16650,,
0,89.00,Human,HumanControl(Clone)_-17130,30.000,11.743,32.426,0,HumanControl(Clone)_-16698,,
0,89.50,Robot,RobotControl(Clone)_-17146,5.383,14.510,,,,,0
0,89.50,Robot,RobotControl(Clone)_-17164,24.537,17.214,,,,,0
0,89.50,Robot,RobotControl(Clone)_-17182,25.808,15.695,,,,,0
0,89.50,Human,HumanControl(Clone)_-16538,26.804,14.917,32.290,1,HumanControl(Clone)_-16698,,
0,89.50,Human,HumanControl(Clone)_-16554,29.895,14.044,4.676,1,HumanControl(Clone)_-16698,,
0,89.50,Human,HumanControl(Clone)_-16570,6.917,8.352,98.863,0,,,
0,89.50,Human,HumanControl(Clone)_-16586,7.911,8.106,98.826,0,HumanControl(Clone)_-16570,,
0,89.50,Human,HumanControl(Clone)_-16602,28.898,14.522,40.331,0,HumanControl(Clone)_-16618,,
0,89.50,Human,HumanControl(Clone)_-16618,28.084,15.279,52.892,0,,,
0,89.50,Human,HumanControl(Clone)_-16634,29.674,17.494,46.771,0,HumanControl(Clone)_-16618,,
0,89.50,Human,HumanControl(Clone)_-16650,27.235,18.731,25.494,1,HumanControl(Clone)_-16666,,
0,89.50,Human,HumanControl(Clone)_-16666,28.101,16.504,33.609,0,HumanControl(Clone)_-16618,,
0,89.50,Human,HumanControl(Clone)_-16682,29.712,15.114,30.639,1,HumanControl(Clone)_-16666,,
0,89.50,Human,HumanControl(Clone)_-16698,29.131,16.575,28.780,1,HumanControl(Clone)_-16618,,
0,89.50,Human,HumanControl(Clone)_-16746,27.887,17.957,49.783,0,HumanControl(Clone)_-16618,,
0,89.50,Human,HumanControl(Clone)_-16762,25.863,11.335,21.666,1,HumanControl(Clone)_-16538,,
0,89.50,Human,HumanControl(Clone)_-16794,25.514,12.846,38.669,0,HumanControl(Clone)_-16538,,
0,89.50,Human,HumanControl(Clone)_-16826,27.066,15.895,36.635,1,HumanControl(Clone)_-16698,,
0,89.50,Human,HumanControl(Clone)_-16842,28.144,11.615,40.951,0,HumanControl(Clone)_-16554,,
0,89.50,Human,HumanControl(Clone)_-16970,29.036,12.892,32.438,1,HumanControl(Clone)_-16554,,
0,89.50,Human,HumanControl(Clone)_-16986,27.213,11.920,36.350,0,HumanControl(Clone)_-16650,,
0,89.50,Human,HumanControl(Clone)_-17018,26.814,13.321,38.565,0,HumanControl(Clone)_-16650,,
0,89.50,Human,HumanControl(Clone)_-17098,29.998,12.047,21.691,1,HumanControl(Clone)_-16650,,
0,89.50,Human,HumanControl(Clone)_-17130,28.254,13.511,32.293,1,HumanControl(Clone)_-16698,,
0,90.00,Robot,RobotControl(Clone)_-17146,5.883,12.573,,,,,0
0,90.00,Robot,RobotControl(Clone)_-17164,26.493,16.640,,,,,0
0,90.00,Robot,RobotControl(Clone)_-17182,25.386,15.252,,,,,0
0,90.00,Human,HumanControl(Clone)_-16538,26.919,17.592,32.290,1,HumanControl(Clone)_-16698,,
0,90.00,Human,HumanControl(Clone)_-16554,28.533,14.423,4.676,1,HumanControl(Clone)_-16698,,
0,90.00,Human,HumanControl(Clone)_-16570,6.868,8.393,98.863,0,,,
0,90.00,Human,HumanControl(Clone)_-16586,8.037,8.476,98.826,0,HumanControl(Clone)_-16570,,
0,90.00,Human,HumanControl(Clone)_-16602,30.000,13.949,40.331,0,HumanControl(Clone)_-16618,,
0,90.00,Human,HumanControl(Clone)_-16618,27.623,14.876,52.892,0,,,
0,90.00,Human,HumanControl(Clone)_-16634,30.000,17.668,46.177,0,HumanControl(Clone)_-16618,,
0,90.00,Human,HumanControl(Clone)_-16650,26.835,18.890,25.494,1,HumanControl(Clone)_-16666,,
0,90.00,Human,HumanControl(Clone)_-16666,27.869,16.253,32.693,0,HumanControl(Clone)_-16618,,
0,90.00,Human,HumanControl(Clone)_-16682,30.000,15.469,30.639,1,HumanControl(Clone)_-16666,,
0,90.00,Human,HumanControl(Clone)_-16698,29.117,18.394,28.780,1,HumanControl(Clone)_-16618,,
0,90.00,Human,HumanControl(Clone)_-16746,27.915,18.752,48.378,0,HumanControl(Clone)_-16618,,
0,90.00,Human,HumanControl(Clone)_-16762,27.019,11.112,21.666,1,HumanControl(Clone)_-16538,,
0,90.00,Human,HumanControl(Clone)_-16794,25.684,12.944,38.669,0,HumanControl(Clone)_-16538,,
0,90.00,Human,HumanControl(Clone)_-16826,27.864,17.254,36.569,1,HumanControl(Clone)_-16698,,
0,90.00,Human,HumanControl(Clone)_-16842,28.214,11.923,39.683,0,HumanControl(Clone)_-16554,,
0,90.00,Human,HumanControl(Clone)_-16970,29.431,12.982,32.438,1,HumanControl(Clone)_-16554,,
0,90.00,Human,HumanControl(Clone)_-16986,27.034,12.134,36.350,0,HumanControl(Clone)_-16650,,
0,90.00,Human,HumanControl(Clone)_-17018,27.390,13.202,38.167,0,HumanControl(Clone)_-16650,,
0,90.00,Human,HumanControl(Clone)_-17098,29.971,12.061,21.691,1,HumanControl(Clone)_-16650,,
0,90.00,Human,HumanControl(Clone)_-17130,26.537,14.462,32.160,1,HumanControl(Clone)_-16698,,
0,90.50,Robot,RobotControl(Clone)_-17146,6.099,11.525,,,,,0
0,90.50,Robot,RobotControl(Clone)_-17164,25.667,17.492,,,,,0
0,90.50,Robot,RobotControl(Clone)_-17182,25.008,15.956,,,,,0
0,90.50,Human,HumanControl(Clone)_-16538,29.998,18.550,32.157,1,HumanControl(Clone)_-16698,,
0,90.50,Human,HumanControl(Clone)_-16554,28.108,17.324,3.496,1,HumanControl(Clone)_-16698,,
0,90.50,Human,HumanControl(Clone)_-16570,7.018,8.102,98.863,0,,,
0,90.50,Human,HumanControl(Clone)_-16586,6.773,9.093,98.826,0,HumanControl(Clone)_-16570,,
0,90.50,Human,HumanControl(Clone)_-16602,27.447,13.641,40.331,0,HumanControl(Clone)_-16618,,
0,90.50,Human,HumanControl(Clone)_-16618,27.974,15.445,52.826,0,,,
0,90.50,Human,HumanControl(Clone)_-16634,29.785,16.162,46.092,0,HumanControl(Clone)_-16618,,
0,90.50,Human,HumanControl(Clone)_-16650,28.745,18.434,25.227,1,HumanControl(Clone)_-16666,,
0,90.50,Human,HumanControl(Clone)_-16666,26.162,13.585,32.151,0,HumanControl(Clone)_-16618,,
0,90.50,Human,HumanControl(Clone)_-16682,27.744,18.283,30.171,1,HumanControl(Clone)_-16666,,
0,90.50,Human,HumanControl(Clone)_-16698,28.800,16.421,28.780,1,HumanControl(Clone)_-16618,,
0,90.50,Human,HumanControl(Clone)_-16746,26.693,17.541,48.311,0,HumanControl(Clone)_-16618,,
0,90.50,Human,HumanControl(Clone)_-16762,27.168,14.790,21.666,1,HumanControl(Clone)_-16538,,
0,90.50,Human,HumanControl(Clone)_-16794,25.781,15.324,38.669,0,HumanControl(Clone)_-16538,,
0,90.50,Human,HumanControl(Clone)_-16826,29.352,17.259,36.569,1,HumanControl(Clone)_-16698,,
0,90.50,Human,HumanControl(Clone)_-16842,29.778,13.126,39.549,0,HumanControl(Clone)_-16554,,
0,90.50,Human,HumanControl(Clone)_-16970,28.668,14.286,32.173,1,HumanControl(Clone)_-16554,,
0,90.50,Human,HumanControl(Clone)_-16986,24.983,13.416,36.350,0,HumanControl(Clone)_-16650,,
0,90.50,Human,HumanControl(Clone)_-17018,24.873,14.440,36.522,0,HumanControl(Clone)_-16650,,
0,90.50,Human,HumanControl(Clone)_-17098,29.976,12.059,21.691,1,HumanControl(Clone)_-16650,,
0,90.50,Human,HumanControl(Clone)_-17130,26.080,16.523,31.145,1,HumanControl(Clone)_-16698,,
0,91.00,Robot,RobotControl(Clone)_-17146,6.099,11.525,,,,,0
0,91.00,Robot,RobotControl(Clone)_-17164,25.090,18.391,,,,,0
0,91.00,Robot,RobotControl(Clone)_-17182,24.178,17.559,,,,,0
0,91.00,Human,HumanControl(Clone)_-16538,28.571,18.720,32.157,1,HumanControl(Clone)_-16698,,
0,91.00,Human,HumanControl(Clone)_-16554,27.901,17.289,3.496,1,HumanControl(Clone)_-16698,,
0,91.00,Human,HumanControl(Clone)_-16570,7.024,8.044,98.863,0,,,
0,91.00,Human,HumanControl(Clone)_-16586,6.420,8.890,98.826,0,HumanControl(Clone)_-16570,,
0,91.00,Human,HumanControl(Clone)_-16602,26.247,13.672,38.789,0,HumanControl(Clone)_-16618,,
0,91.00,Human,HumanControl(Clone)_-16618,28.513,15.137,52.303,0,,,
0,91.00,Human,HumanControl(Clone)_-16634,29.691,15.176,46.092,0,HumanControl(Clone)_-16618,,
0,91.00,Human,HumanControl(Clone)_-16650,27.869,15.983,24.638,1,HumanControl(Clone)_-16666,,
0,91.00,Human,HumanControl(Clone)_-16666,25.691,12.491,31.946,0,HumanControl(Clone)_-16618,,
0,91.00,Human,HumanControl(Clone)_-16682,26.114,17.424,29.502,1,HumanControl(Clone)_-16666,,
0,91.00,Human,HumanControl(Clone)_-16698,26.721,16.209,28.714,1,HumanControl(Clone)_-16618,,
0,91.00,Human,HumanControl(Clone)_-16746,24.903,16.436,47.500,0,HumanControl(Clone)_-16618,,
0,91.00,Human,HumanControl(Clone)_-16762,25.765,15.839,20.855,1,HumanControl(Clone)_-16538,,
0,91.00,Human,HumanControl(Clone)_-16794,24.002,15.811,38.024,0,HumanControl(Clone)_-16538,,
0,91.00,Human,HumanControl(Clone)_-16826,29.996,17.130,36.569,1,HumanControl(Clone)_-16698,,
0,91.00,Human,HumanControl(Clone)_-16842,29.192,14.162,39.549,0,HumanControl(Clone)_-16554,,
0,91.00,Human,HumanControl(Clone)_-16970,27.319,15.140,31.846,1,HumanControl(Clone)_-16554,,
0,91.00,Human,HumanControl(Clone)_-16986,25.192,13.666,36.350,0,HumanControl(Clone)_-16650,,
0,91.00,Human,HumanControl(Clone)_-17018,25.183,14.859,36.522,0,HumanControl(Clone)_-16650,,
0,91.00,Human,HumanControl(Clone)_-17098,29.911,13.170,21.691,1,HumanControl(Clone)_-16650,,
0,91.00,Human,HumanControl(Clone)_-17130,27.158,17.949,30.268,1,HumanControl(Clone)_-16698,,
0,91.50,Robot,RobotControl(Clone)_-17146,5.857,12.434,,,,,0
0,91.50,Robot,RobotControl(Clone)_-17164,24.692,18.899,,,,,0
0,91.50,Robot,RobotControl(Clone)_-17182,23.373,18.163,,,,,0
0,91.50,Human,HumanControl(Clone)_-16538,29.530,18.370,32.114,1,HumanControl(Clone)_-16698,,
0,91.50,Human,HumanControl(Clone)_-16554,28.296,17.676,2.292,1,HumanControl(Clone)_-16698,,
0,91.50,Human,HumanControl(Clone)_-16570,7.173,8.239,98.863,0,,,
0,91.50,Human,HumanControl(Clone)_-16586,6.401,7.566,98.826,0,HumanControl(Clone)_-16570,,
0,91.50,Human,HumanControl(Clone)_-16602,27.683,14.493,38.583,0,HumanControl(Clone)_-16618,,
0,91.50,Human,HumanControl(Clone)_-16618,28.608,13.936,52.303,0,,,
0,91.50,Human,HumanControl(Clone)_-16634,29.923,16.039,46.092,0,HumanControl(Clone)_-16618,,
0,91.50,Human,HumanControl(Clone)_-16650,26.637,12.603,24.507,1,HumanControl(Clone)_-16666,,
0,91.50,Human,HumanControl(Clone)_-16666,27.004,13.634,31.429,1,HumanControl(Clone)_-16618,,
0,91.50,Human,HumanControl(Clone)_-16682,24.841,16.436,29.502,1,HumanControl(Clone)_-16666,,
0,91.50,Human,HumanControl(Clone)_-16698,27.852,15.592,27.040,1,HumanControl(Clone)_-16618,,
0,91.50,Human,HumanControl(Clone)_-16746,23.699,13.250,46.748,0,HumanControl(Clone)_-16618,,
0,91.50,Human,HumanControl(Clone)_-16762,26.849,18.125,20.037,1,HumanControl(Clone)_-16538,,
0,91.50,Human,HumanControl(Clone)_-16794,23.365,16.965,36.089,0,HumanControl(Clone)_-16538,,
0,91.50,Human,HumanControl(Clone)_-16826,28.992,16.502,36.438,1,HumanControl(Clone)_-16698,,
0,91.50,Human,HumanControl(Clone)_-16842,26.270,14.650,39.549,0,HumanControl(Clone)_-16554,,
0,91.50,Human,HumanControl(Clone)_-16970,27.481,17.096,31.846,1,HumanControl(Clone)_-16554,,
0,91.50,Human,HumanControl(Clone)_-16986,25.424,14.113,34.499,0,HumanControl(Clone)_-16650,,
0,91.50,Human,HumanControl(Clone)_-17018,25.529,15.584,35.306,0,HumanControl(Clone)_-16650,,
0,91.50,Human,HumanControl(Clone)_-17098,29.816,15.009,21.691,1,HumanControl(Clone)_-16650,,
0,91.50,Human,HumanControl(Clone)_-17130,30.003,17.460,30.268,1,HumanControl(Clone)_-16698,,
0,92.00,Robot,RobotControl(Clone)_-17146,5.644,13.342,,,,,0
0,92.00,Robot,RobotControl(Clone)_-17164,24.795,18.892,,,,,0
0,92.00,Robot,RobotControl(Clone)_-17182,23.195,18.847,,,,,0
0,92.00,Human,HumanControl(Clone)_-16538,27.923,18.024,31.026,1,HumanControl(Clone)_-16698,,
0,92.00,Human,HumanControl(Clone)_-16554,26.373,17.604,1.212,1,HumanControl(Clone)_-16698,,
0,92.00,Human,HumanControl(Clone)_-16570,7.033,8.256,98.863,0,,,
0,92.00,Human,HumanControl(Clone)_-16586,7.459,7.278,98.826,0,HumanControl(Clone)_-16570,,
0,92.00,Human,HumanControl(Clone)_-16602,28.556,13.451,37.920,0,HumanControl(Clone)_-16618,,
0,92.00,Human,HumanControl(Clone)_-16618,28.298,11.100,52.102,0,,,
0,92.00,Human,HumanControl(Clone)_-16634,29.981,15.073,46.092,0,HumanControl(Clone)_-16618,,
0,92.00,Human,HumanControl(Clone)_-16650,26.543,12.089,24.507,1,HumanControl(Clone)_-16666,,
0,92.00,Human,HumanControl(Clone)_-16666,27.570,13.618,30.433,1,HumanControl(Clone)_-16618,,
0,92.00,Human,HumanControl(Clone)_-16682,25.273,15.625,29.502,1,HumanControl(Clone)_-16666,,
0,92.00,Human,HumanControl(Clone)_-16698,28.402,15.510,26.844,1,HumanControl(Clone)_-16618,,
0,92.00,Human,HumanControl(Clone)_-16746,23.979,12.947,46.748,0,HumanControl(Clone)_-16618,,
0,92.00,Human,HumanControl(Clone)_-16762,28.464,18.866,20.037,1,HumanControl(Clone)_-16538,,
0,92.00,Human,HumanControl(Clone)_-16794,22.787,17.837,35.877,0,HumanControl(Clone)_-16538,,
0,92.00,Human,HumanControl(Clone)_-16826,27.877,17.025,36.438,1,HumanControl(Clone)_-16698,,
0,92.00,Human,HumanControl(Clone)_-16842,25.167,14.444,38.007,0,HumanControl(Clone)_-16554,,
0,92.00,Human,HumanControl(Clone)_-16970,26.992,18.895,31.846,1,HumanControl(Clone)_-16554,,
0,92.00,Human,HumanControl(Clone)_-16986,25.779,12.875,34.396,1,HumanControl(Clone)_-16650,,
0,92.00,Human,HumanControl(Clone)_-17018,26.131,14.920,35.205,0,HumanControl(Clone)_-16650,,
0,92.00,Human,HumanControl(Clone)_-17098,27.397,14.807,21.691,1,HumanControl(Clone)_-16650,,
0,92.00,Human,HumanControl(Clone)_-17130,28.822,17.582,29.886,1,HumanControl(Clone)_-16698,,
0,92.50,Robot,RobotControl(Clone)_-17146,5.487,14.252,,,,,0
0,92.50,Robot,RobotControl(Clone)_-17164,26.671,15.331,,,,,1
0,92.50,Robot,RobotControl(Clone)_-17182,24.884,16.792,,,,,0
0,92.50,Human,HumanControl(Clone)_-16538,25.515,16.016,30.183,1,HumanControl(Clone)_-16698,,
0,92.50,Human,HumanControl(Clone)_-16570,7.063,8.262,98.863,0,,,
0,92.50,Human,HumanControl(Clone)_-16586,7.281,7.286,98.826,0,HumanControl(Clone)_-16570,,
0,92.50,Human,HumanControl(Clone)_-16602,28.665,11.100,37.920,0,HumanControl(Clone)_-16618,,
0,92.50,Human,HumanControl(Clone)_-16618,27.842,12.346,50.567,0,,,
0,92.50,Human,HumanControl(Clone)_-16634,30.007,14.746,46.092,0,HumanControl(Clone)_-16618,,
0,92.50,Human,HumanControl(Clone)_-16650,28.801,13.392,24.375,1,HumanControl(Clone)_-16666,,
0,92.50,Human,HumanControl(Clone)_-16666,29.583,11.696,30.300,1,HumanControl(Clone)_-16618,,
0,92.50,Human,HumanControl(Clone)_-16682,27.521,13.555,28.420,1,HumanControl(Clone)_-16666,,
0,92.50,Human,HumanControl(Clone)_-16698,28.842,12.367,26.248,1,HumanControl(Clone)_-16618,,
0,92.50,Human,HumanControl(Clone)_-16746,25.571,12.362,46.017,0,HumanControl(Clone)_-16618,,
0,92.50,Human,HumanControl(Clone)_-16762,27.939,18.889,20.037,1,HumanControl(Clone)_-16538,,
0,92.50,Human,HumanControl(Clone)_-16794,24.526,17.836,34.388,0,HumanControl(Clone)_-16538,,
0,92.50,Human,HumanControl(Clone)_-16826,28.171,15.239,36.242,1,HumanControl(Clone)_-16698,,
0,92.50,Human,HumanControl(Clone)_-16842,26.015,17.311,38.007,0,HumanControl(Clone)_-16554,,
0,92.50,Human,HumanControl(Clone)_-16970,26.870,18.249,31.846,1,RobotControl(Clone)_-17164,,
0,92.50,Human,HumanControl(Clone)_-16986,25.455,11.101,33.979,1,HumanControl(Clone)_-16650,,
0,92.50,Human,HumanControl(Clone)_-17018,26.533,12.576,35.205,0,HumanControl(Clone)_-16650,,
0,92.50,Human,HumanControl(Clone)_-17098,24.563,12.060,20.046,1,HumanControl(Clone)_-16650,,
0,92.50,Human,HumanControl(Clone)_-17130,29.020,14.729,28.840,1,HumanControl(Clone)_-16698,,
0,93.00,Robot,RobotControl(Clone)_-17146,5.487,14.252,,,,,0
0,93.00,Robot,RobotControl(Clone)_-17164,26.036,15.085,,,,,1
0,93.00,Robot,RobotControl(Clone)_-17182,24.090,17.319,,,,,0
0,93.00,Human,HumanControl(Clone)_-16538,25.163,14.176,29.670,1,HumanControl(Clone)_-16698,,
0,93.00,Human,HumanControl(Clone)_-16570,7.077,8.265,98.863,0,,,
0,93.00,Human,HumanControl(Clone)_-16586,7.268,7.283,98.826,0,HumanControl(Clone)_-16570,,
0,93.00,Human,HumanControl(Clone)_-16602,28.715,11.101,37.920,0,HumanControl(Clone)_-16618,,
0,93.00,Human,HumanControl(Clone)_-16618,27.173,13.409,49.900,0,,,
0,93.00,Human,HumanControl(Clone)_-16634,30.000,14.012,46.092,0,HumanControl(Clone)_-16618,,
0,93.00,Human,HumanControl(Clone)_-16650,29.731,12.961,24.375,1,HumanControl(Clone)_-16666,,
0,93.00,Human,HumanControl(Clone)_-16666,28.034,12.874,29.966,1,HumanControl(Clone)_-16618,,
0,93.00,Human,HumanControl(Clone)_-16682,28.790,13.671,28.155,1,HumanControl(Clone)_-16666,,
0,93.00,Human,HumanControl(Clone)_-16698,29.241,11.992,26.248,1,HumanControl(Clone)_-16618,,
0,93.00,Human,HumanControl(Clone)_-16746,26.241,13.040,45.809,0,HumanControl(Clone)_-16618,,
0,93.00,Human,HumanControl(Clone)_-16762,26.962,17.518,20.037,1,HumanControl(Clone)_-16538,,
0,93.00,Human,HumanControl(Clone)_-16794,25.534,17.878,32.819,0,HumanControl(Clone)_-16538,,
0,93.00,Human,HumanControl(Clone)_-16826,29.523,15.775,36.242,1,HumanControl(Clone)_-16698,,
0,93.00,Human,HumanControl(Clone)_-16842,26.070,17.033,37.391,0,HumanControl(Clone)_-16554,,
0,93.00,Human,HumanControl(Clone)_-16970,24.397,18.900,31.846,1,RobotControl(Clone)_-17164,,
0,93.00,Human,HumanControl(Clone)_-16986,27.034,12.226,33.979,1,HumanControl(Clone)_-16650,,
0,93.00,Human,HumanControl(Clone)_-17018,26.422,11.100,35.205,0,HumanControl(Clone)_-16650,,
0,93.00,Human,HumanControl(Clone)_-17098,25.300,11.181,19.610,1,HumanControl(Clone)_-16650,,
0,93.00,Human,HumanControl(Clone)_-17130,28.726,15.038,28.840,1,HumanControl(Clone)_-16698,,
0,93.50,Robot,RobotControl(Clone)_-17146,6.506,10.384,,,,,0
0,93.50,Robot,RobotControl(Clone)_-17164,27.162,14.564,,,,,2
0,93.50,Robot,RobotControl(Clone)_-17182,23.718,18.283,,,,,0
0,93.50,Human,HumanControl(Clone)_-16538,26.675,11.961,29.670,1,HumanControl(Clone)_-16698,,
0,93.50,Human,HumanControl(Clone)_-16570,7.084,8.266,98.863,0,,,
0,93.50,Human,HumanControl(Clone)_-16586,7.254,7.280,98.826,0,HumanControl(Clone)_-16570,,
0,93.50,Human,HumanControl(Clone)_-16602,26.900,11.087,37.719,0,HumanControl(Clone)_-16618,,
0,93.50,Human,HumanControl(Clone)_-16618,27.619,16.089,49.442,0,,,
0,93.50,Human,HumanControl(Clone)_-16634,28.149,13.526,46.092,0,HumanControl(Clone)_-16618,,
0,93.50,Human,HumanControl(Clone)_-16650,29.370,11.106,24.375,1,HumanControl(Clone)_-16666,,
0,93.50,Human,HumanControl(Clone)_-16666,28.104,11.100,29.833,1,HumanControl(Clone)_-16618,,
0,93.50,Human,HumanControl(Clone)_-16682,25.947,14.382,26.818,1,HumanControl(Clone)_-16666,,
0,93.50,Human,HumanControl(Clone)_-16698,26.128,13.220,26.248,1,HumanControl(Clone)_-16618,,
0,93.50,Human,HumanControl(Clone)_-16746,27.262,13.062,45.742,0,HumanControl(Clone)_-16618,,
0,93.50,Human,HumanControl(Clone)_-16762,24.896,14.298,18.416,1,HumanControl(Clone)_-16538,,
0,93.50,Human,HumanControl(Clone)_-16794,26.617,17.120,30.972,0,HumanControl(Clone)_-16538,,
0,93.50,Human,HumanControl(Clone)_-16826,29.993,14.135,36.242,1,HumanControl(Clone)_-16698,,
0,93.50,Human,HumanControl(Clone)_-16842,25.514,17.202,37.391,1,RobotControl(Clone)_-17164,,
0,93.50,Human,HumanControl(Clone)_-16970,23.735,15.289,31.846,1,RobotControl(Clone)_-17164,,
0,93.50,Human,HumanControl(Clone)_-16986,28.541,14.914,33.979,1,HumanControl(Clone)_-16650,,
0,93.50,Human,HumanControl(Clone)_-17018,29.017,12.127,34.137,0,HumanControl(Clone)_-16650,,
0,93.50,Human,HumanControl(Clone)_-17098,27.875,12.250,19.143,1,HumanControl(Clone)_-16650,,
0,93.50,Human,HumanControl(Clone)_-17130,29.203,13.227,28.773,1,HumanControl(Clone)_-16698,,
0,94.00,Robot,RobotControl(Clone)_-17146,6.294,11.369,,,,,0
0,94.00,Robot,RobotControl(Clone)_-17164,33.270,13.662,,,,,2
0,94.00,Robot,RobotControl(Clone)_-17182,23.589,18.342,,,,,0
0,94.00,Human,HumanControl(Clone)_-16538,24.749,12.764,28.835,1,HumanControl(Clone)_-16698,,
0,94.00,Human,HumanControl(Clone)_-16570,7.087,8.267,98.863,0,,,
0,94.00,Human,HumanControl(Clone)_-16586,7.251,7.279,98.826,0,HumanControl(Clone)_-16570,,
0,94.00,Human,HumanControl(Clone)_-16602,25.326,11.568,36.780,0,HumanControl(Clone)_-16618,,
0,94.00,Human,HumanControl(Clone)_-16618,28.740,16.557,48.788,0,,,
0,94.00,Human,HumanControl(Clone)_-16634,26.680,13.597,45.429,0,HumanControl(Clone)_-16618,,
0,94.00,Human,HumanControl(Clone)_-16650,28.629,11.782,24.375,1,HumanControl(Clone)_-16666,,
0,94.00,Human,HumanControl(Clone)_-16666,26.487,11.930,29.728,1,HumanControl(Clone)_-16618,,
0,94.00,Human,HumanControl(Clone)_-16682,27.512,15.740,26.547,1,HumanControl(Clone)_-16666,,
0,94.00,Human,HumanControl(Clone)_-16698,23.280,15.013,26.248,1,HumanControl(Clone)_-16618,,
0,94.00,Human,HumanControl(Clone)_-16746,25.948,14.796,45.742,0,HumanControl(Clone)_-16618,,
0,94.00,Human,HumanControl(Clone)_-16762,23.644,12.863,18.416,1,HumanControl(Clone)_-16538,,
0,94.00,Human,HumanControl(Clone)_-16794,26.598,16.162,30.972,0,HumanControl(Clone)_-16538,,
0,94.00,Human,HumanControl(Clone)_-16826,30.000,13.966,36.242,1,HumanControl(Clone)_-16698,,
0,94.00,Human,HumanControl(Clone)_-16842,25.094,15.334,37.391,1,RobotControl(Clone)_-17164,,
0,94.00,Human,HumanControl(Clone)_-16970,24.832,13.788,31.846,1,RobotControl(Clone)_-17164,,
0,94.00,Human,HumanControl(Clone)_-16986,29.738,15.152,33.979,1,HumanControl(Clone)_-16650,,
0,94.00,Human,HumanControl(Clone)_-17018,30.000,12.277,34.137,0,HumanControl(Clone)_-16650,,
0,94.00,Human,HumanControl(Clone)_-17098,28.859,12.912,18.809,1,HumanControl(Clone)_-16650,,
0,94.00,Human,HumanControl(Clone)_-17130,27.585,13.174,28.773,1,HumanControl(Clone)_-16698,,
0,94.50,Robot,RobotControl(Clone)_-17146,6.052,12.324,,,,,0
0,94.50,Robot,RobotControl(Clone)_-17164,33.990,13.218,,,,,2
0,94.50,Robot,RobotControl(Clone)_-17182,23.478,18.849,,,,,0
0,94.50,Human,HumanControl(Clone)_-16538,20.886,13.469,28.617,1,HumanControl(Clone)_-16698,,
0,94.50,Human,HumanControl(Clone)_-16570,7.088,8.267,98.863,0,,,
0,94.50,Human,HumanControl(Clone)_-16586,7.250,7.279,98.826,0,HumanControl(Clone)_-16570,,
0,94.50,Human,HumanControl(Clone)_-16602,24.268,13.593,36.237,0,HumanControl(Clone)_-16618,,
0,94.50,Human,HumanControl(Clone)_-16618,28.668,15.067,48.788,0,,,
0,94.50,Human,HumanControl(Clone)_-16634,26.114,16.525,45.023,0,HumanControl(Clone)_-16618,,
0,94.50,Human,HumanControl(Clone)_-16650,26.237,11.820,22.776,1,HumanControl(Clone)_-16666,,
0,94.50,Human,HumanControl(Clone)_-16666,27.671,16.089,28.408,1,HumanControl(Clone)_-16618,,
0,94.50,Human,HumanControl(Clone)_-16682,27.613,15.043,26.416,1,HumanControl(Clone)_-16666,,
0,94.50,Human,HumanControl(Clone)_-16698,24.871,17.172,25.926,1,HumanControl(Clone)_-16618,,
0,94.50,Human,HumanControl(Clone)_-16746,26.425,17.513,44.120,0,HumanControl(Clone)_-16618,,
0,94.50,Human,HumanControl(Clone)_-16762,22.542,11.260,18.416,1,HumanControl(Clone)_-16538,,
0,94.50,Human,HumanControl(Clone)_-16794,26.475,15.042,30.972,0,HumanControl(Clone)_-16538,,
0,94.50,Human,HumanControl(Clone)_-16826,25.340,13.934,35.234,1,HumanControl(Clone)_-16698,,
0,94.50,Human,HumanControl(Clone)_-16842,26.941,13.637,37.186,1,RobotControl(Clone)_-17164,,
0,94.50,Human,HumanControl(Clone)_-16970,29.767,13.273,31.846,1,RobotControl(Clone)_-17164,,
0,94.50,Human,HumanControl(Clone)_-16986,28.984,12.582,33.979,1,HumanControl(Clone)_-16650,,
0,94.50,Human,HumanControl(Clone)_-17018,28.546,11.120,34.137,0,HumanControl(Clone)_-16650,,
0,94.50,Human,HumanControl(Clone)_-17098,29.990,11.304,18.809,1,HumanControl(Clone)_-16650,,
0,94.50,Human,HumanControl(Clone)_-17130,24.128,12.246,26.339,1,HumanControl(Clone)_-16698,,
0,95.00,Robot,RobotControl(Clone)_-17146,6.052,12.324,,,,,0
0,95.00,Robot,RobotControl(Clone)_-17164,32.808,13.737,,,,,2
0,95.00,Robot,RobotControl(Clone)_-17182,25.141,18.016,,,,,0
0,95.00,Human,HumanControl(Clone)_-16538,20.020,15.229,28.617,1,HumanControl(Clone)_-16698,,
0,95.00,Human,HumanControl(Clone)_-16570,7.089,8.268,98.863,0,,,
0,95.00,Human,HumanControl(Clone)_-16586,7.249,7.279,98.826,0,HumanControl(Clone)_-16570,,
0,95.00,Human,HumanControl(Clone)_-16602,24.024,13.852,33.526,0,HumanControl(Clone)_-16618,,
0,95.00,Human,HumanControl(Clone)_-16618,28.710,15.162,48.788,0,,,
0,95.00,Human,HumanControl(Clone)_-16634,27.012,16.492,45.023,0,HumanControl(Clone)_-16618,,
0,95.00,Human,HumanControl(Clone)_-16650,25.636,13.426,21.732,1,HumanControl(Clone)_-16666,,
0,95.00,Human,HumanControl(Clone)_-16666,28.089,16.074,26.773,1,HumanControl(Clone)_-16618,,
0,95.00,Human,HumanControl(Clone)_-16682,27.407,15.250,26.416,1,HumanControl(Clone)_-16666,,
0,95.00,Human,HumanControl(Clone)_-16698,26.491,17.445,25.926,1,HumanControl(Clone)_-16618,,
0,95.00,Human,HumanControl(Clone)_-16746,27.499,17.973,42.090,0,HumanControl(Clone)_-16618,,
0,95.00,Human,HumanControl(Clone)_-16762,22.089,11.213,18.416,1,HumanControl(Clone)_-16538,,
0,95.00,Human,HumanControl(Clone)_-16794,25.486,14.858,30.972,0,HumanControl(Clone)_-16538,,
0,95.00,Human,HumanControl(Clone)_-16826,23.172,15.023,35.234,1,HumanControl(Clone)_-16698,,
0,95.00,Human,HumanControl(Clone)_-16842,27.802,14.204,36.190,1,RobotControl(Clone)_-17164,,
0,95.00,Human,HumanControl(Clone)_-16970,34.383,16.850,31.588,1,RobotControl(Clone)_-17164,,
0,95.00,Human,HumanControl(Clone)_-16986,29.123,14.201,33.979,1,HumanControl(Clone)_-16650,,
0,95.00,Human,HumanControl(Clone)_-17018,28.742,11.346,34.137,0,HumanControl(Clone)_-16650,,
0,95.00,Human,HumanControl(Clone)_-17098,29.777,11.651,18.809,1,HumanControl(Clone)_-16650,,
0,95.00,Human,HumanControl(Clone)_-17130,23.070,13.504,25.249,1,HumanControl(Clone)_-16698,,
0,95.50,Robot,RobotControl(Clone)_-17146,5.845,13.258,,,,,0
0,95.50,Robot,RobotControl(Clone)_-17164,31.208,15.077,,,,,2
0,95.50,Robot,RobotControl(Clone)_-17182,26.607,17.205,,,,,0
0,95.50,Human,HumanControl(Clone)_-16538,22.633,17.562,28.617,1,HumanControl(Clone)_-16698,,
0,95.50,Human,HumanControl(Clone)_-16570,7.089,8.268,98.863,0,,,
0,95.50,Human,HumanControl(Clone)_-16586,7.249,7.279,98.826,0,HumanControl(Clone)_-16570,,
0,95.50,Human,HumanControl(Clone)_-16602,26.447,14.727,33.309,0,HumanControl(Clone)_-16618,,
0,95.50,Human,HumanControl(Clone)_-16618,29.761,13.967,48.788,0,,,
0,95.50,Human,HumanControl(Clone)_-16634,28.829,16.748,44.958,0,HumanControl(Clone)_-16618,,
0,95.50,Human,HumanControl(Clone)_-16650,26.722,16.157,21.732,1,HumanControl(Clone)_-16666,,
0,95.50,Human,HumanControl(Clone)_-16666,29.660,15.799,25.596,1,HumanControl(Clone)_-16618,,
0,95.50,Human,HumanControl(Clone)_-16682,28.706,13.985,25.753,1,HumanControl(Clone)_-16666,,
0,95.50,Human,HumanControl(Clone)_-16698,28.341,17.631,25.591,1,HumanControl(Clone)_-16618,,
0,95.50,Human,HumanControl(Clone)_-16746,28.460,18.863,41.355,0,HumanControl(Clone)_-16618,,
0,95.50,Human,HumanControl(Clone)_-16762,19.076,13.963,16.554,1,HumanControl(Clone)_-16538,,
0,95.50,Human,HumanControl(Clone)_-16794,22.831,14.558,29.346,1,HumanControl(Clone)_-16538,,
0,95.50,Human,HumanControl(Clone)_-16826,23.768,18.559,35.234,1,HumanControl(Clone)_-16698,,
0,95.50,Human,HumanControl(Clone)_-16842,36.681,15.146,36.057,1,RobotControl(Clone)_-17164,,
0,95.50,Human,HumanControl(Clone)_-16970,36.673,17.206,30.864,1,RobotControl(Clone)_-17164,,
0,95.50,Human,HumanControl(Clone)_-16986,26.418,13.713,33.465,1,HumanControl(Clone)_-16650,,
0,95.50,Human,HumanControl(Clone)_-17018,26.127,12.063,33.406,0,HumanControl(Clone)_-16650,,
0,95.50,Human,HumanControl(Clone)_-17098,26.862,12.802,17.741,1,HumanControl(Clone)_-16650,,
0,95.50,Human,HumanControl(Clone)_-17130,23.658,16.230,24.496,1,HumanControl(Clone)_-16698,,
0,96.00,Robot,RobotControl(Clone)_-17146,5.692,14.192,,,,,0
0,96.00,Robot,RobotControl(Clone)_-17164,32.273,15.711,,,,,2
0,96.00,Robot,RobotControl(Clone)_-17182,26.601,17.208,,,,,0
0,96.00,Human,HumanControl(Clone)_-16538,24.276,17.858,27.022,1,HumanControl(Clone)_-16698,,
0,96.00,Human,HumanControl(Clone)_-16570,7.089,8.268,98.863,0,,,
0,96.00,Human,HumanControl(Clone)_-16586,7.130,7.268,98.826,0,HumanControl(Clone)_-16570,,
0,96.00,Human,HumanControl(Clone)_-16602,27.507,14.279,32.579,1,HumanControl(Clone)_-16618,,
0,96.00,Human,HumanControl(Clone)_-16618,28.966,14.636,48.788,0,,,
0,96.00,Human,HumanControl(Clone)_-16634,29.663,15.709,44.958,0,HumanControl(Clone)_-16618,,
0,96.00,Human,HumanControl(Clone)_-16650,26.659,16.164,21.732,1,HumanControl(Clone)_-16666,,
0,96.00,Human,HumanControl(Clone)_-16666,29.964,13.784,25.596,1,HumanControl(Clone)_-16618,,
0,96.00,Human,HumanControl(Clone)_-16682,27.237,15.310,25.753,1,HumanControl(Clone)_-16666,,
0,96.00,Human,HumanControl(Clone)_-16698,28.796,16.317,24.922,1,HumanControl(Clone)_-16618,,
0,96.00,Human,HumanControl(Clone)_-16746,28.469,17.994,41.154,0,HumanControl(Clone)_-16618,,
0,96.00,Human,HumanControl(Clone)_-16762,18.909,15.951,16.554,1,HumanControl(Clone)_-16538,,
0,96.00,Human,HumanControl(Clone)_-16794,21.253,15.051,29.346,1,HumanControl(Clone)_-16538,,
0,96.00,Human,HumanControl(Clone)_-16826,25.497,18.875,35.234,1,HumanControl(Clone)_-16698,,
0,96.00,Human,HumanControl(Clone)_-16842,36.516,14.657,36.057,1,RobotControl(Clone)_-17164,,
0,96.00,Human,HumanControl(Clone)_-16970,35.377,15.928,30.864,1,RobotControl(Clone)_-17164,,
0,96.00,Human,HumanControl(Clone)_-16986,24.943,15.266,32.437,1,HumanControl(Clone)_-16650,,
0,96.00,Human,HumanControl(Clone)_-17018,25.490,12.864,32.362,0,HumanControl(Clone)_-16650,,
0,96.00,Human,HumanControl(Clone)_-17098,25.619,14.320,16.199,1,HumanControl(Clone)_-16650,,
0,96.00,Human,HumanControl(Clone)_-17130,25.193,16.239,23.421,1,HumanControl(Clone)_-16698,,
0,96.50,Robot,RobotControl(Clone)_-17146,6.151,12.245,,,,,0
0,96.50,Robot,RobotControl(Clone)_-17164,34.635,16.189,,,,,2
0,96.50,Robot,RobotControl(Clone)_-17182,26.154,17.299,,,,,0
0,96.50,Human,HumanControl(Clone)_-16538,27.034,18.024,25.680,1,HumanControl(Clone)_-16698,,
0,96.50,Human,HumanControl(Clone)_-16570,7.090,8.268,98.863,0,,,
0,96.50,Human,HumanControl(Clone)_-16586,7.130,7.268,98.826,0,HumanControl(Clone)_-16570,,
0,96.50,Human,HumanControl(Clone)_-16602,26.094,12.849,32.181,1,HumanControl(Clone)_-16618,,
0,96.50,Human,HumanControl(Clone)_-16618,26.468,15.037,48.788,0,,,
0,96.50,Human,HumanControl(Clone)_-16634,29.072,14.063,44.958,0,HumanControl(Clone)_-16618,,
0,96.50,Human,HumanControl(Clone)_-16650,29.347,15.025,20.817,1,HumanControl(Clone)_-16666,,
0,96.50,Human,HumanControl(Clone)_-16666,27.083,12.438,25.463,1,HumanControl(Clone)_-16618,,
0,96.50,Human,HumanControl(Clone)_-16682,29.063,17.328,25.753,1,HumanControl(Clone)_-16666,,
0,96.50,Human,HumanControl(Clone)_-16698,28.201,12.814,24.856,1,HumanControl(Clone)_-16618,,
0,96.50,Human,HumanControl(Clone)_-16746,29.274,16.351,41.020,0,HumanControl(Clone)_-16618,,
0,96.50,Human,HumanControl(Clone)_-16762,21.240,18.017,14.845,1,HumanControl(Clone)_-16538,,
0,96.50,Human,HumanControl(Clone)_-16794,21.800,18.900,29.346,1,HumanControl(Clone)_-16538,,
0,96.50,Human,HumanControl(Clone)_-16826,28.277,18.208,34.765,1,HumanControl(Clone)_-16698,,
0,96.50,Human,HumanControl(Clone)_-16842,32.501,14.659,36.057,1,RobotControl(Clone)_-17164,,
0,96.50,Human,HumanControl(Clone)_-16970,32.610,15.679,30.864,1,RobotControl(Clone)_-17164,,
0,96.50,Human,HumanControl(Clone)_-16986,25.050,17.505,31.469,1,HumanControl(Clone)_-16650,,
0,96.50,Human,HumanControl(Clone)_-17018,25.567,15.468,32.259,0,HumanControl(Clone)_-16650,,
0,96.50,Human,HumanControl(Clone)_-17098,25.253,18.502,15.993,1,HumanControl(Clone)_-16650,,
0,96.50,Human,HumanControl(Clone)_-17130,27.661,14.384,23.023,1,HumanControl(Clone)_-16698,,
0,97.00,Robot,RobotControl(Clone)_-17146,6.610,10.299,,,,,0
0,97.00,Robot,RobotControl(Clone)_-17164,35.586,17.620,,,,,2
0,97.00,Robot,RobotControl(Clone)_-17182,25.726,17.019,,,,,0
0,97.00,Human,HumanControl(Clone)_-16538,26.992,16.859,25.680,1,HumanControl(Clone)_-16698,,
0,97.00,Human,HumanControl(Clone)_-16570,7.090,8.268,98.863,0,,,
0,97.00,Human,HumanControl(Clone)_-16586,7.130,7.268,98.826,0,HumanControl(Clone)_-16570,,
0,97.00,Human,HumanControl(Clone)_-16602,24.660,13.998,32.181,1,HumanControl(Clone)_-16618,,
0,97.00,Human,HumanControl(Clone)_-16618,26.526,15.161,48.788,0,,,
0,97.00,Human,HumanControl(Clone)_-16634,28.720,13.953,44.360,0,HumanControl(Clone)_-16618,,
0,97.00,Human,HumanControl(Clone)_-16650,29.486,13.188,20.817,1,HumanControl(Clone)_-16666,,
0,97.00,Human,HumanControl(Clone)_-16666,25.389,13.201,25.360,1,HumanControl(Clone)_-16618,,
0,97.00,Human,HumanControl(Clone)_-16682,28.929,16.995,25.753,1,HumanControl(Clone)_-16666,,
0,97.00,Human,HumanControl(Clone)_-16698,27.253,12.986,24.856,1,HumanControl(Clone)_-16618,,
0,97.00,Human,HumanControl(Clone)_-16746,29.734,16.316,41.020,0,HumanControl(Clone)_-16618,,
0,97.00,Human,HumanControl(Clone)_-16762,22.739,18.013,14.845,1,HumanControl(Clone)_-16538,,
0,97.00,Human,HumanControl(Clone)_-16794,23.606,18.869,29.346,1,HumanControl(Clone)_-16538,,
0,97.00,Human,HumanControl(Clone)_-16826,27.928,16.060,33.115,1,HumanControl(Clone)_-16698,,
0,97.00,Human,HumanControl(Clone)_-16842,31.224,14.995,36.057,1,RobotControl(Clone)_-17164,,
0,97.00,Human,HumanControl(Clone)_-16970,32.640,15.728,30.864,1,RobotControl(Clone)_-17164,,
0,97.00,Human,HumanControl(Clone)_-16986,26.445,17.840,30.956,1,HumanControl(Clone)_-16650,,
0,97.00,Human,HumanControl(Clone)_-17018,26.210,16.140,30.840,0,HumanControl(Clone)_-16650,,
0,97.00,Human,HumanControl(Clone)_-17098,26.981,18.880,15.993,1,HumanControl(Clone)_-16650,,
0,97.00,Human,HumanControl(Clone)_-17130,26.568,14.159,22.293,1,HumanControl(Clone)_-16698,,
0,97.50,Robot,RobotControl(Clone)_-17146,6.499,11.229,,,,,0
0,97.50,Robot,RobotControl(Clone)_-17164,35.504,25.884,,,,,2
0,97.50,Robot,RobotControl(Clone)_-17182,24.543,16.915,,,,,0
0,97.50,Human,HumanControl(Clone)_-16538,25.541,15.021,24.667,1,HumanControl(Clone)_-16698,,
0,97.50,Human,HumanControl(Clone)_-16570,7.090,8.268,98.863,0,,,
0,97.50,Human,HumanControl(Clone)_-16586,7.130,7.268,98.826,0,HumanControl(Clone)_-16570,,
0,97.50,Human,HumanControl(Clone)_-16602,25.851,17.365,30.676,1,HumanControl(Clone)_-16618,,
0,97.50,Human,HumanControl(Clone)_-16618,28.314,15.116,48.788,0,,,
0,97.50,Human,HumanControl(Clone)_-16634,27.252,14.524,43.298,0,HumanControl(Clone)_-16618,,
0,97.50,Human,HumanControl(Clone)_-16650,27.197,11.100,20.817,1,HumanControl(Clone)_-16666,,
0,97.50,Human,HumanControl(Clone)_-16666,24.742,15.749,25.360,1,HumanControl(Clone)_-16618,,
0,97.50,Human,HumanControl(Clone)_-16682,29.262,14.363,25.753,1,HumanControl(Clone)_-16666,,
0,97.50,Human,HumanControl(Clone)_-16698,24.728,13.534,24.239,1,HumanControl(Clone)_-16618,,
0,97.50,Human,HumanControl(Clone)_-16746,28.619,16.532,41.020,0,HumanControl(Clone)_-16618,,
0,97.50,Human,HumanControl(Clone)_-16762,26.671,17.949,13.042,1,HumanControl(Clone)_-16538,,
0,97.50,Human,HumanControl(Clone)_-16794,28.068,18.491,29.011,1,HumanControl(Clone)_-16538,,
0,97.50,Human,HumanControl(Clone)_-16826,28.903,11.100,32.653,1,HumanControl(Clone)_-16698,,
0,97.50,Human,HumanControl(Clone)_-16842,33.603,16.186,35.516,1,RobotControl(Clone)_-17164,,
0,97.50,Human,HumanControl(Clone)_-16970,36.485,15.891,30.530,1,RobotControl(Clone)_-17164,,
0,97.50,Human,HumanControl(Clone)_-16986,29.515,16.981,30.349,1,HumanControl(Clone)_-16650,,
0,97.50,Human,HumanControl(Clone)_-17018,27.321,16.234,30.311,0,HumanControl(Clone)_-16650,,
0,97.50,Human,HumanControl(Clone)_-17098,28.930,17.881,15.993,1,HumanControl(Clone)_-16650,,
0,97.50,Human,HumanControl(Clone)_-17130,26.379,12.816,22.293,1,HumanControl(Clone)_-16698,,
0,98.00,Robot,RobotControl(Clone)_-17146,6.322,12.175,,,,,0
0,98.00,Robot,RobotControl(Clone)_-17164,35.511,27.559,,,,,2
0,98.00,Robot,RobotControl(Clone)_-17182,23.419,16.611,,,,,0
0,98.00,Human,HumanControl(Clone)_-16538,25.110,13.403,24.667,1,HumanControl(Clone)_-16698,,
0,98.00,Human,HumanControl(Clone)_-16570,7.090,8.268,98.863,0,,,
0,98.00,Human,HumanControl(Clone)_-16586,7.130,7.268,98.826,0,HumanControl(Clone)_-16570,,
0,98.00,Human,HumanControl(Clone)_-16602,26.452,17.887,30.471,1,HumanControl(Clone)_-16618,,
0,98.00,Human,HumanControl(Clone)_-16618,28.556,15.017,48.788,0,,,
0,98.00,Human,HumanControl(Clone)_-16634,27.562,13.746,42.303,0,HumanControl(Clone)_-16618,,
0,98.00,Human,HumanControl(Clone)_-16650,26.720,11.754,20.817,1,HumanControl(Clone)_-16666,,
0,98.00,Human,HumanControl(Clone)_-16666,25.818,15.437,24.448,1,HumanControl(Clone)_-16618,,
0,98.00,Human,HumanControl(Clone)_-16682,29.239,14.127,25.753,1,HumanControl(Clone)_-16666,,
0,98.00,Human,HumanControl(Clone)_-16698,25.311,14.551,24.239,1,HumanControl(Clone)_-16618,,
0,98.00,Human,HumanControl(Clone)_-16746,28.209,16.299,40.039,0,HumanControl(Clone)_-16618,,
0,98.00,Human,HumanControl(Clone)_-16762,27.346,16.817,13.042,1,HumanControl(Clone)_-16538,,
0,98.00,Human,HumanControl(Clone)_-16794,29.251,17.066,28.944,1,HumanControl(Clone)_-16538,,
0,98.00,Human,HumanControl(Clone)_-16826,27.496,11.124,32.653,1,HumanControl(Clone)_-16698,,
0,98.00,Human,HumanControl(Clone)_-16842,35.285,17.267,35.001,1,RobotControl(Clone)_-17164,,
0,98.00,Human,HumanControl(Clone)_-16970,36.803,17.878,30.053,1,RobotControl(Clone)_-17164,,
0,98.00,Human,HumanControl(Clone)_-16986,34.915,15.618,30.349,1,HumanControl(Clone)_-16650,,
0,98.00,Human,HumanControl(Clone)_-17018,27.436,14.849,30.311,0,HumanControl(Clone)_-16650,,
0,98.00,Human,HumanControl(Clone)_-17098,29.208,18.106,15.993,1,HumanControl(Clone)_-16650,,
0,98.00,Human,HumanControl(Clone)_-17130,26.123,12.563,22.293,1,HumanControl(Clone)_-16698,,
0,98.50,Robot,RobotControl(Clone)_-17146,6.158,13.118,,,,,0
0,98.50,Robot,RobotControl(Clone)_-17164,35.512,27.674,,,,,2
0,98.50,Robot,RobotControl(Clone)_-17182,22.985,16.698,,,,,0
0,98.50,Human,HumanControl(Clone)_-16538,24.395,14.341,22.715,1,HumanControl(Clone)_-16698,,
0,98.50,Human,HumanControl(Clone)_-16570,7.090,8.268,98.863,0,,,
0,98.50,Human,HumanControl(Clone)_-16586,7.130,7.268,98.826,0,HumanControl(Clone)_-16570,,
0,98.50,Human,HumanControl(Clone)_-16602,25.854,15.830,29.556,1,HumanControl(Clone)_-16618,,
0,98.50,Human,HumanControl(Clone)_-16618,30.000,14.738,48.788,0,,,
0,98.50,Human,HumanControl(Clone)_-16634,28.477,13.861,41.108,0,HumanControl(Clone)_-16618,,
0,98.50,Human,HumanControl(Clone)_-16650,26.537,14.107,20.817,1,HumanControl(Clone)_-16666,,
0,98.50,Human,HumanControl(Clone)_-16666,28.945,14.833,24.448,1,HumanControl(Clone)_-16618,,
0,98.50,Human,HumanControl(Clone)_-16682,27.549,14.234,25.620,1,HumanControl(Clone)_-16666,,
0,98.50,Human,HumanControl(Clone)_-16698,28.197,15.886,22.565,1,HumanControl(Clone)_-16618,,
0,98.50,Human,HumanControl(Clone)_-16746,29.737,13.733,39.908,0,HumanControl(Clone)_-16618,,
0,98.50,Human,HumanControl(Clone)_-16762,23.376,14.961,12.738,1,HumanControl(Clone)_-16538,,
0,98.50,Human,HumanControl(Clone)_-16794,26.761,15.351,27.898,1,HumanControl(Clone)_-16538,,
0,98.50,Human,HumanControl(Clone)_-16826,24.215,12.458,31.576,1,HumanControl(Clone)_-16698,,
0,98.50,Human,HumanControl(Clone)_-16842,36.607,26.646,35.001,1,RobotControl(Clone)_-17164,,
0,98.50,Human,HumanControl(Clone)_-16970,36.465,21.900,29.739,1,RobotControl(Clone)_-17164,,
0,98.50,Human,HumanControl(Clone)_-16986,36.860,15.372,30.349,1,HumanControl(Clone)_-16650,,
0,98.50,Human,HumanControl(Clone)_-17018,26.270,13.084,28.666,1,HumanControl(Clone)_-16650,,
0,98.50,Human,HumanControl(Clone)_-17098,29.075,16.397,15.993,1,HumanControl(Clone)_-16650,,
0,98.50,Human,HumanControl(Clone)_-17130,25.305,13.377,20.726,1,HumanControl(Clone)_-16698,,
0,99.00,Robot,RobotControl(Clone)_-17146,6.158,13.118,,,,,0
0,99.00,Robot,RobotControl(Clone)_-17164,35.634,26.515,,,,,2
0,99.00,Robot,RobotControl(Clone)_-17182,24.944,18.297,,,,,0
0,99.00,Human,HumanControl(Clone)_-16538,25.882,16.440,20.211,1,HumanControl(Clone)_-16698,,
0,99.00,Human,HumanControl(Clone)_-16570,7.090,8.268,98.863,0,,,
0,99.00,Human,HumanControl(Clone)_-16586,7.130,7.268,98.826,0,HumanControl(Clone)_-16570,,
0,99.00,Human,HumanControl(Clone)_-16602,27.175,15.602,28.542,1,HumanControl(Clone)_-16618,,
0,99.00,Human,HumanControl(Clone)_-16618,29.024,15.466,48.788,0,,,
0,99.00,Human,HumanControl(Clone)_-16634,33.369,14.411,40.975,0,HumanControl(Clone)_-16618,,
0,99.00,Human,HumanControl(Clone)_-16650,26.380,14.001,18.658,1,HumanControl(Clone)_-16666,,
0,99.00,Human,HumanControl(Clone)_-16666,29.994,14.317,24.448,1,HumanControl(Clone)_-16618,,
0,99.00,Human,HumanControl(Clone)_-16682,27.587,13.842,23.960,1,HumanControl(Clone)_-16666,,
0,99.00,Human,HumanControl(Clone)_-16698,34.676,15.979,21.911,1,HumanControl(Clone)_-16618,,
0,99.00,Human,HumanControl(Clone)_-16746,29.983,13.091,39.908,0,HumanControl(Clone)_-16618,,
0,99.00,Human,HumanControl(Clone)_-16762,22.775,15.143,12.738,1,HumanControl(Clone)_-16538,,
0,99.00,Human,HumanControl(Clone)_-16794,24.684,15.558,27.898,1,HumanControl(Clone)_-16538,,
0,99.00,Human,HumanControl(Clone)_-16826,23.585,12.026,29.615,1,HumanControl(Clone)_-16698,,
0,99.00,Human,HumanControl(Clone)_-16842,36.719,28.622,35.001,1,RobotControl(Clone)_-17164,,
0,99.00,Human,HumanControl(Clone)_-16970,39.004,24.899,29.291,1,RobotControl(Clone)_-17164,,
0,99.00,Human,HumanControl(Clone)_-16986,35.027,14.963,30.349,1,HumanControl(Clone)_-16650,,
0,99.00,Human,HumanControl(Clone)_-17018,26.028,12.565,28.666,1,HumanControl(Clone)_-16650,,
0,99.00,Human,HumanControl(Clone)_-17098,28.203,14.813,15.993,1,HumanControl(Clone)_-16650,,
0,99.00,Human,HumanControl(Clone)_-17130,24.516,14.441,20.726,1,HumanControl(Clone)_-16698,,
0,99.50,Robot,RobotControl(Clone)_-17146,6.014,14.011,,,,,0
0,99.50,Robot,RobotControl(Clone)_-17164,36.405,24.316,,,,,2
0,99.50,Robot,RobotControl(Clone)_-17182,27.001,18.900,,,,,0
0,99.50,Human,HumanControl(Clone)_-16538,29.554,17.636,18.684,1,HumanControl(Clone)_-16698,,
0,99.50,Human,HumanControl(Clone)_-16570,7.090,8.268,98.863,0,,,
0,99.50,Human,HumanControl(Clone)_-16586,7.130,7.268,98.826,0,HumanControl(Clone)_-16570,,
0,99.50,Human,HumanControl(Clone)_-16602,28.232,16.656,28.281,1,HumanControl(Clone)_-16618,,
0,99.50,Human,HumanControl(Clone)_-16618,26.147,15.917,47.628,0,,,
0,99.50,Human,HumanControl(Clone)_-16634,33.991,14.615,40.975,0,HumanControl(Clone)_-16618,,
0,99.50,Human,HumanControl(Clone)_-16650,28.729,14.283,18.452,1,HumanControl(Clone)_-16666,,
0,99.50,Human,HumanControl(Clone)_-16666,29.969,15.801,24.448,1,HumanControl(Clone)_-16618,,
0,99.50,Human,HumanControl(Clone)_-16682,28.588,13.136,23.827,1,HumanControl(Clone)_-16666,,
0,99.50,Human,HumanControl(Clone)_-16698,36.400,16.164,21.578,1,HumanControl(Clone)_-16618,,
0,99.50,Human,HumanControl(Clone)_-16746,30.000,14.634,39.908,0,HumanControl(Clone)_-16618,,
0,99.50,Human,HumanControl(Clone)_-16762,25.420,14.235,10.797,1,HumanControl(Clone)_-16538,,
0,99.50,Human,HumanControl(Clone)_-16794,24.969,16.077,27.898,1,HumanControl(Clone)_-16538,,
0,99.50,Human,HumanControl(Clone)_-16826,26.031,12.873,29.288,1,HumanControl(Clone)_-16698,,
0,99.50,Human,HumanControl(Clone)_-16842,34.058,29.654,33.800,1,RobotControl(Clone)_-17164,,
0,99.50,Human,HumanControl(Clone)_-16970,39.913,27.281,29.291,1,RobotControl(Clone)_-17164,,
0,99.50,Human,HumanControl(Clone)_-16986,26.427,14.935,30.349,1,HumanControl(Clone)_-16650,,
0,99.50,Human,HumanControl(Clone)_-17018,25.037,13.309,28.666,1,HumanControl(Clone)_-16650,,
0,99.50,Human,HumanControl(Clone)_-17098,27.144,12.634,15.993,1,HumanControl(Clone)_-16650,,
0,99.50,Human,HumanControl(Clone)_-17130,27.598,15.884,20.596,1,HumanControl(Clone)_-16698,,
0,100.00,Robot,RobotControl(Clone)_-17146,5.943,14.943,,,,,0
0,100.00,Robot,RobotControl(Clone)_-17164,37.103,25.251,,,,,2
0,100.00,Robot,RobotControl(Clone)_-17182,27.158,18.899,,,,,0
0,100.00,Human,HumanControl(Clone)_-16538,29.985,17.027,18.260,1,HumanControl(Clone)_-16698,,
0,100.00,Human,HumanControl(Clone)_-16570,7.090,8.268,98.863,0,,,
0,100.00,Human,HumanControl(Clone)_-16586,7.019,7.270,98.826,0,HumanControl(Clone)_-16570,,
0,100.00,Human,HumanControl(Clone)_-16602,29.007,16.802,28.281,1,HumanControl(Clone)_-16618,,
0,100.00,Human,HumanControl(Clone)_-16618,25.936,14.911,46.614,0,,,
0,100.00,Human,HumanControl(Clone)_-16634,32.816,14.824,40.975,0,HumanControl(Clone)_-16618,,
0,100.00,Human,HumanControl(Clone)_-16650,29.128,14.983,18.253,1,HumanControl(Clone)_-16666,,
0,100.00,Human,HumanControl(Clone)_-16666,28.260,17.693,23.846,1,HumanControl(Clone)_-16618,,
0,100.00,Human,HumanControl(Clone)_-16682,28.212,14.369,23.496,1,HumanControl(Clone)_-16666,,
0,100.00,Human,HumanControl(Clone)_-16698,34.797,16.451,21.101,1,HumanControl(Clone)_-16618,,
0,100.00,Human,HumanControl(Clone)_-16746,29.649,16.035,39.908,0,HumanControl(Clone)_-16618,,
0,100.00,Human,HumanControl(Clone)_-16762,26.007,15.952,9.277,1,HumanControl(Clone)_-16538,,
0,100.00,Human,HumanControl(Clone)_-16794,25.400,17.657,27.488,1,HumanControl(Clone)_-16538,,
0,100.00,Human,HumanControl(Clone)_-16826,27.438,13.424,29.288,1,HumanControl(Clone)_-16698,,
0,100.00,Human,HumanControl(Clone)_-16842,33.993,27.650,32.675,1,RobotControl(Clone)_-17164,,
0,100.00,Human,HumanControl(Clone)_-16970,37.915,27.314,29.291,1,RobotControl(Clone)_-17164,,
0,100.00,Human,HumanControl(Clone)_-16986,24.437,15.423,30.349,1,HumanControl(Clone)_-16650,,
0,100.00,Human,HumanControl(Clone)_-17018,25.613,11.406,27.517,1,HumanControl(Clone)_-16650,,
0,100.00,Human,HumanControl(Clone)_-17098,27.044,12.499,15.993,1,HumanControl(Clone)_-16650,,
0,100.00,Human,HumanControl(Clone)_-17130,34.929,15.394,19.942,1,HumanControl(Clone)_-16698,,
0,100.50,Robot,RobotControl(Clone)_-17146,6.281,12.972,,,,,0
0,100.50,Robot,RobotControl(Clone)_-17164,37.286,27.617,,,,,2
0,100.50,Robot,RobotControl(Clone)_-17182,24.889,18.891,,,,,0
0,100.50,Human,HumanControl(Clone)_-16538,34.091,16.626,18.260,1,HumanControl(Clone)_-16698,,
0,100.50,Human,HumanControl(Clone)_-16570,7.090,8.268,98.863,0,,,
0,100.50,Human,HumanControl(Clone)_-16586,7.007,7.271,98.826,0,HumanControl(Clone)_-16570,,
0,100.50,Human,HumanControl(Clone)_-16602,26.623,15.391,28.281,1,HumanControl(Clone)_-16618,,
0,100.50,Human,HumanControl(Clone)_-16618,28.194,14.258,46.150,0,,,
0,100.50,Human,HumanControl(Clone)_-16634,27.887,15.221,40.975,0,HumanControl(Clone)_-16618,,
0,100.50,Human,HumanControl(Clone)_-16650,29.086,16.815,18.253,1,HumanControl(Clone)_-16666,,
0,100.50,Human,HumanControl(Clone)_-16666,26.666,17.157,22.642,1,HumanControl(Clone)_-16618,,
0,100.50,Human,HumanControl(Clone)_-16682,29.311,17.796,22.513,1,HumanControl(Clone)_-16666,,
0,100.50,Human,HumanControl(Clone)_-16698,31.210,16.414,21.101,1,HumanControl(Clone)_-16618,,
0,100.50,Human,HumanControl(Clone)_-16746,27.920,16.192,39.582,0,HumanControl(Clone)_-16618,,
0,100.50,Human,HumanControl(Clone)_-16762,28.341,18.363,8.606,1,HumanControl(Clone)_-16538,,
0,100.50,Human,HumanControl(Clone)_-16794,27.595,17.535,27.220,1,HumanControl(Clone)_-16538,,
0,100.50,Human,HumanControl(Clone)_-16826,29.985,14.835,29.288,1,HumanControl(Clone)_-16698,,
0,100.50,Human,HumanControl(Clone)_-16842,35.943,24.273,32.261,1,RobotControl(Clone)_-17164,,
0,100.50,Human,HumanControl(Clone)_-16970,37.498,25.456,28.543,1,RobotControl(Clone)_-17164,,
0,100.50,Human,HumanControl(Clone)_-16986,26.270,14.305,29.630,1,HumanControl(Clone)_-16650,,
0,100.50,Human,HumanControl(Clone)_-17018,28.715,12.572,27.450,1,HumanControl(Clone)_-16650,,
0,100.50,Human,HumanControl(Clone)_-17098,29.351,13.861,15.993,1,HumanControl(Clone)_-16650,,
0,100.50,Human,HumanControl(Clone)_-17130,35.882,16.125,18.845,1,HumanControl(Clone)_-16698,,
0,101.00,Robot,RobotControl(Clone)_-17146,6.620,11.001,,,,,0
0,101.00,Robot,RobotControl(Clone)_-17164,37.231,29.296,,,,,2
0,101.00,Robot,RobotControl(Clone)_-17182,24.946,18.804,,,,,0
0,101.00,Human,HumanControl(Clone)_-16538,33.870,16.537,18.260,1,HumanControl(Clone)_-16698,,
0,101.00,Human,HumanControl(Clone)_-16570,7.090,8.268,98.863,0,,,
0,101.00,Human,HumanControl(Clone)_-16586,7.007,7.271,98.826,0,HumanControl(Clone)_-16570,,
0,101.00,Human,HumanControl(Clone)_-16602,26.504,15.413,28.281,1,HumanControl(Clone)_-16618,,
0,101.00,Human,HumanControl(Clone)_-16618,28.480,14.956,45.486,0,,,
0,101.00,Human,HumanControl(Clone)_-16634,26.903,14.079,40.975,0,HumanControl(Clone)_-16618,,
0,101.00,Human,HumanControl(Clone)_-16650,27.529,17.179,18.253,1,HumanControl(Clone)_-16666,,
0,101.00,Human,HumanControl(Clone)_-16666,25.867,16.360,21.122,1,HumanControl(Clone)_-16618,,
0,101.00,Human,HumanControl(Clone)_-16682,29.988,18.889,22.513,1,HumanControl(Clone)_-16666,,
0,101.00,Human,HumanControl(Clone)_-16698,28.132,17.989,20.097,1,HumanControl(Clone)_-16618,,
0,101.00,Human,HumanControl(Clone)_-16746,27.514,15.736,38.405,0,HumanControl(Clone)_-16618,,
0,101.00,Human,HumanControl(Clone)_-16762,29.137,17.656,8.271,1,HumanControl(Clone)_-16538,,
0,101.00,Human,HumanControl(Clone)_-16794,28.545,16.849,26.551,1,HumanControl(Clone)_-16538,,
0,101.00,Human,HumanControl(Clone)_-16826,29.940,15.886,29.288,1,HumanControl(Clone)_-16698,,
0,101.00,Human,HumanControl(Clone)_-16842,37.934,24.086,31.055,1,RobotControl(Clone)_-17164,,
0,101.00,Human,HumanControl(Clone)_-16970,37.473,25.440,28.543,1,RobotControl(Clone)_-17164,,
0,101.00,Human,HumanControl(Clone)_-16986,27.919,13.778,27.606,1,HumanControl(Clone)_-16650,,
0,101.00,Human,HumanControl(Clone)_-17018,29.971,14.003,27.450,1,HumanControl(Clone)_-16650,,
0,101.00,Human,HumanControl(Clone)_-17098,28.543,12.967,15.993,1,HumanControl(Clone)_-16650,,
0,101.00,Human,HumanControl(Clone)_-17130,34.777,17.085,18.368,1,HumanControl(Clone)_-16698,,
0,101.50,Robot,RobotControl(Clone)_-17146,6.481,11.930,,,,,0
0,101.50,Robot,RobotControl(Clone)_-17164,37.083,32.632,,,,,2
0,101.50,Robot,RobotControl(Clone)_-17182,24.870,18.785,,,,,0
0,101.50,Human,HumanControl(Clone)_-16538,24.322,15.944,16.291,1,HumanControl(Clone)_-16698,,
0,101.50,Human,HumanControl(Clone)_-16570,7.090,8.268,98.863,0,,,
0,101.50,Human,HumanControl(Clone)_-16586,6.997,7.272,98.826,0,HumanControl(Clone)_-16570,,
0,101.50,Human,HumanControl(Clone)_-16602,26.321,14.637,28.281,1,HumanControl(Clone)_-16618,,
0,101.50,Human,HumanControl(Clone)_-16618,28.621,14.478,45.486,0,,,
0,101.50,Human,HumanControl(Clone)_-16634,26.916,13.398,40.358,0,HumanControl(Clone)_-16618,,
0,101.50,Human,HumanControl(Clone)_-16650,24.591,17.274,18.253,1,HumanControl(Clone)_-16666,,
0,101.50,Human,HumanControl(Clone)_-16666,25.405,15.200,20.818,1,HumanControl(Clone)_-16618,,
0,101.50,Human,HumanControl(Clone)_-16682,26.914,17.733,22.513,1,HumanControl(Clone)_-16666,,
0,101.50,Human,HumanControl(Clone)_-16698,26.006,18.239,19.245,1,HumanControl(Clone)_-16618,,
0,101.50,Human,HumanControl(Clone)_-16746,27.304,16.266,37.816,0,HumanControl(Clone)_-16618,,
0,101.50,Human,HumanControl(Clone)_-16762,30.000,14.918,8.271,1,HumanControl(Clone)_-16538,,
0,101.50,Human,HumanControl(Clone)_-16794,29.994,16.084,26.551,1,HumanControl(Clone)_-16538,,
0,101.50,Human,HumanControl(Clone)_-16826,27.896,18.033,28.218,1,HumanControl(Clone)_-16698,,
0,101.50,Human,HumanControl(Clone)_-16842,38.790,27.744,30.956,1,RobotControl(Clone)_-17164,,
0,101.50,Human,HumanControl(Clone)_-16970,37.447,29.432,28.543,1,RobotControl(Clone)_-17164,,
0,101.50,Human,HumanControl(Clone)_-16986,29.443,13.371,27.473,1,HumanControl(Clone)_-16650,,
0,101.50,Human,HumanControl(Clone)_-17018,29.064,15.384,27.450,1,HumanControl(Clone)_-16650,,
0,101.50,Human,HumanControl(Clone)_-17098,27.995,15.514,15.993,1,HumanControl(Clone)_-16650,,
0,101.50,Human,HumanControl(Clone)_-17130,26.225,15.790,17.861,1,HumanControl(Clone)_-16698,,
0,101.99,Robot,RobotControl(Clone)_-17146,6.352,12.818,,,,,0
0,101.99,Robot,RobotControl(Clone)_-17164,37.007,34.300,,,,,2
0,101.99,Robot,RobotControl(Clone)_-17182,24.883,18.766,,,,,0
0,101.99,Human,HumanControl(Clone)_-16538,24.014,17.406,15.216,1,HumanControl(Clone)_-16698,,
0,101.99,Human,HumanControl(Clone)_-16570,7.090,8.268,98.863,0,,,
0,101.99,Human,HumanControl(Clone)_-16586,6.989,7.273,98.826,0,HumanControl(Clone)_-16570,,
0,101.99,Human,HumanControl(Clone)_-16602,26.660,14.651,28.281,1,HumanControl(Clone)_-16618,,
0,101.99,Human,HumanControl(Clone)_-16618,28.389,14.708,45.486,0,,,
0,101.99,Human,HumanControl(Clone)_-16634,27.219,12.511,40.358,0,HumanControl(Clone)_-16618,,
0,101.99,Human,HumanControl(Clone)_-16650,22.497,16.500,18.253,1,HumanControl(Clone)_-16666,,
0,101.99,Human,HumanControl(Clone)_-16666,25.487,14.425,19.275,1,HumanControl(Clone)_-16618,,
0,101.99,Human,HumanControl(Clone)_-16682,24.938,16.519,22.513,1,HumanControl(Clone)_-16666,,
0,101.99,Human,HumanControl(Clone)_-16698,25.969,16.597,18.016,1,HumanControl(Clone)_-16618,,
0,101.99,Human,HumanControl(Clone)_-16746,28.504,17.511,37.816,0,HumanControl(Clone)_-16618,,
0,101.99,Human,HumanControl(Clone)_-16762,27.560,14.143,7.275,1,HumanControl(Clone)_-16538,,
0,101.99,Human,HumanControl(Clone)_-16794,29.437,15.309,26.551,1,HumanControl(Clone)_-16538,,
0,101.99,Human,HumanControl(Clone)_-16826,27.627,18.887,27.549,1,HumanControl(Clone)_-16698,,
0,101.99,Human,HumanControl(Clone)_-16842,38.046,29.600,30.029,1,RobotControl(Clone)_-17164,,
0,101.99,Human,HumanControl(Clone)_-16970,37.327,31.425,28.543,1,RobotControl(Clone)_-17164,,
0,101.99,Human,HumanControl(Clone)_-16986,29.792,13.602,27.473,1,HumanControl(Clone)_-16650,,
0,101.99,Human,HumanControl(Clone)_-17018,27.593,17.021,27.450,1,HumanControl(Clone)_-16650,,
0,101.99,Human,HumanControl(Clone)_-17098,26.813,15.638,15.339,1,HumanControl(Clone)_-16650,,
0,101.99,Human,HumanControl(Clone)_-17130,23.465,16.223,15.450,1,HumanControl(Clone)_-16698,,
0,102.49,Robot,RobotControl(Clone)_-17146,6.245,13.747,,,,,0
0,102.49,Robot,RobotControl(Clone)_-17164,36.846,37.631,,,,,2
0,102.49,Robot,RobotControl(Clone)_-17182,23.618,17.755,,,,,0
0,102.49,Human,HumanControl(Clone)_-16538,25.017,18.894,15.216,1,HumanControl(Clone)_-16698,,
0,102.49,Human,HumanControl(Clone)_-16570,7.090,8.268,98.863,0,,,
0,102.49,Human,HumanControl(Clone)_-16586,6.981,7.274,98.826,0,HumanControl(Clone)_-16570,,
0,102.49,Human,HumanControl(Clone)_-16602,29.641,13.798,27.883,1,HumanControl(Clone)_-16618,,
0,102.49,Human,HumanControl(Clone)_-16618,29.191,16.071,45.486,0,,,
0,102.49,Human,HumanControl(Clone)_-16634,28.922,11.684,39.757,0,HumanControl(Clone)_-16618,,
0,102.49,Human,HumanControl(Clone)_-16650,23.703,14.529,18.028,1,HumanControl(Clone)_-16666,,
0,102.49,Human,HumanControl(Clone)_-16666,28.444,13.411,19.275,1,HumanControl(Clone)_-16618,,
0,102.49,Human,HumanControl(Clone)_-16682,24.880,14.571,22.513,1,HumanControl(Clone)_-16666,,
0,102.49,Human,HumanControl(Clone)_-16698,28.046,14.428,17.552,1,HumanControl(Clone)_-16618,,
0,102.49,Human,HumanControl(Clone)_-16746,28.443,16.880,37.816,0,HumanControl(Clone)_-16618,,
0,102.49,Human,HumanControl(Clone)_-16762,24.603,15.566,6.114,1,HumanControl(Clone)_-16538,,
0,102.49,Human,HumanControl(Clone)_-16794,26.889,16.161,25.403,1,HumanControl(Clone)_-16538,,
0,102.49,Human,HumanControl(Clone)_-16826,24.630,17.880,27.549,1,HumanControl(Clone)_-16698,,
0,102.49,Human,HumanControl(Clone)_-16842,36.360,33.295,29.905,1,RobotControl(Clone)_-17164,,
0,102.49,Human,HumanControl(Clone)_-16970,37.374,33.316,28.543,1,RobotControl(Clone)_-17164,,
0,102.49,Human,HumanControl(Clone)_-16986,27.050,14.231,27.473,1,HumanControl(Clone)_-16650,,
0,102.49,Human,HumanControl(Clone)_-17018,25.997,16.630,26.835,1,HumanControl(Clone)_-16650,,
0,102.49,Human,HumanControl(Clone)_-17098,24.248,16.961,14.725,1,HumanControl(Clone)_-16650,,
0,102.49,Human,HumanControl(Clone)_-17130,23.666,18.871,15.238,1,HumanControl(Clone)_-16698,,
0,102.99,Robot,RobotControl(Clone)_-17146,6.245,13.747,,,,,0
0,102.99,Robot,RobotControl(Clone)_-17164,36.764,39.296,,,,,2
0,102.99,Robot,RobotControl(Clone)_-17182,24.086,18.875,,,,,0
0,102.99,Human,HumanControl(Clone)_-16538,25.277,17.522,15.216,1,HumanControl(Clone)_-16698,,
0,102.99,Human,HumanControl(Clone)_-16570,7.090,8.268,98.863,0,,,
0,102.99,Human,HumanControl(Clone)_-16586,6.981,7.274,98.826,0,HumanControl(Clone)_-16570,,
0,102.99,Human,HumanControl(Clone)_-16602,30.000,16.154,27.883,1,HumanControl(Clone)_-16618,,
0,102.99,Human,HumanControl(Clone)_-16618,28.644,15.605,45.486,0,,,
0,102.99,Human,HumanControl(Clone)_-16634,28.796,12.182,39.757,1,HumanControl(Clone)_-16618,,
0,102.99,Human,HumanControl(Clone)_-16650,24.609,12.651,17.378,1,HumanControl(Clone)_-16666,,
0,102.99,Human,HumanControl(Clone)_-16666,28.331,14.140,19.010,1,HumanControl(Clone)_-16618,,
0,102.99,Human,HumanControl(Clone)_-16682,26.051,12.442,22.095,1,HumanControl(Clone)_-16666,,
0,102.99,Human,HumanControl(Clone)_-16698,30.000,15.068,16.888,1,HumanControl(Clone)_-16618,,
0,102.99,Human,HumanControl(Clone)_-16746,28.474,17.366,37.816,0,HumanControl(Clone)_-16618,,
0,102.99,Human,HumanControl(Clone)_-16762,23.921,16.800,6.114,1,HumanControl(Clone)_-16538,,
0,102.99,Human,HumanControl(Clone)_-16794,26.700,15.768,24.324,1,HumanControl(Clone)_-16538,,
0,102.99,Human,HumanControl(Clone)_-16826,23.568,15.842,25.192,1,HumanControl(Clone)_-16698,,
0,102.99,Human,HumanControl(Clone)_-16842,36.162,35.288,29.905,1,RobotControl(Clone)_-17164,,
0,102.99,Human,HumanControl(Clone)_-16970,37.292,35.313,28.543,1,RobotControl(Clone)_-17164,,
0,102.99,Human,HumanControl(Clone)_-16986,25.312,14.713,27.473,1,HumanControl(Clone)_-16650,,
0,102.99,Human,HumanControl(Clone)_-17018,25.674,15.689,25.821,1,HumanControl(Clone)_-16650,,
0,102.99,Human,HumanControl(Clone)_-17098,21.761,17.226,14.725,1,HumanControl(Clone)_-16650,,
0,102.99,Human,HumanControl(Clone)_-17130,24.166,17.770,13.856,1,HumanControl(Clone)_-16698,,
0,103.49,Robot,RobotControl(Clone)_-17146,6.168,14.605,,,,,0
0,103.49,Robot,RobotControl(Clone)_-17164,36.599,42.625,,,,,2
0,103.49,Robot,RobotControl(Clone)_-17182,25.862,18.422,,,,,0
0,103.49,Human,HumanControl(Clone)_-16538,26.323,14.778,13.595,1,HumanControl(Clone)_-16698,,
0,103.49,Human,HumanControl(Clone)_-16570,7.090,8.268,98.863,0,,,
0,103.49,Human,HumanControl(Clone)_-16586,6.975,7.274,98.826,0,HumanControl(Clone)_-16570,,
0,103.49,Human,HumanControl(Clone)_-16602,24.315,18.097,27.402,1,HumanControl(Clone)_-16618,,
0,103.49,Human,HumanControl(Clone)_-16618,30.014,14.498,45.486,0,,,
0,103.49,Human,HumanControl(Clone)_-16634,27.107,15.521,39.757,1,HumanControl(Clone)_-16618,,
0,103.49,Human,HumanControl(Clone)_-16650,28.136,12.084,15.240,1,HumanControl(Clone)_-16666,,
0,103.49,Human,HumanControl(Clone)_-16666,28.105,14.906,18.746,1,HumanControl(Clone)_-16618,,
0,103.49,Human,HumanControl(Clone)_-16682,29.571,11.876,21.886,1,HumanControl(Clone)_-16666,,
0,103.49,Human,HumanControl(Clone)_-16698,28.852,17.653,16.888,1,HumanControl(Clone)_-16618,,
0,103.49,Human,HumanControl(Clone)_-16746,29.117,14.924,36.770,0,HumanControl(Clone)_-16618,,
0,103.49,Human,HumanControl(Clone)_-16762,23.193,18.888,4.351,1,HumanControl(Clone)_-16538,,
0,103.49,Human,HumanControl(Clone)_-16794,25.661,16.843,24.324,1,HumanControl(Clone)_-16538,,
0,103.49,Human,HumanControl(Clone)_-16826,26.144,13.197,24.977,1,HumanControl(Clone)_-16698,,
0,103.49,Human,HumanControl(Clone)_-16842,36.483,39.214,29.905,1,RobotControl(Clone)_-17164,,
0,103.49,Human,HumanControl(Clone)_-16970,37.489,39.090,28.543,1,RobotControl(Clone)_-17164,,
0,103.49,Human,HumanControl(Clone)_-16986,21.995,13.318,27.473,1,HumanControl(Clone)_-16650,,
0,103.49,Human,HumanControl(Clone)_-17018,23.053,13.406,25.619,1,HumanControl(Clone)_-16650,,
0,103.49,Human,HumanControl(Clone)_-17098,21.133,13.873,14.725,1,HumanControl(Clone)_-16650,,
0,103.49,Human,HumanControl(Clone)_-17130,26.963,16.709,13.643,1,HumanControl(Clone)_-16698,,
0,103.99,Robot,RobotControl(Clone)_-17146,6.456,12.626,,,,,0
0,103.99,Robot,RobotControl(Clone)_-17164,36.500,48.380,,,,,2
0,103.99,Robot,RobotControl(Clone)_-17182,25.784,18.441,,,,,0
0,103.99,Human,HumanControl(Clone)_-16538,26.862,14.642,13.595,1,HumanControl(Clone)_-16698,,
0,103.99,Human,HumanControl(Clone)_-16570,7.090,8.268,98.863,0,,,
0,103.99,Human,HumanControl(Clone)_-16586,6.969,7.275,98.826,0,HumanControl(Clone)_-16570,,
0,103.99,Human,HumanControl(Clone)_-16602,23.564,16.947,26.339,1,HumanControl(Clone)_-16618,,
0,103.99,Human,HumanControl(Clone)_-16618,29.721,15.713,45.486,0,,,
0,103.99,Human,HumanControl(Clone)_-16634,25.982,15.882,38.136,1,HumanControl(Clone)_-16618,,
0,103.99,Human,HumanControl(Clone)_-16650,28.369,13.140,14.572,1,HumanControl(Clone)_-16666,,
0,103.99,Human,HumanControl(Clone)_-16666,27.993,15.391,18.746,1,HumanControl(Clone)_-16618,,
0,103.99,Human,HumanControl(Clone)_-16682,29.991,13.654,21.886,1,HumanControl(Clone)_-16666,,
0,103.99,Human,HumanControl(Clone)_-16698,27.311,16.443,16.365,1,HumanControl(Clone)_-16618,,
0,103.99,Human,HumanControl(Clone)_-16746,29.252,14.745,36.770,0,HumanControl(Clone)_-16618,,
0,103.99,Human,HumanControl(Clone)_-16762,24.718,18.470,4.351,1,HumanControl(Clone)_-16538,,
0,103.99,Human,HumanControl(Clone)_-16794,25.579,16.808,24.324,1,HumanControl(Clone)_-16538,,
0,103.99,Human,HumanControl(Clone)_-16826,26.729,12.577,24.977,1,HumanControl(Clone)_-16698,,
0,103.99,Human,HumanControl(Clone)_-16842,36.558,41.121,29.905,1,RobotControl(Clone)_-17164,,
0,103.99,Human,HumanControl(Clone)_-16970,37.536,40.718,28.543,1,RobotControl(Clone)_-17164,,
0,103.99,Human,HumanControl(Clone)_-16986,22.784,11.557,27.473,1,HumanControl(Clone)_-16650,,
0,103.99,Human,HumanControl(Clone)_-17018,23.832,11.490,24.746,1,HumanControl(Clone)_-16650,,
0,103.99,Human,HumanControl(Clone)_-17098,22.461,12.648,14.725,1,HumanControl(Clone)_-16650,,
0,103.99,Human,HumanControl(Clone)_-17130,28.503,16.884,13.643,1,HumanControl(Clone)_-16698,,
0,104.49,Robot,RobotControl(Clone)_-17146,6.642,11.442,,,,,0
0,104.49,Robot,RobotControl(Clone)_-17164,36.446,51.825,,,,,2
0,104.49,Robot,RobotControl(Clone)_-17182,25.898,18.299,,,,,0
0,104.49,Human,HumanControl(Clone)_-16538,25.769,14.198,12.922,1,HumanControl(Clone)_-16698,,
0,104.49,Human,HumanControl(Clone)_-16570,7.090,8.268,98.863,0,,,
0,104.49,Human,HumanControl(Clone)_-16586,6.964,7.276,98.826,0,HumanControl(Clone)_-16570,,
0,104.49,Human,HumanControl(Clone)_-16602,27.004,16.006,26.339,1,HumanControl(Clone)_-16618,,
0,104.49,Human,HumanControl(Clone)_-16618,28.370,15.786,45.224,0,,,
0,104.49,Human,HumanControl(Clone)_-16634,28.565,14.245,37.933,1,HumanControl(Clone)_-16618,,
0,104.49,Human,HumanControl(Clone)_-16650,29.335,16.092,14.572,1,HumanControl(Clone)_-16666,,
0,104.49,Human,HumanControl(Clone)_-16666,29.993,15.084,18.746,1,HumanControl(Clone)_-16618,,
0,104.49,Human,HumanControl(Clone)_-16682,29.478,17.148,21.886,1,HumanControl(Clone)_-16666,,
0,104.49,Human,HumanControl(Clone)_-16698,29.462,13.744,16.365,1,HumanControl(Clone)_-16618,,
0,104.49,Human,HumanControl(Clone)_-16746,29.942,12.752,36.770,0,HumanControl(Clone)_-16618,,
0,104.49,Human,HumanControl(Clone)_-16762,26.217,15.345,4.351,1,HumanControl(Clone)_-16538,,
0,104.49,Human,HumanControl(Clone)_-16794,27.513,15.146,24.324,1,HumanControl(Clone)_-16538,,
0,104.49,Human,HumanControl(Clone)_-16826,26.807,14.007,24.844,1,HumanControl(Clone)_-16698,,
0,104.49,Human,HumanControl(Clone)_-16842,37.006,48.976,29.905,1,RobotControl(Clone)_-17164,,
0,104.49,Human,HumanControl(Clone)_-16970,36.064,49.314,28.543,1,RobotControl(Clone)_-17164,,
0,104.49,Human,HumanControl(Clone)_-16986,26.390,11.545,26.742,1,HumanControl(Clone)_-16650,,
0,104.49,Human,HumanControl(Clone)_-17018,27.604,11.725,24.279,1,HumanControl(Clone)_-16650,,
0,104.49,Human,HumanControl(Clone)_-17098,25.360,12.654,12.980,1,HumanControl(Clone)_-16650,,
0,104.49,Human,HumanControl(Clone)_-17130,27.029,17.660,13.643,1,HumanControl(Clone)_-16698,,
0,104.99,Robot,RobotControl(Clone)_-17146,6.642,11.442,,,,,0
0,104.99,Robot,RobotControl(Clone)_-17164,36.767,51.292,,,,,2
0,104.99,Robot,RobotControl(Clone)_-17182,25.875,18.303,,,,,0
0,104.99,Human,HumanControl(Clone)_-16538,23.778,14.079,11.426,1,HumanControl(Clone)_-16698,,
0,104.99,Human,HumanControl(Clone)_-16570,7.090,8.268,98.863,0,,,
0,104.99,Human,HumanControl(Clone)_-16586,6.964,7.276,98.826,0,HumanControl(Clone)_-16570,,
0,104.99,Human,HumanControl(Clone)_-16602,27.885,17.959,25.872,1,HumanControl(Clone)_-16618,,
0,104.99,Human,HumanControl(Clone)_-16618,26.972,16.530,44.178,0,,,
0,104.99,Human,HumanControl(Clone)_-16634,27.572,14.921,37.468,1,HumanControl(Clone)_-16618,,
0,104.99,Human,HumanControl(Clone)_-16650,30.000,15.294,14.572,1,HumanControl(Clone)_-16666,,
0,104.99,Human,HumanControl(Clone)_-16666,29.930,17.530,18.746,1,HumanControl(Clone)_-16618,,
0,104.99,Human,HumanControl(Clone)_-16682,27.982,16.564,21.625,1,HumanControl(Clone)_-16666,,
0,104.99,Human,HumanControl(Clone)_-16698,29.924,13.971,16.365,1,HumanControl(Clone)_-16618,,
0,104.99,Human,HumanControl(Clone)_-16746,29.979,12.965,36.770,0,HumanControl(Clone)_-16618,,
0,104.99,Human,HumanControl(Clone)_-16762,25.436,14.272,3.220,1,HumanControl(Clone)_-16538,,
0,104.99,Human,HumanControl(Clone)_-16794,26.606,14.673,24.324,1,HumanControl(Clone)_-16538,,
0,104.99,Human,HumanControl(Clone)_-16826,26.091,13.484,23.302,1,HumanControl(Clone)_-16698,,
0,104.99,Human,HumanControl(Clone)_-16842,37.079,48.932,29.905,1,RobotControl(Clone)_-17164,,
0,104.99,Human,HumanControl(Clone)_-16970,35.716,51.329,28.543,1,RobotControl(Clone)_-17164,,
0,104.99,Human,HumanControl(Clone)_-16986,28.208,12.399,24.697,1,HumanControl(Clone)_-16650,,
0,104.99,Human,HumanControl(Clone)_-17018,28.955,13.179,23.611,1,HumanControl(Clone)_-16650,,
0,104.99,Human,HumanControl(Clone)_-17098,27.674,13.275,12.980,1,HumanControl(Clone)_-16650,,
0,104.99,Human,HumanControl(Clone)_-17130,26.604,17.509,13.643,1,HumanControl(Clone)_-16698,,
0,105.49,Robot,RobotControl(Clone)_-17146,6.574,12.269,,,,,0
0,105.49,Robot,RobotControl(Clone)_-17164,36.657,54.632,,,,,2
0,105.49,Robot,RobotControl(Clone)_-17182,25.628,16.632,,,,,0
0,105.49,Human,HumanControl(Clone)_-16538,24.759,13.595,11.101,1,HumanControl(Clone)_-16698,,
0,105.49,Human,HumanControl(Clone)_-16570,7.090,8.268,98.863,0,,,
0,105.49,Human,HumanControl(Clone)_-16586,6.960,7.276,98.826,0,HumanControl(Clone)_-16570,,
0,105.49,Human,HumanControl(Clone)_-16602,26.052,15.708,24.262,1,HumanControl(Clone)_-16618,,
0,105.49,Human,HumanControl(Clone)_-16618,27.236,13.806,44.178,0,,,
0,105.49,Human,HumanControl(Clone)_-16634,25.911,18.897,37.468,1,HumanControl(Clone)_-16618,,
0,105.49,Human,HumanControl(Clone)_-16650,29.996,15.103,14.572,1,HumanControl(Clone)_-16666,,
0,105.49,Human,HumanControl(Clone)_-16666,26.917,17.389,18.662,1,HumanControl(Clone)_-16618,,
0,105.49,Human,HumanControl(Clone)_-16682,28.220,15.623,21.429,1,HumanControl(Clone)_-16666,,
0,105.49,Human,HumanControl(Clone)_-16698,27.844,18.115,15.896,1,HumanControl(Clone)_-16618,,
0,105.49,Human,HumanControl(Clone)_-16746,30.000,11.999,36.770,1,HumanControl(Clone)_-16618,,
0,105.49,Human,HumanControl(Clone)_-16762,23.865,14.515,1.569,1,HumanControl(Clone)_-16538,,
0,105.49,Human,HumanControl(Clone)_-16794,22.985,13.960,23.891,1,HumanControl(Clone)_-16538,,
0,105.49,Human,HumanControl(Clone)_-16826,27.787,12.895,23.302,1,HumanControl(Clone)_-16698,,
0,105.49,Human,HumanControl(Clone)_-16842,36.298,50.293,29.482,1,RobotControl(Clone)_-17164,,
0,105.49,Human,HumanControl(Clone)_-16970,37.379,50.287,28.543,1,RobotControl(Clone)_-17164,,
0,105.49,Human,HumanControl(Clone)_-16986,28.981,11.964,24.230,1,HumanControl(Clone)_-16650,,
0,105.49,Human,HumanControl(Clone)_-17018,29.251,16.786,23.611,1,HumanControl(Clone)_-16650,,
0,105.49,Human,HumanControl(Clone)_-17098,28.187,14.252,12.648,1,HumanControl(Clone)_-16650,,
0,105.49,Human,HumanControl(Clone)_-17130,27.310,15.117,13.643,1,HumanControl(Clone)_-16698,,
0,105.99,Robot,RobotControl(Clone)_-17146,6.576,13.108,,,,,0
0,105.99,Robot,RobotControl(Clone)_-17164,36.580,56.300,,,,,2
0,105.99,Robot,RobotControl(Clone)_-17182,25.052,13.882,,,,,0
0,105.99,Human,HumanControl(Clone)_-16538,26.490,14.162,10.278,1,HumanControl(Clone)_-16698,,
0,105.99,Human,HumanControl(Clone)_-16570,7.090,8.268,98.863,0,,,
0,105.99,Human,HumanControl(Clone)_-16586,6.956,7.277,98.826,0,HumanControl(Clone)_-16570,,
0,105.99,Human,HumanControl(Clone)_-16602,26.264,12.164,23.127,1,HumanControl(Clone)_-16618,,
0,105.99,Human,HumanControl(Clone)_-16618,27.824,13.844,43.182,0,,,
0,105.99,Human,HumanControl(Clone)_-16634,24.477,18.239,37.362,1,HumanControl(Clone)_-16618,,
0,105.99,Human,HumanControl(Clone)_-16650,29.558,17.078,14.572,1,HumanControl(Clone)_-16666,,
0,105.99,Human,HumanControl(Clone)_-16666,26.149,15.103,18.662,1,HumanControl(Clone)_-16618,,
0,105.99,Human,HumanControl(Clone)_-16682,26.496,16.268,20.775,1,HumanControl(Clone)_-16666,,
0,105.99,Human,HumanControl(Clone)_-16698,27.144,17.954,15.227,1,HumanControl(Clone)_-16618,,
0,105.99,Human,HumanControl(Clone)_-16746,28.954,11.830,36.770,1,HumanControl(Clone)_-16618,,
0,105.99,Human,HumanControl(Clone)_-16762,24.014,13.071,1.569,1,HumanControl(Clone)_-16538,,
0,105.99,Human,HumanControl(Clone)_-16794,22.737,13.937,23.891,1,HumanControl(Clone)_-16538,,
0,105.99,Human,HumanControl(Clone)_-16826,27.336,12.696,23.302,1,HumanControl(Clone)_-16698,,
0,105.99,Human,HumanControl(Clone)_-16842,37.378,52.195,29.259,1,RobotControl(Clone)_-17164,,
0,105.99,Human,HumanControl(Clone)_-16970,36.335,52.199,28.231,1,RobotControl(Clone)_-17164,,
0,105.99,Human,HumanControl(Clone)_-16986,29.988,11.652,24.230,1,HumanControl(Clone)_-16650,,
0,105.99,Human,HumanControl(Clone)_-17018,30.000,16.077,23.611,1,HumanControl(Clone)_-16650,,
0,105.99,Human,HumanControl(Clone)_-17098,29.308,14.356,11.984,1,HumanControl(Clone)_-16650,,
0,105.99,Human,HumanControl(Clone)_-17130,28.256,15.891,13.120,1,HumanControl(Clone)_-16698,,
0,106.49,Robot,RobotControl(Clone)_-17146,6.635,13.975,,,,,0
0,106.49,Robot,RobotControl(Clone)_-17164,36.407,59.631,,,,,2
0,106.49,Robot,RobotControl(Clone)_-17182,25.164,13.009,,,,,0
0,106.49,Human,HumanControl(Clone)_-16538,27.971,17.427,10.073,1,HumanControl(Clone)_-16698,,
0,106.49,Human,HumanControl(Clone)_-16570,7.090,8.268,98.863,0,,,
0,106.49,Human,HumanControl(Clone)_-16586,6.953,7.277,98.826,0,HumanControl(Clone)_-16570,,
0,106.49,Human,HumanControl(Clone)_-16602,27.274,12.803,21.770,1,HumanControl(Clone)_-16618,,
0,106.49,Human,HumanControl(Clone)_-16618,28.516,15.003,43.050,0,,,
0,106.49,Human,HumanControl(Clone)_-16634,24.987,14.845,35.429,1,HumanControl(Clone)_-16618,,
0,106.49,Human,HumanControl(Clone)_-16650,26.409,18.254,12.784,1,HumanControl(Clone)_-16666,,
0,106.49,Human,HumanControl(Clone)_-16666,26.013,12.460,16.599,1,HumanControl(Clone)_-16618,,
0,106.49,Human,HumanControl(Clone)_-16682,25.923,15.258,18.950,1,HumanControl(Clone)_-16666,,
0,106.49,Human,HumanControl(Clone)_-16698,27.193,15.128,15.227,1,HumanControl(Clone)_-16618,,
0,106.49,Human,HumanControl(Clone)_-16746,27.953,13.815,36.305,1,HumanControl(Clone)_-16618,,
0,106.49,Human,HumanControl(Clone)_-16762,26.293,13.463,1.569,1,HumanControl(Clone)_-16538,,
0,106.49,Human,HumanControl(Clone)_-16794,24.904,11.914,23.891,1,HumanControl(Clone)_-16538,,
0,106.49,Human,HumanControl(Clone)_-16826,27.604,16.046,22.048,1,HumanControl(Clone)_-16698,,
0,106.49,Human,HumanControl(Clone)_-16842,37.299,56.126,28.897,1,RobotControl(Clone)_-17164,,
0,106.49,Human,HumanControl(Clone)_-16970,36.253,55.908,27.677,1,RobotControl(Clone)_-17164,,
0,106.49,Human,HumanControl(Clone)_-16986,29.823,14.149,24.230,1,HumanControl(Clone)_-16650,,
0,106.49,Human,HumanControl(Clone)_-17018,28.747,16.799,23.611,1,HumanControl(Clone)_-16650,,
0,106.49,Human,HumanControl(Clone)_-17098,30.000,16.118,11.984,1,HumanControl(Clone)_-16650,,
0,106.49,Human,HumanControl(Clone)_-17130,26.971,17.431,12.204,1,HumanControl(Clone)_-16698,,
0,106.99,Robot,RobotControl(Clone)_-17146,6.635,13.975,,,,,0
0,106.99,Robot,RobotControl(Clone)_-17164,36.320,61.296,,,,,2
0,106.99,Robot,RobotControl(Clone)_-17182,24.882,12.809,,,,,0
0,106.99,Human,HumanControl(Clone)_-16538,27.954,18.900,9.604,1,HumanControl(Clone)_-16698,,
0,106.99,Human,HumanControl(Clone)_-16570,7.090,8.268,98.863,0,,,
0,106.99,Human,HumanControl(Clone)_-16586,6.952,7.277,98.826,0,HumanControl(Clone)_-16570,,
0,106.99,Human,HumanControl(Clone)_-16602,26.386,14.577,21.703,1,HumanControl(Clone)_-16618,,
0,106.99,Human,HumanControl(Clone)_-16618,29.368,15.831,43.050,0,,,
0,106.99,Human,HumanControl(Clone)_-16634,25.106,13.944,34.504,1,HumanControl(Clone)_-16618,,
0,106.99,Human,HumanControl(Clone)_-16650,24.926,17.171,11.757,1,HumanControl(Clone)_-16666,,
0,106.99,Human,HumanControl(Clone)_-16666,27.934,11.882,14.554,1,HumanControl(Clone)_-16618,,
0,106.99,Human,HumanControl(Clone)_-16682,25.589,15.326,18.950,1,HumanControl(Clone)_-16666,,
0,106.99,Human,HumanControl(Clone)_-16698,27.139,13.672,14.895,1,HumanControl(Clone)_-16618,,
0,106.99,Human,HumanControl(Clone)_-16746,28.412,12.787,35.509,1,HumanControl(Clone)_-16618,,
0,106.99,Human,HumanControl(Clone)_-16762,29.095,14.740,1.569,1,HumanControl(Clone)_-16538,,
0,106.99,Human,HumanControl(Clone)_-16794,25.962,12.332,23.369,1,HumanControl(Clone)_-16538,,
0,106.99,Human,HumanControl(Clone)_-16826,27.613,16.020,20.413,1,HumanControl(Clone)_-16698,,
0,106.99,Human,HumanControl(Clone)_-16842,36.777,58.352,28.897,1,RobotControl(Clone)_-17164,,
0,106.99,Human,HumanControl(Clone)_-16970,36.279,57.424,27.413,1,RobotControl(Clone)_-17164,,
0,106.99,Human,HumanControl(Clone)_-16986,30.000,16.999,24.230,1,HumanControl(Clone)_-16650,,
0,106.99,Human,HumanControl(Clone)_-17018,26.749,18.391,23.611,1,HumanControl(Clone)_-16650,,
0,106.99,Human,HumanControl(Clone)_-17098,29.611,17.999,11.348,1,HumanControl(Clone)_-16650,,
0,106.99,Human,HumanControl(Clone)_-17130,26.440,17.379,12.204,1,HumanControl(Clone)_-16698,,
0,107.49,Robot,RobotControl(Clone)_-17146,6.662,14.505,,,,,0
0,107.49,Robot,RobotControl(Clone)_-17164,36.140,64.625,,,,,0
0,107.49,Robot,RobotControl(Clone)_-17182,24.670,12.409,,,,,0
0,107.49,Human,HumanControl(Clone)_-16538,28.106,16.548,8.272,1,HumanControl(Clone)_-16698,,
0,107.49,Human,HumanControl(Clone)_-16570,7.090,8.268,98.863,0,,,
0,107.49,Human,HumanControl(Clone)_-16586,6.950,7.278,98.826,0,HumanControl(Clone)_-16570,,
0,107.49,Human,HumanControl(Clone)_-16602,26.195,15.540,21.399,1,HumanControl(Clone)_-16618,,
0,107.49,Human,HumanControl(Clone)_-16618,28.819,14.582,43.050,0,,,
0,107.49,Human,HumanControl(Clone)_-16634,26.761,13.477,34.504,1,HumanControl(Clone)_-16618,,
0,107.49,Human,HumanControl(Clone)_-16650,24.595,13.649,11.757,1,HumanControl(Clone)_-16666,,
0,107.49,Human,HumanControl(Clone)_-16666,27.959,11.597,12.885,1,HumanControl(Clone)_-16618,,
0,107.49,Human,HumanControl(Clone)_-16682,25.217,11.556,18.950,1,HumanControl(Clone)_-16666,,
0,107.49,Human,HumanControl(Clone)_-16698,27.477,15.747,14.503,1,HumanControl(Clone)_-16618,,
0,107.49,Human,HumanControl(Clone)_-16746,29.647,15.623,35.509,1,HumanControl(Clone)_-16618,,
0,107.49,Human,HumanControl(Clone)_-16762,28.951,17.083,1.569,1,HumanControl(Clone)_-16538,,
0,107.49,Human,HumanControl(Clone)_-16794,26.457,14.454,22.954,1,HumanControl(Clone)_-16538,,
0,107.49,Human,HumanControl(Clone)_-16826,27.756,13.381,18.904,1,HumanControl(Clone)_-16698,,
0,107.49,Human,HumanControl(Clone)_-16842,36.505,60.180,28.467,1,,,
0,107.49,Human,HumanControl(Clone)_-16970,36.201,61.153,27.413,1,,,
0,107.49,Human,HumanControl(Clone)_-16986,28.402,18.541,23.806,1,HumanControl(Clone)_-16650,,
0,107.49,Human,HumanControl(Clone)_-17018,25.661,17.530,22.175,1,HumanControl(Clone)_-16650,,
0,107.49,Human,HumanControl(Clone)_-17098,26.445,18.886,11.263,1,HumanControl(Clone)_-16650,,
0,107.49,Human,HumanControl(Clone)_-17130,27.814,14.537,12.139,1,HumanControl(Clone)_-16698,,
0,107.99,Robot,RobotControl(Clone)_-17146,6.799,12.510,,,,,0
0,107.99,Robot,RobotControl(Clone)_-17164,35.544,65.694,,,,,0
0,107.99,Robot,RobotControl(Clone)_-17182,24.517,12.671,,,,,0
0,107.99,Human,HumanControl(Clone)_-16538,27.234,17.016,8.272,1,HumanControl(Clone)_-16698,,
0,107.99,Human,HumanControl(Clone)_-16570,7.090,8.268,98.863,0,,,
0,107.99,Human,HumanControl(Clone)_-16586,6.947,7.278,98.826,0,HumanControl(Clone)_-16570,,
0,107.99,Human,HumanControl(Clone)_-16602,25.625,14.798,20.285,1,HumanControl(Clone)_-16618,,
0,107.99,Human,HumanControl(Clone)_-16618,28.790,14.175,43.050,0,,,
0,107.99,Human,HumanControl(Clone)_-16634,27.389,13.702,34.504,1,HumanControl(Clone)_-16618,,
0,107.99,Human,HumanControl(Clone)_-16650,25.798,12.207,10.191,1,HumanControl(Clone)_-16666,,
0,107.99,Human,HumanControl(Clone)_-16666,28.966,13.170,12.218,1,HumanControl(Clone)_-16618,,
0,107.99,Human,HumanControl(Clone)_-16682,26.522,11.134,18.950,1,HumanControl(Clone)_-16666,,
0,107.99,Human,HumanControl(Clone)_-16698,28.948,17.097,14.503,1,HumanControl(Clone)_-16618,,
0,107.99,Human,HumanControl(Clone)_-16746,29.764,13.882,35.509,1,HumanControl(Clone)_-16618,,
0,107.99,Human,HumanControl(Clone)_-16762,28.538,18.156,0.633,1,HumanControl(Clone)_-16538,,
0,107.99,Human,HumanControl(Clone)_-16794,26.559,16.267,21.926,1,HumanControl(Clone)_-16538,,
0,107.99,Human,HumanControl(Clone)_-16826,27.738,12.256,17.970,1,HumanControl(Clone)_-16698,,
0,107.99,Human,HumanControl(Clone)_-16842,36.378,62.035,28.145,1,,,
0,107.99,Human,HumanControl(Clone)_-16970,36.464,63.092,27.413,1,,,
0,107.99,Human,HumanControl(Clone)_-16986,26.867,17.946,23.605,1,HumanControl(Clone)_-16650,,
0,107.99,Human,HumanControl(Clone)_-17018,23.954,16.352,19.536,1,HumanControl(Clone)_-16650,,
0,107.99,Human,HumanControl(Clone)_-17098,24.751,17.784,11.263,1,HumanControl(Clone)_-16650,,
0,107.99,Human,HumanControl(Clone)_-17130,26.738,12.573,11.741,1,HumanControl(Clone)_-16698,,
0,108.49,Robot,RobotControl(Clone)_-17146,6.973,10.951,,,,,0
0,108.49,Robot,RobotControl(Clone)_-17164,34.884,66.690,,,,,0
0,108.49,Robot,RobotControl(Clone)_-17182,24.520,13.291,,,,,0
0,108.49,Human,HumanControl(Clone)_-16538,29.280,17.589,8.272,1,HumanControl(Clone)_-16698,,
0,108.49,Human,HumanControl(Clone)_-16570,7.090,8.268,98.863,0,,,
0,108.49,Human,HumanControl(Clone)_-16586,6.945,7.278,98.826,0,HumanControl(Clone)_-16570,,
0,108.49,Human,HumanControl(Clone)_-16602,27.580,14.429,18.381,1,HumanControl(Clone)_-16618,,
0,108.49,Human,HumanControl(Clone)_-16618,28.615,15.746,43.050,0,,,
0,108.49,Human,HumanControl(Clone)_-16634,27.303,12.270,34.304,1,HumanControl(Clone)_-16618,,
0,108.49,Human,HumanControl(Clone)_-16650,28.316,11.078,9.782,1,HumanControl(Clone)_-16666,,
0,108.49,Human,HumanControl(Clone)_-16666,29.237,13.459,12.218,1,HumanControl(Clone)_-16618,,
0,108.49,Human,HumanControl(Clone)_-16682,29.906,12.115,18.950,1,HumanControl(Clone)_-16666,,
0,108.49,Human,HumanControl(Clone)_-16698,29.727,14.792,14.503,1,HumanControl(Clone)_-16618,,
0,108.49,Human,HumanControl(Clone)_-16746,28.636,14.349,35.509,1,HumanControl(Clone)_-16618,,
0,108.49,Human,HumanControl(Clone)_-16762,27.860,18.900,0.633,1,HumanControl(Clone)_-16538,,
0,108.49,Human,HumanControl(Clone)_-16794,27.018,18.074,21.926,1,HumanControl(Clone)_-16538,,
0,108.49,Human,HumanControl(Clone)_-16826,27.992,13.095,17.169,1,HumanControl(Clone)_-16698,,
0,108.49,Human,HumanControl(Clone)_-16842,36.089,65.982,27.619,1,,,
0,108.49,Human,HumanControl(Clone)_-16986,25.653,15.073,23.605,1,HumanControl(Clone)_-16650,,
0,108.49,Human,HumanControl(Clone)_-17018,24.057,12.388,18.885,1,HumanControl(Clone)_-16650,,
0,108.49,Human,HumanControl(Clone)_-17098,24.022,14.390,8.784,1,HumanControl(Clone)_-16650,,
0,108.49,Human,HumanControl(Clone)_-17130,26.910,13.687,11.741,1,HumanControl(Clone)_-16698,,
0,108.99,Robot,RobotControl(Clone)_-17146,6.973,10.951,,,,,0
0,108.99,Robot,RobotControl(Clone)_-17164,34.884,66.690,,,,,0
0,108.99,Robot,RobotControl(Clone)_-17182,23.927,12.949,,,,,0
0,108.99,Human,HumanControl(Clone)_-16538,29.972,16.969,8.272,1,HumanControl(Clone)_-16698,,
0,108.99,Human,HumanControl(Clone)_-16570,7.090,8.268,98.863,0,,,
0,108.99,Human,HumanControl(Clone)_-16586,6.945,7.278,98.826,0,HumanControl(Clone)_-16570,,
0,108.99,Human,HumanControl(Clone)_-16602,27.326,14.517,17.916,1,HumanControl(Clone)_-16618,,
0,108.99,Human,HumanControl(Clone)_-16618,29.054,17.634,43.050,0,,,
0,108.99,Human,HumanControl(Clone)_-16634,26.640,13.554,34.304,1,HumanControl(Clone)_-16618,,
0,108.99,Human,HumanControl(Clone)_-16650,28.512,12.773,9.782,1,HumanControl(Clone)_-16666,,
0,108.99,Human,HumanControl(Clone)_-16666,30.000,14.209,12.218,1,HumanControl(Clone)_-16618,,
0,108.99,Human,HumanControl(Clone)_-16682,29.604,12.711,18.950,1,HumanControl(Clone)_-16666,,
0,108.99,Human,HumanControl(Clone)_-16698,28.122,16.460,13.588,1,HumanControl(Clone)_-16618,,
0,108.99,Human,HumanControl(Clone)_-16746,29.143,16.166,35.509,1,HumanControl(Clone)_-16618,,
0,108.99,Human,HumanControl(Clone)_-16762,28.178,18.624,0.633,1,HumanControl(Clone)_-16538,,
0,108.99,Human,HumanControl(Clone)_-16794,29.267,18.620,21.926,1,HumanControl(Clone)_-16538,,
0,108.99,Human,HumanControl(Clone)_-16826,29.079,13.675,17.169,1,HumanControl(Clone)_-16698,,
0,108.99,Human,HumanControl(Clone)_-16986,25.841,12.952,23.605,1,HumanControl(Clone)_-16650,,
0,108.99,Human,HumanControl(Clone)_-17018,24.951,11.110,17.794,1,HumanControl(Clone)_-16650,,
0,108.99,Human,HumanControl(Clone)_-17098,25.236,13.861,8.351,1,HumanControl(Clone)_-16650,,
0,108.99,Human,HumanControl(Clone)_-17130,28.147,15.130,11.741,1,HumanControl(Clone)_-16698,,
0,109.49,Robot,RobotControl(Clone)_-17146,6.954,11.400,,,,,0
0,109.49,Robot,RobotControl(Clone)_-17164,34.884,66.690,,,,,0
0,109.49,Robot,RobotControl(Clone)_-17182,24.864,16.182,,,,,0
0,109.49,Human,HumanControl(Clone)_-16538,28.657,14.929,8.272,1,HumanControl(Clone)_-16698,,
0,109.49,Human,HumanControl(Clone)_-16570,7.090,8.268,98.863,0,,,
0,109.49,Human,HumanControl(Clone)_-16586,6.943,7.279,98.826,0,HumanControl(Clone)_-16570,,
0,109.49,Human,HumanControl(Clone)_-16602,28.389,17.923,16.532,1,HumanControl(Clone)_-16618,,
0,109.49,Human,HumanControl(Clone)_-16618,28.868,17.030,43.050,0,,,
0,109.49,Human,HumanControl(Clone)_-16634,27.147,16.118,34.304,1,HumanControl(Clone)_-16618,,
0,109.49,Human,HumanControl(Clone)_-16650,29.983,13.499,9.782,1,HumanControl(Clone)_-16666,,
0,109.49,Human,HumanControl(Clone)_-16666,28.172,15.869,11.760,1,HumanControl(Clone)_-16618,,
0,109.49,Human,HumanControl(Clone)_-16682,29.326,12.345,18.884,1,HumanControl(Clone)_-16666,,
0,109.49,Human,HumanControl(Clone)_-16698,29.151,18.901,13.391,1,HumanControl(Clone)_-16618,,
0,109.49,Human,HumanControl(Clone)_-16746,27.370,17.680,35.174,1,HumanControl(Clone)_-16618,,
0,109.49,Human,HumanControl(Clone)_-16762,29.655,17.933,0.336,1,HumanControl(Clone)_-16538,,
0,109.49,Human,HumanControl(Clone)_-16794,30.000,16.969,21.926,1,HumanControl(Clone)_-16538,,
0,109.49,Human,HumanControl(Clone)_-16826,29.545,16.017,17.169,1,HumanControl(Clone)_-16698,,
0,109.49,Human,HumanControl(Clone)_-16986,27.002,12.155,22.457,1,HumanControl(Clone)_-16650,,
0,109.49,Human,HumanControl(Clone)_-17018,28.203,11.100,17.794,1,HumanControl(Clone)_-16650,,
0,109.49,Human,HumanControl(Clone)_-17098,28.356,12.101,7.883,1,HumanControl(Clone)_-16650,,
0,109.49,Human,HumanControl(Clone)_-17130,26.140,16.270,11.031,1,HumanControl(Clone)_-16698,,
0,109.99,Robot,RobotControl(Clone)_-17146,6.973,11.735,,,,,0
0,109.99,Robot,RobotControl(Clone)_-17164,34.669,64.701,,,,,0
0,109.99,Robot,RobotControl(Clone)_-17182,25.863,16.566,,,,,0
0,109.99,Human,HumanControl(Clone)_-16538,27.149,15.866,8.272,1,HumanControl(Clone)_-16698,,
0,109.99,Human,HumanControl(Clone)_-16570,7.090,8.268,98.863,0,,,
0,109.99,Human,HumanControl(Clone)_-16586,6.941,7.279,98.826,0,HumanControl(Clone)_-16570,,
0,109.99,Human,HumanControl(Clone)_-16602,29.040,17.867,15.863,1,HumanControl(Clone)_-16618,,
0,109.99,Human,HumanControl(Clone)_-16618,28.976,15.698,43.050,0,,,
0,109.99,Human,HumanControl(Clone)_-16634,28.153,16.266,33.650,1,HumanControl(Clone)_-16618,,
0,109.99,Human,HumanControl(Clone)_-16650,28.046,14.124,8.786,1,HumanControl(Clone)_-16666,,
0,109.99,Human,HumanControl(Clone)_-16666,27.625,17.601,10.170,1,HumanControl(Clone)_-16618,,
0,109.99,Human,HumanControl(Clone)_-16682,29.298,13.811,18.884,1,HumanControl(Clone)_-16666,,
0,109.99,Human,HumanControl(Clone)_-16698,29.257,18.893,13.391,1,HumanControl(Clone)_-16618,,
0,109.99,Human,HumanControl(Clone)_-16746,26.783,18.900,35.174,1,HumanControl(Clone)_-16618,,
0,109.99,Human,HumanControl(Clone)_-16794,29.976,15.294,21.926,1,HumanControl(Clone)_-16538,,
0,109.99,Human,HumanControl(Clone)_-16826,29.020,16.778,17.169,1,HumanControl(Clone)_-16698,,
0,109.99,Human,HumanControl(Clone)_-16986,28.626,13.069,22.457,1,HumanControl(Clone)_-16650,,
0,109.99,Human,HumanControl(Clone)_-17018,28.268,11.588,17.527,1,HumanControl(Clone)_-16650,,
0,109.99,Human,HumanControl(Clone)_-17098,29.990,12.323,7.216,1,HumanControl(Clone)_-16650,,
0,109.99,Human,HumanControl(Clone)_-17130,26.540,17.931,10.018,1,HumanControl(Clone)_-16698,,
0,110.49,Robot,RobotControl(Clone)_-17146,7.076,12.006,,,,,0
0,110.49,Robot,RobotControl(Clone)_-17164,34.240,60.724,,,,,0
0,110.49,Robot,RobotControl(Clone)_-17182,25.672,16.346,,,,,0
0,110.49,Human,HumanControl(Clone)_-16538,29.131,17.796,7.553,1,HumanControl(Clone)_-16698,,
0,110.49,Human,HumanControl(Clone)_-16570,7.090,8.268,98.863,0,,,
0,110.49,Human,HumanControl(Clone)_-16586,6.940,7.279,98.826,0,HumanControl(Clone)_-16570,,
0,110.49,Human,HumanControl(Clone)_-16602,29.873,15.580,15.863,1,HumanControl(Clone)_-16618,,
0,110.49,Human,HumanControl(Clone)_-16618,28.660,13.518,43.050,0,,,
0,110.49,Human,HumanControl(Clone)_-16634,28.861,15.838,33.519,1,HumanControl(Clone)_-16618,,
0,110.49,Human,HumanControl(Clone)_-16650,26.965,16.633,8.654,1,HumanControl(Clone)_-16666,,
0,110.49,Human,HumanControl(Clone)_-16666,29.640,16.930,9.233,1,HumanControl(Clone)_-16618,,
0,110.49,Human,HumanControl(Clone)_-16682,28.197,17.098,18.884,1,HumanControl(Clone)_-16666,,
0,110.49,Human,HumanControl(Clone)_-16698,28.640,14.520,13.191,1,HumanControl(Clone)_-16618,,
0,110.49,Human,HumanControl(Clone)_-16746,28.971,18.800,35.174,1,HumanControl(Clone)_-16618,,
0,110.49,Human,HumanControl(Clone)_-16794,27.465,13.224,21.661,1,HumanControl(Clone)_-16538,,
0,110.49,Human,HumanControl(Clone)_-16826,28.040,18.304,16.149,1,HumanControl(Clone)_-16698,,
0,110.49,Human,HumanControl(Clone)_-16986,26.387,12.392,22.457,1,HumanControl(Clone)_-16650,,
0,110.49,Human,HumanControl(Clone)_-17018,28.503,12.519,17.394,1,HumanControl(Clone)_-16650,,
0,110.49,Human,HumanControl(Clone)_-17098,29.577,13.087,7.216,1,HumanControl(Clone)_-16650,,
0,110.49,Human,HumanControl(Clone)_-17130,27.231,18.900,10.018,1,HumanControl(Clone)_-16698,,
0,110.99,Robot,RobotControl(Clone)_-17146,7.076,12.006,,,,,0
0,110.99,Robot,RobotControl(Clone)_-17164,34.026,58.736,,,,,0
0,110.99,Robot,RobotControl(Clone)_-17182,25.764,15.909,,,,,0
0,110.99,Human,HumanControl(Clone)_-16538,30.000,18.865,7.553,1,HumanControl(Clone)_-16698,,
0,110.99,Human,HumanControl(Clone)_-16570,7.090,8.268,98.863,0,,,
0,110.99,Human,HumanControl(Clone)_-16586,6.940,7.279,98.826,0,HumanControl(Clone)_-16570,,
0,110.99,Human,HumanControl(Clone)_-16602,29.776,14.419,15.863,1,HumanControl(Clone)_-16618,,
0,110.99,Human,HumanControl(Clone)_-16618,28.107,13.366,42.917,0,,,
0,110.99,Human,HumanControl(Clone)_-16634,28.144,15.297,33.519,1,HumanControl(Clone)_-16618,,
0,110.99,Human,HumanControl(Clone)_-16650,26.823,16.579,8.654,1,HumanControl(Clone)_-16666,,
0,110.99,Human,HumanControl(Clone)_-16666,30.000,16.084,9.233,1,HumanControl(Clone)_-16618,,
0,110.99,Human,HumanControl(Clone)_-16682,26.558,17.990,18.884,1,HumanControl(Clone)_-16666,,
0,110.99,Human,HumanControl(Clone)_-16698,28.803,14.189,13.191,1,HumanControl(Clone)_-16618,,
0,110.99,Human,HumanControl(Clone)_-16746,28.852,18.575,35.174,1,HumanControl(Clone)_-16618,,
0,110.99,Human,HumanControl(Clone)_-16794,25.837,13.662,20.118,1,HumanControl(Clone)_-16538,,
0,110.99,Human,HumanControl(Clone)_-16826,27.787,18.717,15.414,1,HumanControl(Clone)_-16698,,
0,110.99,Human,HumanControl(Clone)_-16986,23.957,13.059,21.412,1,HumanControl(Clone)_-16650,,
0,110.99,Human,HumanControl(Clone)_-17018,27.071,12.606,17.394,1,HumanControl(Clone)_-16650,,
0,110.99,Human,HumanControl(Clone)_-17098,28.820,11.949,7.216,1,HumanControl(Clone)_-16650,,
0,110.99,Human,HumanControl(Clone)_-17130,28.085,17.717,9.215,1,HumanControl(Clone)_-16698,,
0,111.49,Robot,RobotControl(Clone)_-17146,7.094,12.367,,,,,0
0,111.49,Robot,RobotControl(Clone)_-17164,33.840,54.748,,,,,0
0,111.49,Robot,RobotControl(Clone)_-17182,26.185,15.294,,,,,0
0,111.49,Human,HumanControl(Clone)_-16538,29.108,15.946,6.875,1,HumanControl(Clone)_-16698,,
0,111.49,Human,HumanControl(Clone)_-16570,7.090,8.268,98.863,0,,,
0,111.49,Human,HumanControl(Clone)_-16586,6.938,7.279,98.826,0,HumanControl(Clone)_-16570,,
0,111.49,Human,HumanControl(Clone)_-16602,27.619,11.575,15.396,1,HumanControl(Clone)_-16618,,
0,111.49,Human,HumanControl(Clone)_-16618,29.266,14.957,41.855,0,,,
0,111.49,Human,HumanControl(Clone)_-16634,27.420,14.361,33.320,1,HumanControl(Clone)_-16618,,
0,111.49,Human,HumanControl(Clone)_-16650,29.994,17.155,8.654,1,HumanControl(Clone)_-16666,,
0,111.49,Human,HumanControl(Clone)_-16666,28.494,14.229,8.835,1,HumanControl(Clone)_-16618,,
0,111.49,Human,HumanControl(Clone)_-16682,29.025,17.684,18.884,1,HumanControl(Clone)_-16666,,
0,111.49,Human,HumanControl(Clone)_-16698,28.454,12.139,12.924,1,HumanControl(Clone)_-16618,,
0,111.49,Human,HumanControl(Clone)_-16746,28.151,15.581,35.109,1,HumanControl(Clone)_-16618,,
0,111.49,Human,HumanControl(Clone)_-16794,24.908,15.672,19.913,1,HumanControl(Clone)_-16538,,
0,111.49,Human,HumanControl(Clone)_-16826,27.065,16.894,15.414,1,HumanControl(Clone)_-16698,,
0,111.49,Human,HumanControl(Clone)_-16986,24.434,16.835,21.412,1,HumanControl(Clone)_-16650,,
0,111.49,Human,HumanControl(Clone)_-17018,25.238,14.709,17.085,1,HumanControl(Clone)_-16650,,
0,111.49,Human,HumanControl(Clone)_-17098,25.901,13.189,7.216,1,HumanControl(Clone)_-16650,,
0,111.49,Human,HumanControl(Clone)_-17130,28.925,13.085,8.493,1,HumanControl(Clone)_-16698,,
0,111.99,Robot,RobotControl(Clone)_-17146,7.014,12.887,,,,,0
0,111.99,Robot,RobotControl(Clone)_-17164,34.134,52.769,,,,,0
0,111.99,Robot,RobotControl(Clone)_-17182,26.018,14.836,,,,,0
0,111.99,Human,HumanControl(Clone)_-16538,29.348,13.029,6.875,1,HumanControl(Clone)_-16698,,
0,111.99,Human,HumanControl(Clone)_-16570,7.090,8.268,98.863,0,,,
0,111.99,Human,HumanControl(Clone)_-16586,6.937,7.279,98.826,0,HumanControl(Clone)_-16570,,
0,111.99,Human,HumanControl(Clone)_-16602,26.023,12.173,13.630,1,HumanControl(Clone)_-16618,,
0,111.99,Human,HumanControl(Clone)_-16618,28.277,15.399,41.855,0,,,
0,111.99,Human,HumanControl(Clone)_-16634,27.128,14.640,33.320,1,HumanControl(Clone)_-16618,,
0,111.99,Human,HumanControl(Clone)_-16650,30.000,16.153,8.654,1,HumanControl(Clone)_-16666,,
0,111.99,Human,HumanControl(Clone)_-16666,28.353,13.881,8.436,1,HumanControl(Clone)_-16618,,
0,111.99,Human,HumanControl(Clone)_-16682,27.805,17.835,18.616,1,HumanControl(Clone)_-16666,,
0,111.99,Human,HumanControl(Clone)_-16698,28.181,12.132,11.722,1,HumanControl(Clone)_-16618,,
0,111.99,Human,HumanControl(Clone)_-16746,27.406,13.351,33.658,1,HumanControl(Clone)_-16618,,
0,111.99,Human,HumanControl(Clone)_-16794,25.388,17.230,19.913,1,HumanControl(Clone)_-16538,,
0,111.99,Human,HumanControl(Clone)_-16826,27.294,15.655,14.629,1,HumanControl(Clone)_-16698,,
0,111.99,Human,HumanControl(Clone)_-16986,24.487,18.642,21.412,1,HumanControl(Clone)_-16650,,
0,111.99,Human,HumanControl(Clone)_-17018,25.715,16.226,15.565,1,HumanControl(Clone)_-16650,,
0,111.99,Human,HumanControl(Clone)_-17098,26.069,13.444,5.982,1,HumanControl(Clone)_-16650,,
0,111.99,Human,HumanControl(Clone)_-17130,27.560,11.229,8.359,1,HumanControl(Clone)_-16698,,
0,112.49,Robot,RobotControl(Clone)_-17146,6.960,13.385,,,,,0
0,112.49,Robot,RobotControl(Clone)_-17164,34.848,48.834,,,,,0
0,112.49,Robot,RobotControl(Clone)_-17182,25.976,14.205,,,,,0
0,112.49,Human,HumanControl(Clone)_-16538,27.961,11.106,6.875,1,HumanControl(Clone)_-16698,,
0,112.49,Human,HumanControl(Clone)_-16570,7.090,8.268,98.863,0,,,
0,112.49,Human,HumanControl(Clone)_-16586,6.936,7.280,98.826,0,HumanControl(Clone)_-16570,,
0,112.49,Human,HumanControl(Clone)_-16602,26.983,13.206,13.421,1,HumanControl(Clone)_-16618,,
0,112.49,Human,HumanControl(Clone)_-16618,28.868,17.256,41.855,0,,,
0,112.49,Human,HumanControl(Clone)_-16634,29.069,15.670,33.320,1,HumanControl(Clone)_-16618,,
0,112.49,Human,HumanControl(Clone)_-16650,29.903,13.336,8.654,1,HumanControl(Clone)_-16666,,
0,112.49,Human,HumanControl(Clone)_-16666,28.718,13.307,8.237,1,HumanControl(Clone)_-16618,,
0,112.49,Human,HumanControl(Clone)_-16682,27.837,15.316,18.351,1,HumanControl(Clone)_-16666,,
0,112.49,Human,HumanControl(Clone)_-16698,30.001,14.961,11.589,1,HumanControl(Clone)_-16618,,
0,112.49,Human,HumanControl(Clone)_-16746,29.367,12.299,32.590,1,HumanControl(Clone)_-16618,,
0,112.49,Human,HumanControl(Clone)_-16794,27.741,17.344,19.913,1,HumanControl(Clone)_-16538,,
0,112.49,Human,HumanControl(Clone)_-16826,27.667,12.475,14.562,1,HumanControl(Clone)_-16698,,
0,112.49,Human,HumanControl(Clone)_-16986,28.073,18.295,20.944,1,HumanControl(Clone)_-16650,,
0,112.49,Human,HumanControl(Clone)_-17018,28.284,16.368,14.905,1,HumanControl(Clone)_-16650,,
0,112.49,Human,HumanControl(Clone)_-17098,34.507,16.590,5.982,1,HumanControl(Clone)_-16650,,
0,112.49,Human,HumanControl(Clone)_-17130,26.464,12.247,8.150,1,HumanControl(Clone)_-16698,,
0,112.99,Robot,RobotControl(Clone)_-17146,6.960,13.385,,,,,0
0,112.99,Robot,RobotControl(Clone)_-17164,35.500,40.835,,,,,0
0,112.99,Robot,RobotControl(Clone)_-17182,25.842,13.720,,,,,0
0,112.99,Human,HumanControl(Clone)_-16538,27.919,12.460,6.675,1,HumanControl(Clone)_-16698,,
0,112.99,Human,HumanControl(Clone)_-16570,7.090,8.268,98.863,0,,,
0,112.99,Human,HumanControl(Clone)_-16586,6.936,7.280,98.826,0,HumanControl(Clone)_-16570,,
0,112.99,Human,HumanControl(Clone)_-16602,27.467,15.749,13.421,1,HumanControl(Clone)_-16618,,
0,112.99,Human,HumanControl(Clone)_-16618,28.148,17.350,41.855,0,,,
0,112.99,Human,HumanControl(Clone)_-16634,27.327,16.778,33.320,1,HumanControl(Clone)_-16618,,
0,112.99,Human,HumanControl(Clone)_-16650,29.720,13.481,8.654,1,HumanControl(Clone)_-16666,,
0,112.99,Human,HumanControl(Clone)_-16666,28.487,15.123,8.237,1,HumanControl(Clone)_-16618,,
0,112.99,Human,HumanControl(Clone)_-16682,27.577,14.631,17.820,1,HumanControl(Clone)_-16666,,
0,112.99,Human,HumanControl(Clone)_-16698,29.050,16.608,11.589,1,HumanControl(Clone)_-16618,,
0,112.99,Human,HumanControl(Clone)_-16746,29.732,14.536,32.590,1,HumanControl(Clone)_-16618,,
0,112.99,Human,HumanControl(Clone)_-16794,26.137,16.589,18.699,1,HumanControl(Clone)_-16538,,
0,112.99,Human,HumanControl(Clone)_-16826,26.897,11.640,14.295,1,HumanControl(Clone)_-16698,,
0,112.99,Human,HumanControl(Clone)_-16986,34.704,15.613,20.275,1,HumanControl(Clone)_-16650,,
0,112.99,Human,HumanControl(Clone)_-17018,30.000,15.497,14.251,1,HumanControl(Clone)_-16650,,
0,112.99,Human,HumanControl(Clone)_-17098,34.551,16.605,5.982,1,HumanControl(Clone)_-16650,,
0,112.99,Human,HumanControl(Clone)_-17130,27.305,13.249,7.106,1,HumanControl(Clone)_-16698,,
0,113.49,Robot,RobotControl(Clone)_-17146,6.756,14.039,,,,,0
0,113.49,Robot,RobotControl(Clone)_-17164,35.500,36.835,,,,,0
0,113.49,Robot,RobotControl(Clone)_-17182,25.854,13.290,,,,,0
0,113.49,Human,HumanControl(Clone)_-16538,29.695,16.394,6.541,1,HumanControl(Clone)_-16698,,
0,113.49,Human,HumanControl(Clone)_-16570,7.090,8.268,98.863,0,,,
0,113.49,Human,HumanControl(Clone)_-16586,6.935,7.280,98.826,0,HumanControl(Clone)_-16570,,
0,113.49,Human,HumanControl(Clone)_-16602,27.390,18.895,12.350,1,HumanControl(Clone)_-16618,,
0,113.49,Human,HumanControl(Clone)_-16618,27.880,13.930,41.131,1,,,
0,113.49,Human,HumanControl(Clone)_-16634,28.162,17.233,32.852,1,HumanControl(Clone)_-16618,,
0,113.49,Human,HumanControl(Clone)_-16650,28.371,14.877,8.654,1,HumanControl(Clone)_-16666,,
0,113.49,Human,HumanControl(Clone)_-16666,27.689,15.983,7.976,1,HumanControl(Clone)_-16618,,
0,113.49,Human,HumanControl(Clone)_-16682,29.712,13.715,17.820,1,HumanControl(Clone)_-16666,,
0,113.49,Human,HumanControl(Clone)_-16698,28.991,18.894,11.522,1,HumanControl(Clone)_-16618,,
0,113.49,Human,HumanControl(Clone)_-16746,28.628,16.420,32.590,1,HumanControl(Clone)_-16618,,
0,113.49,Human,HumanControl(Clone)_-16794,25.120,13.872,18.699,1,HumanControl(Clone)_-16538,,
0,113.49,Human,HumanControl(Clone)_-16826,28.827,13.248,13.227,1,HumanControl(Clone)_-16698,,
0,113.49,Human,HumanControl(Clone)_-16986,36.432,15.361,20.275,1,HumanControl(Clone)_-16650,,
0,113.49,Human,HumanControl(Clone)_-17018,29.996,15.313,14.251,1,HumanControl(Clone)_-16650,,
0,113.49,Human,HumanControl(Clone)_-17098,33.047,16.161,5.982,1,HumanControl(Clone)_-16650,,
0,113.49,Human,HumanControl(Clone)_-17130,26.695,13.752,6.907,1,HumanControl(Clone)_-16698,,
0,113.99,Robot,RobotControl(Clone)_-17146,6.681,14.017,,,,,0
0,113.99,Robot,RobotControl(Clone)_-17164,35.500,34.835,,,,,0
0,113.99,Robot,RobotControl(Clone)_-17182,24.610,12.592,,,,,0
0,113.99,Human,HumanControl(Clone)_-16538,29.716,18.900,6.541,1,HumanControl(Clone)_-16698,,
0,113.99,Human,HumanControl(Clone)_-16570,7.090,8.268,98.863,0,,,
0,113.99,Human,HumanControl(Clone)_-16586,6.934,7.280,98.826,0,HumanControl(Clone)_-16570,,
0,113.99,Human,HumanControl(Clone)_-16602,27.572,18.495,11.882,1,HumanControl(Clone)_-16618,,
0,113.99,Human,HumanControl(Clone)_-16618,34.487,13.953,40.866,1,,,
0,113.99,Human,HumanControl(Clone)_-16634,27.095,14.942,32.852,1,HumanControl(Clone)_-16618,,
0,113.99,Human,HumanControl(Clone)_-16650,25.732,15.773,7.235,1,HumanControl(Clone)_-16666,,
0,113.99,Human,HumanControl(Clone)_-16666,26.293,16.702,7.845,1,HumanControl(Clone)_-16618,,
0,113.99,Human,HumanControl(Clone)_-16682,27.894,15.552,17.559,1,HumanControl(Clone)_-16666,,
0,113.99,Human,HumanControl(Clone)_-16698,29.309,17.984,11.522,1,HumanControl(Clone)_-16618,,
0,113.99,Human,HumanControl(Clone)_-16746,27.177,17.305,32.133,1,HumanControl(Clone)_-16618,,
0,113.99,Human,HumanControl(Clone)_-16794,26.104,13.254,18.699,1,HumanControl(Clone)_-16538,,
0,113.99,Human,HumanControl(Clone)_-16826,27.036,13.609,12.895,1,HumanControl(Clone)_-16698,,
0,113.99,Human,HumanControl(Clone)_-16986,34.485,15.210,20.275,1,HumanControl(Clone)_-16650,,
0,113.99,Human,HumanControl(Clone)_-17018,30.000,13.363,14.251,1,HumanControl(Clone)_-16650,,
0,113.99,Human,HumanControl(Clone)_-17098,33.076,16.184,5.982,1,HumanControl(Clone)_-16650,,
0,113.99,Human,HumanControl(Clone)_-17130,26.242,14.310,5.982,1,HumanControl(Clone)_-16698,,
0,114.49,Robot,RobotControl(Clone)_-17146,6.635,14.441,,,,,0
0,114.49,Robot,RobotControl(Clone)_-17164,35.500,30.836,,,,,0
0,114.49,Robot,RobotControl(Clone)_-17182,27.479,13.476,,,,,0
0,114.49,Human,HumanControl(Clone)_-16538,28.686,18.732,6.541,1,HumanControl(Clone)_-16698,,
0,114.49,Human,HumanControl(Clone)_-16570,7.090,8.268,98.863,0,,,
0,114.49,Human,HumanControl(Clone)_-16586,6.934,7.280,98.826,0,HumanControl(Clone)_-16570,,
0,114.49,Human,HumanControl(Clone)_-16602,34.968,15.463,11.356,1,HumanControl(Clone)_-16618,,
0,114.49,Human,HumanControl(Clone)_-16618,36.031,14.187,39.712,1,,,
0,114.49,Human,HumanControl(Clone)_-16634,28.396,12.686,32.852,1,HumanControl(Clone)_-16618,,
0,114.49,Human,HumanControl(Clone)_-16650,25.344,17.459,7.032,1,HumanControl(Clone)_-16666,,
0,114.49,Human,HumanControl(Clone)_-16666,23.947,15.123,7.200,1,HumanControl(Clone)_-16618,,
0,114.49,Human,HumanControl(Clone)_-16682,27.427,18.474,17.428,1,HumanControl(Clone)_-16666,,
0,114.49,Human,HumanControl(Clone)_-16698,36.944,15.356,11.522,1,HumanControl(Clone)_-16618,,
0,114.49,Human,HumanControl(Clone)_-16746,26.200,14.341,30.401,1,HumanControl(Clone)_-16618,,
0,114.49,Human,HumanControl(Clone)_-16794,28.125,14.850,18.300,1,HumanControl(Clone)_-16538,,
0,114.49,Human,HumanControl(Clone)_-16826,25.333,16.140,12.794,1,HumanControl(Clone)_-16698,,
0,114.49,Human,HumanControl(Clone)_-16986,31.208,15.035,20.275,1,HumanControl(Clone)_-16650,,
0,114.49,Human,HumanControl(Clone)_-17018,28.248,11.633,12.716,1,HumanControl(Clone)_-16650,,
0,114.49,Human,HumanControl(Clone)_-17098,26.438,15.502,5.273,1,HumanControl(Clone)_-16650,,
0,114.49,Human,HumanControl(Clone)_-17130,29.169,17.752,5.122,1,HumanControl(Clone)_-16698,,
0,114.99,Robot,RobotControl(Clone)_-17146,6.635,14.441,,,,,0
0,114.99,Robot,RobotControl(Clone)_-17164,35.500,28.836,,,,,0
0,114.99,Robot,RobotControl(Clone)_-17182,28.147,13.682,,,,,0
0,114.99,Human,HumanControl(Clone)_-16538,34.746,15.502,6.541,1,HumanControl(Clone)_-16698,,
0,114.99,Human,HumanControl(Clone)_-16570,7.089,8.268,98.863,0,,,
0,114.99,Human,HumanControl(Clone)_-16586,6.934,7.280,98.826,0,HumanControl(Clone)_-16570,,
0,114.99,Human,HumanControl(Clone)_-16602,37.431,15.764,11.356,1,HumanControl(Clone)_-16618,,
0,114.99,Human,HumanControl(Clone)_-16618,34.006,14.705,39.250,1,,,
0,114.99,Human,HumanControl(Clone)_-16634,29.993,13.373,32.852,1,HumanControl(Clone)_-16618,,
0,114.99,Human,HumanControl(Clone)_-16650,23.016,16.635,7.032,1,HumanControl(Clone)_-16666,,
0,114.99,Human,HumanControl(Clone)_-16666,25.161,14.857,7.200,1,HumanControl(Clone)_-16618,,
0,114.99,Human,HumanControl(Clone)_-16682,25.764,18.549,17.428,1,HumanControl(Clone)_-16666,,
0,114.99,Human,HumanControl(Clone)_-16698,36.990,14.124,11.522,1,HumanControl(Clone)_-16618,,
0,114.99,Human,HumanControl(Clone)_-16746,27.191,14.005,28.842,1,HumanControl(Clone)_-16618,,
0,114.99,Human,HumanControl(Clone)_-16794,28.732,16.464,18.300,1,HumanControl(Clone)_-16538,,
0,114.99,Human,HumanControl(Clone)_-16826,26.916,16.072,12.794,1,HumanControl(Clone)_-16698,,
0,114.99,Human,HumanControl(Clone)_-16986,31.242,15.852,20.275,1,HumanControl(Clone)_-16650,,
0,114.99,Human,HumanControl(Clone)_-17018,28.253,11.313,12.115,1,HumanControl(Clone)_-16650,,
0,114.99,Human,HumanControl(Clone)_-17098,24.409,15.521,2.647,1,HumanControl(Clone)_-16650,,
0,114.99,Human,HumanControl(Clone)_-17130,29.993,18.880,5.122,1,HumanControl(Clone)_-16698,,
0,115.49,Robot,RobotControl(Clone)_-17146,6.929,10.451,,,,,0
0,115.49,Robot,RobotControl(Clone)_-17164,35.500,18.335,,,,,0
0,115.49,Robot,RobotControl(Clone)_-17182,29.544,14.292,,,,,0
0,115.49,Human,HumanControl(Clone)_-16538,37.736,14.194,6.221,1,HumanControl(Clone)_-16698,,
0,115.49,Human,HumanControl(Clone)_-16570,7.089,8.268,98.863,0,,,
0,115.49,Human,HumanControl(Clone)_-16586,6.933,7.280,98.826,0,HumanControl(Clone)_-16570,,
0,115.49,Human,HumanControl(Clone)_-16602,38.724,14.456,11.310,1,HumanControl(Clone)_-16618,,
0,115.49,Human,HumanControl(Clone)_-16618,32.325,14.853,39.250,1,,,
0,115.49,Human,HumanControl(Clone)_-16634,33.013,15.591,32.852,1,HumanControl(Clone)_-16618,,
0,115.49,Human,HumanControl(Clone)_-16650,22.740,14.700,7.032,1,HumanControl(Clone)_-16666,,
0,115.49,Human,HumanControl(Clone)_-16666,34.556,13.476,7.200,1,HumanControl(Clone)_-16618,,
0,115.49,Human,HumanControl(Clone)_-16682,24.151,15.396,17.428,1,HumanControl(Clone)_-16666,,
0,115.49,Human,HumanControl(Clone)_-16698,35.739,14.533,11.522,1,HumanControl(Clone)_-16618,,
0,115.49,Human,HumanControl(Clone)_-16746,34.005,15.382,28.842,1,HumanControl(Clone)_-16618,,
0,115.49,Human,HumanControl(Clone)_-16794,27.677,17.006,17.899,1,HumanControl(Clone)_-16538,,
0,115.49,Human,HumanControl(Clone)_-16826,32.960,17.981,12.794,1,HumanControl(Clone)_-16698,,
0,115.49,Human,HumanControl(Clone)_-16986,31.215,15.606,20.275,1,HumanControl(Clone)_-16650,,
0,115.49,Human,HumanControl(Clone)_-17018,26.610,14.404,12.115,1,HumanControl(Clone)_-16650,,
0,115.49,Human,HumanControl(Clone)_-17098,24.302,18.557,2.432,1,HumanControl(Clone)_-16650,,
0,115.49,Human,HumanControl(Clone)_-17130,29.993,17.051,5.122,1,HumanControl(Clone)_-16698,,
0,115.99,Robot,RobotControl(Clone)_-17146,6.678,11.105,,,,,0
0,115.99,Robot,RobotControl(Clone)_-17164,35.755,16.706,,,,,1
0,115.99,Robot,RobotControl(Clone)_-17182,29.344,14.193,,,,,0
0,115.99,Human,HumanControl(Clone)_-16538,37.836,14.080,5.078,1,HumanControl(Clone)_-16698,,
0,115.99,Human,HumanControl(Clone)_-16570,7.089,8.268,98.863,0,,,
0,115.99,Human,HumanControl(Clone)_-16586,6.933,7.280,98.826,0,HumanControl(Clone)_-16570,,
0,115.99,Human,HumanControl(Clone)_-16602,36.984,14.727,11.310,1,HumanControl(Clone)_-16618,,
0,115.99,Human,HumanControl(Clone)_-16618,33.015,16.604,39.250,1,RobotControl(Clone)_-17164,,
0,115.99,Human,HumanControl(Clone)_-16634,32.652,15.624,32.852,1,HumanControl(Clone)_-16618,,
0,115.99,Human,HumanControl(Clone)_-16650,24.498,14.167,7.032,1,HumanControl(Clone)_-16666,,
0,115.99,Human,HumanControl(Clone)_-16666,32.922,14.106,7.200,1,HumanControl(Clone)_-16618,,
0,115.99,Human,HumanControl(Clone)_-16682,25.300,13.473,17.428,1,HumanControl(Clone)_-16666,,
0,115.99,Human,HumanControl(Clone)_-16698,33.783,15.859,10.750,1,HumanControl(Clone)_-16618,,
0,115.99,Human,HumanControl(Clone)_-16746,34.204,14.704,28.842,1,HumanControl(Clone)_-16618,,
0,115.99,Human,HumanControl(Clone)_-16794,35.098,15.253,17.899,1,HumanControl(Clone)_-16538,,
0,115.99,Human,HumanControl(Clone)_-16826,34.122,19.502,12.153,1,HumanControl(Clone)_-16698,,
0,115.99,Human,HumanControl(Clone)_-16986,31.248,13.879,20.275,1,HumanControl(Clone)_-16650,,
0,115.99,Human,HumanControl(Clone)_-17018,24.692,15.564,12.115,1,HumanControl(Clone)_-16650,,
0,115.99,Human,HumanControl(Clone)_-17098,23.662,18.309,0.837,1,HumanControl(Clone)_-16650,,
0,115.99,Human,HumanControl(Clone)_-17130,29.936,15.433,5.122,1,HumanControl(Clone)_-16698,,
0,116.49,Robot,RobotControl(Clone)_-17146,6.544,11.737,,,,,0
0,116.49,Robot,RobotControl(Clone)_-17164,32.671,16.432,,,,,1
0,116.49,Robot,RobotControl(Clone)_-17182,29.896,14.803,,,,,0
0,116.49,Human,HumanControl(Clone)_-16538,35.382,15.298,4.986,1,HumanControl(Clone)_-16698,,
0,116.49,Human,HumanControl(Clone)_-16570,7.089,8.268,98.863,0,,,
0,116.49,Human,HumanControl(Clone)_-16586,6.932,7.280,98.826,0,HumanControl(Clone)_-16570,,
0,116.49,Human,HumanControl(Clone)_-16602,33.770,14.172,10.248,1,HumanControl(Clone)_-16618,,
0,116.49,Human,HumanControl(Clone)_-16618,35.433,18.961,38.519,1,RobotControl(Clone)_-17164,,
0,116.49,Human,HumanControl(Clone)_-16634,31.786,15.923,31.901,1,HumanControl(Clone)_-16618,,
0,116.49,Human,HumanControl(Clone)_-16650,34.824,14.468,5.170,1,HumanControl(Clone)_-16666,,
0,116.49,Human,HumanControl(Clone)_-16666,32.675,15.397,7.113,1,HumanControl(Clone)_-16618,,
0,116.49,Human,HumanControl(Clone)_-16682,28.373,13.529,17.428,1,HumanControl(Clone)_-16666,,
0,116.49,Human,HumanControl(Clone)_-16698,33.772,15.938,10.389,1,HumanControl(Clone)_-16618,,
0,116.49,Human,HumanControl(Clone)_-16746,31.394,14.435,28.242,1,HumanControl(Clone)_-16618,,
0,116.49,Human,HumanControl(Clone)_-16794,37.456,13.940,17.899,1,HumanControl(Clone)_-16538,,
0,116.49,Human,HumanControl(Clone)_-16826,34.877,17.288,12.067,1,HumanControl(Clone)_-16698,,
0,116.49,Human,HumanControl(Clone)_-16986,27.008,11.106,19.207,1,HumanControl(Clone)_-16650,,
0,116.49,Human,HumanControl(Clone)_-17018,24.068,15.340,12.115,1,HumanControl(Clone)_-16650,,
0,116.49,Human,HumanControl(Clone)_-17098,22.824,14.686,0.624,1,HumanControl(Clone)_-16650,,
0,116.49,Human,HumanControl(Clone)_-17130,29.997,13.172,5.122,1,HumanControl(Clone)_-16698,,
0,116.99,Robot,RobotControl(Clone)_-17146,6.544,11.737,,,,,0
0,116.99,Robot,RobotControl(Clone)_-17164,31.214,16.797,,,,,1
0,116.99,Robot,RobotControl(Clone)_-17182,28.115,15.616,,,,,0
0,116.99,Human,HumanControl(Clone)_-16538,34.373,15.832,4.420,1,HumanControl(Clone)_-16698,,
0,116.99,Human,HumanControl(Clone)_-16570,7.089,8.268,98.863,0,,,
0,116.99,Human,HumanControl(Clone)_-16586,6.932,7.280,98.826,0,HumanControl(Clone)_-16570,,
0,116.99,Human,HumanControl(Clone)_-16602,32.187,15.255,9.787,1,HumanControl(Clone)_-16618,,
0,116.99,Human,HumanControl(Clone)_-16618,36.278,17.474,38.519,1,RobotControl(Clone)_-17164,,
0,116.99,Human,HumanControl(Clone)_-16634,32.151,18.347,30.801,1,HumanControl(Clone)_-16618,,
0,116.99,Human,HumanControl(Clone)_-16650,36.795,14.455,5.170,1,HumanControl(Clone)_-16666,,
0,116.99,Human,HumanControl(Clone)_-16666,32.367,16.394,6.434,1,HumanControl(Clone)_-16618,,
0,116.99,Human,HumanControl(Clone)_-16682,33.910,14.119,16.257,1,HumanControl(Clone)_-16666,,
0,116.99,Human,HumanControl(Clone)_-16698,34.086,18.125,9.189,1,HumanControl(Clone)_-16618,,
0,116.99,Human,HumanControl(Clone)_-16746,31.200,15.425,28.242,1,HumanControl(Clone)_-16618,,
0,116.99,Human,HumanControl(Clone)_-16794,37.764,13.994,16.939,1,HumanControl(Clone)_-16538,,
0,116.99,Human,HumanControl(Clone)_-16826,35.399,16.100,12.067,1,HumanControl(Clone)_-16698,,
0,116.99,Human,HumanControl(Clone)_-16986,26.678,11.649,19.207,1,HumanControl(Clone)_-16650,,
0,116.99,Human,HumanControl(Clone)_-17018,25.891,14.758,12.115,1,HumanControl(Clone)_-16650,,
0,116.99,Human,HumanControl(Clone)_-17098,24.517,13.638,0.624,1,HumanControl(Clone)_-16650,,
0,116.99,Human,HumanControl(Clone)_-17130,29.989,13.879,5.122,1,HumanControl(Clone)_-16698,,
0,117.49,Robot,RobotControl(Clone)_-17146,6.365,12.398,,,,,0
0,117.49,Robot,RobotControl(Clone)_-17164,31.206,15.368,,,,,1
0,117.49,Robot,RobotControl(Clone)_-17182,27.036,16.091,,,,,0
0,117.49,Human,HumanControl(Clone)_-16538,34.873,17.204,3.493,1,HumanControl(Clone)_-16698,,
0,117.49,Human,HumanControl(Clone)_-16570,7.089,8.268,98.863,0,,,
0,117.49,Human,HumanControl(Clone)_-16586,6.932,7.280,98.826,0,HumanControl(Clone)_-16570,,
0,117.49,Human,HumanControl(Clone)_-16602,34.130,18.113,9.467,1,HumanControl(Clone)_-16618,,
0,117.49,Human,HumanControl(Clone)_-16618,33.216,16.248,38.519,1,RobotControl(Clone)_-17164,,
0,117.49,Human,HumanControl(Clone)_-16634,33.874,19.393,30.715,1,HumanControl(Clone)_-16618,,
0,117.49,Human,HumanControl(Clone)_-16650,35.019,15.231,5.170,1,HumanControl(Clone)_-16666,,
0,117.49,Human,HumanControl(Clone)_-16666,35.895,19.288,5.613,1,HumanControl(Clone)_-16618,,
0,117.49,Human,HumanControl(Clone)_-16682,35.926,14.504,15.426,1,HumanControl(Clone)_-16666,,
0,117.49,Human,HumanControl(Clone)_-16698,34.997,19.946,9.098,1,HumanControl(Clone)_-16618,,
0,117.49,Human,HumanControl(Clone)_-16746,33.819,17.067,27.563,1,HumanControl(Clone)_-16618,,
0,117.49,Human,HumanControl(Clone)_-16794,35.939,16.270,16.704,1,HumanControl(Clone)_-16538,,
0,117.49,Human,HumanControl(Clone)_-16826,35.139,18.179,11.400,1,HumanControl(Clone)_-16698,,
0,117.49,Human,HumanControl(Clone)_-16986,34.688,14.251,19.207,1,HumanControl(Clone)_-16650,,
0,117.49,Human,HumanControl(Clone)_-17018,33.981,15.232,12.115,1,HumanControl(Clone)_-16650,,
0,117.49,Human,HumanControl(Clone)_-17098,28.489,13.969,0.160,1,HumanControl(Clone)_-16650,,
0,117.49,Human,HumanControl(Clone)_-17130,36.926,13.952,5.122,1,HumanControl(Clone)_-16698,,
0,117.99,Robot,RobotControl(Clone)_-17146,6.172,12.970,,,,,0
0,117.99,Robot,RobotControl(Clone)_-17164,26.451,15.454,,,,,1
0,117.99,Robot,RobotControl(Clone)_-17182,28.143,16.113,,,,,0
0,117.99,Human,HumanControl(Clone)_-16538,34.522,18.025,3.493,1,HumanControl(Clone)_-16698,,
0,117.99,Human,HumanControl(Clone)_-16570,7.089,8.268,98.863,0,,,
0,117.99,Human,HumanControl(Clone)_-16586,6.932,7.280,98.826,0,HumanControl(Clone)_-16570,,
0,117.99,Human,HumanControl(Clone)_-16602,36.023,17.680,8.331,1,HumanControl(Clone)_-16618,,
0,117.99,Human,HumanControl(Clone)_-16618,32.503,16.615,38.519,1,RobotControl(Clone)_-17164,,
0,117.99,Human,HumanControl(Clone)_-16634,35.025,18.975,30.415,1,HumanControl(Clone)_-16618,,
0,117.99,Human,HumanControl(Clone)_-16650,33.486,17.021,5.170,1,HumanControl(Clone)_-16666,,
0,117.99,Human,HumanControl(Clone)_-16666,37.731,19.766,4.956,1,HumanControl(Clone)_-16618,,
0,117.99,Human,HumanControl(Clone)_-16682,36.332,15.865,14.295,1,HumanControl(Clone)_-16666,,
0,117.99,Human,HumanControl(Clone)_-16698,36.480,18.857,9.098,1,HumanControl(Clone)_-16618,,
0,117.99,Human,HumanControl(Clone)_-16746,33.610,15.730,26.790,1,HumanControl(Clone)_-16618,,
0,117.99,Human,HumanControl(Clone)_-16794,35.225,15.948,16.227,1,HumanControl(Clone)_-16538,,
0,117.99,Human,HumanControl(Clone)_-16826,34.903,20.741,11.400,1,HumanControl(Clone)_-16698,,
0,117.99,Human,HumanControl(Clone)_-16986,34.461,14.418,19.069,1,HumanControl(Clone)_-16650,,
0,117.99,Human,HumanControl(Clone)_-17018,35.489,14.674,12.115,1,HumanControl(Clone)_-16650,,
0,117.99,Human,HumanControl(Clone)_-17130,37.773,14.788,5.122,1,HumanControl(Clone)_-16698,,
0,118.49,Robot,RobotControl(Clone)_-17146,6.029,13.683,,,,,0
0,118.49,Robot,RobotControl(Clone)_-17164,24.550,16.230,,,,,1
0,118.49,Robot,RobotControl(Clone)_-17182,36.472,15.403,,,,,0
0,118.49,Human,HumanControl(Clone)_-16538,34.686,19.313,3.447,1,HumanControl(Clone)_-16698,,
0,118.49,Human,HumanControl(Clone)_-16570,7.089,8.268,98.863,0,,,
0,118.49,Human,HumanControl(Clone)_-16586,6.931,7.280,98.826,0,HumanControl(Clone)_-16570,,
0,118.49,Human,HumanControl(Clone)_-16602,34.908,15.067,7.811,1,HumanControl(Clone)_-16618,,
0,118.49,Human,HumanControl(Clone)_-16618,28.207,18.009,38.051,1,RobotControl(Clone)_-17164,,
0,118.49,Human,HumanControl(Clone)_-16634,33.532,15.486,30.055,1,HumanControl(Clone)_-16618,,
0,118.49,Human,HumanControl(Clone)_-16650,34.569,20.610,5.170,1,HumanControl(Clone)_-16666,,
0,118.49,Human,HumanControl(Clone)_-16666,36.365,18.555,4.778,1,HumanControl(Clone)_-16618,,
0,118.49,Human,HumanControl(Clone)_-16682,37.379,18.840,14.109,1,HumanControl(Clone)_-16666,,
0,118.49,Human,HumanControl(Clone)_-16698,35.372,18.438,8.509,1,HumanControl(Clone)_-16618,,
0,118.49,Human,HumanControl(Clone)_-16746,32.049,17.035,26.481,1,HumanControl(Clone)_-16618,,
0,118.49,Human,HumanControl(Clone)_-16794,34.672,17.447,16.037,1,HumanControl(Clone)_-16538,,
0,118.49,Human,HumanControl(Clone)_-16826,35.544,21.074,11.400,1,HumanControl(Clone)_-16698,,
0,118.49,Human,HumanControl(Clone)_-16986,32.601,15.102,18.238,1,HumanControl(Clone)_-16650,,
0,118.49,Human,HumanControl(Clone)_-17018,34.768,16.264,11.961,1,HumanControl(Clone)_-16650,,
0,118.49,Human,HumanControl(Clone)_-17130,37.271,17.842,4.985,1,HumanControl(Clone)_-16698,,
0,118.99,Robot,RobotControl(Clone)_-17146,6.029,13.683,,,,,0
0,118.99,Robot,RobotControl(Clone)_-17164,26.376,17.093,,,,,1
0,118.99,Robot,RobotControl(Clone)_-17182,36.181,15.126,,,,,0
0,118.99,Human,HumanControl(Clone)_-16538,34.963,20.571,3.319,1,HumanControl(Clone)_-16698,,
0,118.99,Human,HumanControl(Clone)_-16570,7.089,8.268,98.863,0,,,
0,118.99,Human,HumanControl(Clone)_-16586,6.931,7.280,98.826,0,HumanControl(Clone)_-16570,,
0,118.99,Human,HumanControl(Clone)_-16602,33.155,15.174,7.811,1,HumanControl(Clone)_-16618,,
0,118.99,Human,HumanControl(Clone)_-16618,26.987,18.867,37.382,1,RobotControl(Clone)_-17164,,
0,118.99,Human,HumanControl(Clone)_-16634,26.298,14.654,30.055,1,HumanControl(Clone)_-16618,,
0,118.99,Human,HumanControl(Clone)_-16650,36.109,20.873,5.127,1,HumanControl(Clone)_-16666,,
0,118.99,Human,HumanControl(Clone)_-16666,34.555,17.628,4.778,1,HumanControl(Clone)_-16618,,
0,118.99,Human,HumanControl(Clone)_-16682,37.494,18.517,14.109,1,HumanControl(Clone)_-16666,,
0,118.99,Human,HumanControl(Clone)_-16698,33.491,17.971,8.509,1,HumanControl(Clone)_-16618,,
0,118.99,Human,HumanControl(Clone)_-16746,31.866,16.970,26.481,1,HumanControl(Clone)_-16618,,
0,118.99,Human,HumanControl(Clone)_-16794,34.501,19.370,16.037,1,HumanControl(Clone)_-16538,,
0,118.99,Human,HumanControl(Clone)_-16826,35.921,19.762,10.748,1,HumanControl(Clone)_-16698,,
0,118.99,Human,HumanControl(Clone)_-16986,31.859,15.552,17.559,1,HumanControl(Clone)_-16650,,
0,118.99,Human,HumanControl(Clone)_-17018,35.810,17.218,11.961,1,HumanControl(Clone)_-16650,,
0,118.99,Human,HumanControl(Clone)_-17130,36.487,18.538,4.896,1,HumanControl(Clone)_-16698,,
0,119.49,Robot,RobotControl(Clone)_-17146,5.898,14.469,,,,,0
0,119.49,Robot,RobotControl(Clone)_-17164,28.301,17.664,,,,,1
0,119.49,Robot,RobotControl(Clone)_-17182,26.449,15.002,,,,,0
0,119.49,Human,HumanControl(Clone)_-16538,35.407,19.663,3.319,1,HumanControl(Clone)_-16698,,
0,119.49,Human,HumanControl(Clone)_-16570,7.089,8.268,98.863,0,,,
0,119.49,Human,HumanControl(Clone)_-16586,6.931,7.280,98.826,0,HumanControl(Clone)_-16570,,
0,119.49,Human,HumanControl(Clone)_-16602,24.634,14.964,7.811,1,HumanControl(Clone)_-16618,,
0,119.49,Human,HumanControl(Clone)_-16618,24.157,16.755,37.382,1,RobotControl(Clone)_-17164,,
0,119.49,Human,HumanControl(Clone)_-16634,23.767,15.494,28.105,1,HumanControl(Clone)_-16618,,
0,119.49,Human,HumanControl(Clone)_-16650,37.455,18.930,5.127,1,HumanControl(Clone)_-16666,,
0,119.49,Human,HumanControl(Clone)_-16666,26.766,13.304,4.778,1,HumanControl(Clone)_-16618,,
0,119.49,Human,HumanControl(Clone)_-16682,36.138,17.573,13.347,1,HumanControl(Clone)_-16666,,
0,119.49,Human,HumanControl(Clone)_-16698,31.346,15.355,8.509,1,HumanControl(Clone)_-16618,,
0,119.49,Human,HumanControl(Clone)_-16746,31.209,13.620,26.481,1,HumanControl(Clone)_-16618,,
0,119.49,Human,HumanControl(Clone)_-16794,34.027,20.963,16.037,1,HumanControl(Clone)_-16538,,
0,119.49,Human,HumanControl(Clone)_-16826,34.443,16.461,9.576,1,HumanControl(Clone)_-16698,,
0,119.49,Human,HumanControl(Clone)_-16986,32.168,19.579,17.083,1,HumanControl(Clone)_-16650,,
0,119.49,Human,HumanControl(Clone)_-17018,34.400,19.678,10.931,1,HumanControl(Clone)_-16650,,
0,119.49,Human,HumanControl(Clone)_-17130,34.679,18.701,4.896,1,HumanControl(Clone)_-16698,,
0,119.99,Robot,RobotControl(Clone)_-17146,6.275,12.505,,,,,0
0,119.99,Robot,RobotControl(Clone)_-17164,28.302,17.671,,,,,1
0,119.99,Robot,RobotControl(Clone)_-17182,24.357,15.190,,,,,0
0,119.99,Human,HumanControl(Clone)_-16538,34.867,18.306,3.319,1,HumanControl(Clone)_-16698,,
0,119.99,Human,HumanControl(Clone)_-16570,7.089,8.268,98.863,0,,,
0,119.99,Human,HumanControl(Clone)_-16586,6.931,7.280,98.826,0,HumanControl(Clone)_-16570,,
0,119.99,Human,HumanControl(Clone)_-16602,23.986,16.493,7.489,1,HumanControl(Clone)_-16618,,
0,119.99,Human,HumanControl(Clone)_-16618,25.321,15.660,37.382,1,RobotControl(Clone)_-17164,,
0,119.99,Human,HumanControl(Clone)_-16634,24.643,17.324,28.105,1,HumanControl(Clone)_-16618,,
0,119.99,Human,HumanControl(Clone)_-16650,36.734,17.711,5.127,1,HumanControl(Clone)_-16666,,
0,119.99,Human,HumanControl(Clone)_-16666,25.021,12.186,4.778,1,HumanControl(Clone)_-16618,,
0,119.99,Human,HumanControl(Clone)_-16682,34.635,16.356,12.894,1,HumanControl(Clone)_-16666,,
0,119.99,Human,HumanControl(Clone)_-16698,28.287,11.918,7.508,1,HumanControl(Clone)_-16618,,
0,119.99,Human,HumanControl(Clone)_-16746,31.305,13.596,26.481,1,HumanControl(Clone)_-16618,,
0,119.99,Human,HumanControl(Clone)_-16794,35.896,21.720,15.364,1,HumanControl(Clone)_-16538,,
0,119.99,Human,HumanControl(Clone)_-16826,32.845,17.112,9.061,1,HumanControl(Clone)_-16698,,
0,119.99,Human,HumanControl(Clone)_-16986,33.750,21.053,16.660,1,HumanControl(Clone)_-16650,,
0,119.99,Human,HumanControl(Clone)_-17018,35.135,20.277,10.503,1,HumanControl(Clone)_-16650,,
0,119.99,Human,HumanControl(Clone)_-17130,33.987,17.150,4.896,1,HumanControl(Clone)_-16698,,
0,120.49,Robot,RobotControl(Clone)_-17146,6.470,11.543,,,,,0
0,120.49,Robot,RobotControl(Clone)_-17164,29.992,15.417,,,,,1
0,120.49,Robot,RobotControl(Clone)_-17182,21.237,12.665,,,,,0
0,120.49,Human,HumanControl(Clone)_-16538,32.587,15.276,2.547,1,HumanControl(Clone)_-16698,,
0,120.49,Human,HumanControl(Clone)_-16570,7.089,8.268,98.863,0,,,
0,120.49,Human,HumanControl(Clone)_-16586,6.931,7.280,98.826,0,HumanControl(Clone)_-16570,,
0,120.49,Human,HumanControl(Clone)_-16602,23.974,15.412,7.274,1,HumanControl(Clone)_-16618,,
0,120.49,Human,HumanControl(Clone)_-16618,28.191,17.302,37.382,1,RobotControl(Clone)_-17164,,
0,120.49,Human,HumanControl(Clone)_-16634,24.985,15.364,28.105,1,HumanControl(Clone)_-16618,,
0,120.49,Human,HumanControl(Clone)_-16650,33.664,15.957,4.766,1,HumanControl(Clone)_-16666,,
0,120.49,Human,HumanControl(Clone)_-16666,22.879,15.280,3.260,1,HumanControl(Clone)_-16618,,
0,120.49,Human,HumanControl(Clone)_-16682,26.012,18.890,11.823,1,HumanControl(Clone)_-16666,,
0,120.49,Human,HumanControl(Clone)_-16698,25.629,11.784,6.644,1,HumanControl(Clone)_-16618,,
0,120.49,Human,HumanControl(Clone)_-16746,26.445,15.264,26.481,1,HumanControl(Clone)_-16618,,
0,120.49,Human,HumanControl(Clone)_-16794,36.587,19.998,15.275,1,HumanControl(Clone)_-16538,,
0,120.49,Human,HumanControl(Clone)_-16826,31.224,15.712,9.061,1,HumanControl(Clone)_-16698,,
0,120.49,Human,HumanControl(Clone)_-16986,37.583,20.183,16.441,1,HumanControl(Clone)_-16650,,
0,120.49,Human,HumanControl(Clone)_-17018,38.243,19.338,10.503,1,HumanControl(Clone)_-16650,,
0,120.49,Human,HumanControl(Clone)_-17130,33.017,16.722,4.896,1,HumanControl(Clone)_-16698,,
0,120.99,Robot,RobotControl(Clone)_-17146,6.470,11.543,,,,,0
0,120.99,Robot,RobotControl(Clone)_-17164,29.964,14.121,,,,,1
0,120.99,Robot,RobotControl(Clone)_-17182,20.659,6.635,,,,,0
0,120.99,Human,HumanControl(Clone)_-16538,26.337,14.424,1.107,1,HumanControl(Clone)_-16698,,
0,120.99,Human,HumanControl(Clone)_-16570,7.089,8.268,98.863,0,,,
0,120.99,Human,HumanControl(Clone)_-16586,6.931,7.280,98.826,0,HumanControl(Clone)_-16570,,
0,120.99,Human,HumanControl(Clone)_-16602,25.392,14.754,7.274,1,HumanControl(Clone)_-16618,,
0,120.99,Human,HumanControl(Clone)_-16618,28.219,17.298,37.382,1,RobotControl(Clone)_-17164,,
0,120.99,Human,HumanControl(Clone)_-16634,27.267,14.952,28.105,1,HumanControl(Clone)_-16618,,
0,120.99,Human,HumanControl(Clone)_-16650,26.404,15.579,2.833,1,HumanControl(Clone)_-16666,,
0,120.99,Human,HumanControl(Clone)_-16666,23.985,16.246,1.647,1,HumanControl(Clone)_-16618,,
0,120.99,Human,HumanControl(Clone)_-16682,24.785,17.928,11.823,1,HumanControl(Clone)_-16666,,
0,120.99,Human,HumanControl(Clone)_-16698,25.504,13.684,5.394,1,HumanControl(Clone)_-16618,,
0,120.99,Human,HumanControl(Clone)_-16746,27.816,16.381,25.501,1,HumanControl(Clone)_-16618,,
0,120.99,Human,HumanControl(Clone)_-16794,36.050,18.804,15.275,1,HumanControl(Clone)_-16538,,
0,120.99,Human,HumanControl(Clone)_-16826,31.238,14.592,9.061,1,HumanControl(Clone)_-16698,,
0,120.99,Human,HumanControl(Clone)_-16986,37.638,18.380,15.334,1,HumanControl(Clone)_-16650,,
0,120.99,Human,HumanControl(Clone)_-17018,37.941,17.301,10.503,1,HumanControl(Clone)_-16650,,
0,120.99,Human,HumanControl(Clone)_-17130,31.575,15.682,4.217,1,HumanControl(Clone)_-16698,,
0,121.49,Robot,RobotControl(Clone)_-17146,6.250,12.574,,,,,0
0,121.49,Robot,RobotControl(Clone)_-17164,33.954,14.498,,,,,2
0,121.49,Robot,RobotControl(Clone)_-17182,20.124,6.617,,,,,0
0,121.49,Human,HumanControl(Clone)_-16570,7.089,8.268,98.863,0,,,
0,121.49,Human,HumanControl(Clone)_-16586,6.931,7.280,98.826,0,HumanControl(Clone)_-16570,,
0,121.49,Human,HumanControl(Clone)_-16602,28.192,17.274,7.274,1,HumanControl(Clone)_-16618,,
0,121.49,Human,HumanControl(Clone)_-16618,29.993,14.998,37.382,1,RobotControl(Clone)_-17164,,
0,121.49,Human,HumanControl(Clone)_-16634,29.080,17.750,28.105,1,HumanControl(Clone)_-16618,,
0,121.49,Human,HumanControl(Clone)_-16650,23.948,16.349,2.092,1,HumanControl(Clone)_-16666,,
0,121.49,Human,HumanControl(Clone)_-16666,26.915,17.002,1.432,1,HumanControl(Clone)_-16618,,
0,121.49,Human,HumanControl(Clone)_-16682,24.947,16.214,10.103,1,HumanControl(Clone)_-16666,,
0,121.49,Human,HumanControl(Clone)_-16698,26.091,16.418,4.884,1,HumanControl(Clone)_-16618,,
0,121.49,Human,HumanControl(Clone)_-16746,30.005,17.309,24.324,1,HumanControl(Clone)_-16618,,
0,121.49,Human,HumanControl(Clone)_-16794,33.694,15.739,14.914,1,RobotControl(Clone)_-17164,,
0,121.49,Human,HumanControl(Clone)_-16826,31.207,14.161,9.061,1,HumanControl(Clone)_-16698,,
0,121.49,Human,HumanControl(Clone)_-16986,35.278,16.275,15.245,1,HumanControl(Clone)_-16650,,
0,121.49,Human,HumanControl(Clone)_-17018,35.854,15.432,10.456,1,HumanControl(Clone)_-16650,,
0,121.49,Human,HumanControl(Clone)_-17130,31.586,15.700,3.085,1,HumanControl(Clone)_-16698,,
0,121.99,Robot,RobotControl(Clone)_-17146,6.068,13.547,,,,,0
0,121.99,Robot,RobotControl(Clone)_-17164,35.950,14.418,,,,,2
0,121.99,Robot,RobotControl(Clone)_-17182,18.322,7.555,,,,,0
0,121.99,Human,HumanControl(Clone)_-16570,7.089,8.268,98.863,0,,,
0,121.99,Human,HumanControl(Clone)_-16586,6.930,7.280,98.826,0,HumanControl(Clone)_-16570,,
0,121.99,Human,HumanControl(Clone)_-16602,29.095,18.396,7.274,1,HumanControl(Clone)_-16618,,
0,121.99,Human,HumanControl(Clone)_-16618,34.710,14.398,37.382,1,RobotControl(Clone)_-17164,,
0,121.99,Human,HumanControl(Clone)_-16634,27.887,18.640,27.569,1,HumanControl(Clone)_-16618,,
0,121.99,Human,HumanControl(Clone)_-16650,22.520,16.277,1.447,1,HumanControl(Clone)_-16666,,
0,121.99,Human,HumanControl(Clone)_-16666,28.454,17.396,1.432,1,HumanControl(Clone)_-16618,,
0,121.99,Human,HumanControl(Clone)_-16682,23.635,15.781,8.168,1,HumanControl(Clone)_-16666,,
0,121.99,Human,HumanControl(Clone)_-16698,27.368,17.009,3.871,1,HumanControl(Clone)_-16618,,
0,121.99,Human,HumanControl(Clone)_-16746,29.982,17.650,23.772,1,HumanControl(Clone)_-16618,,
0,121.99,Human,HumanControl(Clone)_-16794,33.091,14.361,14.399,1,RobotControl(Clone)_-17164,,
0,121.99,Human,HumanControl(Clone)_-16826,31.214,14.846,9.061,1,HumanControl(Clone)_-16698,,
0,121.99,Human,HumanControl(Clone)_-16986,33.698,16.331,14.936,1,HumanControl(Clone)_-16650,,
0,121.99,Human,HumanControl(Clone)_-17018,33.909,14.999,10.456,1,HumanControl(Clone)_-16650,,
0,121.99,Human,HumanControl(Clone)_-17130,33.029,15.473,2.633,1,HumanControl(Clone)_-16698,,
0,122.49,Robot,RobotControl(Clone)_-17146,5.899,14.498,,,,,0
0,122.49,Robot,RobotControl(Clone)_-17164,36.339,17.650,,,,,2
0,122.49,Robot,RobotControl(Clone)_-17182,15.040,9.865,,,,,0
0,122.49,Human,HumanControl(Clone)_-16570,7.089,8.268,98.863,0,,,
0,122.49,Human,HumanControl(Clone)_-16586,6.930,7.280,98.826,0,HumanControl(Clone)_-16570,,
0,122.49,Human,HumanControl(Clone)_-16602,30.000,16.881,6.595,1,HumanControl(Clone)_-16618,,
0,122.49,Human,HumanControl(Clone)_-16618,36.481,13.461,36.782,1,RobotControl(Clone)_-17164,,
0,122.49,Human,HumanControl(Clone)_-16634,34.667,15.578,27.569,1,HumanControl(Clone)_-16618,,
0,122.49,Human,HumanControl(Clone)_-16650,25.489,17.106,1.335,1,HumanControl(Clone)_-16666,,
0,122.49,Human,HumanControl(Clone)_-16666,29.849,15.813,1.432,1,HumanControl(Clone)_-16618,,
0,122.49,Human,HumanControl(Clone)_-16682,26.592,17.353,7.953,1,HumanControl(Clone)_-16666,,
0,122.49,Human,HumanControl(Clone)_-16698,36.620,15.268,3.871,1,HumanControl(Clone)_-16618,,
0,122.49,Human,HumanControl(Clone)_-16746,29.992,14.397,23.688,1,HumanControl(Clone)_-16618,,
0,122.49,Human,HumanControl(Clone)_-16794,34.989,13.432,14.399,1,RobotControl(Clone)_-17164,,
0,122.49,Human,HumanControl(Clone)_-16826,31.259,15.602,9.061,1,HumanControl(Clone)_-16698,,
0,122.49,Human,HumanControl(Clone)_-16986,31.212,16.712,14.290,1,HumanControl(Clone)_-16650,,
0,122.49,Human,HumanControl(Clone)_-17018,32.223,14.829,10.456,1,HumanControl(Clone)_-16650,,
0,122.49,Human,HumanControl(Clone)_-17130,31.205,13.648,2.633,1,HumanControl(Clone)_-16698,,
0,122.99,Robot,RobotControl(Clone)_-17146,5.899,14.498,,,,,0
0,122.99,Robot,RobotControl(Clone)_-17164,36.413,19.284,,,,,2
0,122.99,Robot,RobotControl(Clone)_-17182,13.042,9.857,,,,,0
0,122.99,Human,HumanControl(Clone)_-16570,7.089,8.268,98.863,0,,,
0,122.99,Human,HumanControl(Clone)_-16586,6.930,7.280,98.826,0,HumanControl(Clone)_-16570,,
0,122.99,Human,HumanControl(Clone)_-16602,34.680,15.652,6.595,1,HumanControl(Clone)_-16618,,
0,122.99,Human,HumanControl(Clone)_-16618,37.123,15.190,36.782,1,RobotControl(Clone)_-17164,,
0,122.99,Human,HumanControl(Clone)_-16634,36.267,15.906,26.902,1,HumanControl(Clone)_-16618,,
0,122.99,Human,HumanControl(Clone)_-16650,27.123,17.161,1.335,1,HumanControl(Clone)_-16666,,
0,122.99,Human,HumanControl(Clone)_-16666,29.388,14.874,1.432,1,HumanControl(Clone)_-16618,,
0,122.99,Human,HumanControl(Clone)_-16682,28.163,17.285,7.953,1,HumanControl(Clone)_-16666,,
0,122.99,Human,HumanControl(Clone)_-16698,37.460,13.137,3.871,1,HumanControl(Clone)_-16618,,
0,122.99,Human,HumanControl(Clone)_-16746,29.871,13.289,23.688,1,HumanControl(Clone)_-16618,,
0,122.99,Human,HumanControl(Clone)_-16794,36.983,14.091,14.399,1,RobotControl(Clone)_-17164,,
0,122.99,Human,HumanControl(Clone)_-16826,31.854,15.877,8.382,1,HumanControl(Clone)_-16698,,
0,122.99,Human,HumanControl(Clone)_-16986,31.239,17.390,14.290,1,HumanControl(Clone)_-16650,,
0,122.99,Human,HumanControl(Clone)_-17018,32.727,14.955,10.456,1,HumanControl(Clone)_-16650,,
0,122.99,Human,HumanControl(Clone)_-17130,32.095,13.336,2.198,1,HumanControl(Clone)_-16698,,
0,123.49,Robot,RobotControl(Clone)_-17146,6.639,10.654,,,,,0
0,123.49,Robot,RobotControl(Clone)_-17164,36.653,27.526,,,,,2
0,123.49,Robot,RobotControl(Clone)_-17182,4.210,7.044,,,,,0
0,123.49,Human,HumanControl(Clone)_-16570,7.089,8.268,98.863,0,,,
0,123.49,Human,HumanControl(Clone)_-16586,6.930,7.280,98.826,0,HumanControl(Clone)_-16570,,
0,123.49,Human,HumanControl(Clone)_-16602,37.341,15.984,6.595,1,HumanControl(Clone)_-16618,,
0,123.49,Human,HumanControl(Clone)_-16618,37.201,18.944,36.782,1,RobotControl(Clone)_-17164,,
0,123.49,Human,HumanControl(Clone)_-16634,36.558,14.028,26.437,1,HumanControl(Clone)_-16618,,
0,123.49,Human,HumanControl(Clone)_-16650,29.991,16.062,1.335,1,HumanControl(Clone)_-16666,,
0,123.49,Human,HumanControl(Clone)_-16666,30.000,13.487,1.432,1,HumanControl(Clone)_-16618,,
0,123.49,Human,HumanControl(Clone)_-16682,28.912,15.360,7.953,1,HumanControl(Clone)_-16666,,
0,123.49,Human,HumanControl(Clone)_-16698,37.567,14.085,3.093,1,HumanControl(Clone)_-16618,,
0,123.49,Human,HumanControl(Clone)_-16746,36.822,15.010,23.688,1,HumanControl(Clone)_-16618,,
0,123.49,Human,HumanControl(Clone)_-16794,37.723,17.135,13.667,1,RobotControl(Clone)_-17164,,
0,123.49,Human,HumanControl(Clone)_-16826,35.727,15.721,7.134,1,HumanControl(Clone)_-16698,,
0,123.49,Human,HumanControl(Clone)_-16986,26.526,14.580,14.290,1,HumanControl(Clone)_-16650,,
0,123.49,Human,HumanControl(Clone)_-17018,31.224,15.855,10.456,1,HumanControl(Clone)_-16650,,
0,123.49,Human,HumanControl(Clone)_-17130,35.487,14.172,1.136,1,HumanControl(Clone)_-16698,,
0,123.99,Robot,RobotControl(Clone)_-17146,6.445,11.693,,,,,0
0,123.99,Robot,RobotControl(Clone)_-17164,36.767,27.279,,,,,2
0,123.99,Robot,RobotControl(Clone)_-17182,4.468,7.170,,,,,0
0,123.99,Human,HumanControl(Clone)_-16570,7.089,8.268,98.863,0,,,
0,123.99,Human,HumanControl(Clone)_-16586,6.930,7.280,98.826,0,HumanControl(Clone)_-16570,,
0,123.99,Human,HumanControl(Clone)_-16602,36.778,16.640,6.595,1,HumanControl(Clone)_-16618,,
0,123.99,Human,HumanControl(Clone)_-16618,36.374,26.298,36.175,1,RobotControl(Clone)_-17164,,
0,123.99,Human,HumanControl(Clone)_-16634,38.301,14.402,26.300,1,HumanControl(Clone)_-16618,,
0,123.99,Human,HumanControl(Clone)_-16650,29.979,14.593,1.335,1,HumanControl(Clone)_-16666,,
0,123.99,Human,HumanControl(Clone)_-16666,32.911,17.993,1.432,1,HumanControl(Clone)_-16618,,
0,123.99,Human,HumanControl(Clone)_-16682,28.220,12.821,7.953,1,HumanControl(Clone)_-16666,,
0,123.99,Human,HumanControl(Clone)_-16698,37.965,15.853,1.950,1,HumanControl(Clone)_-16618,,
0,123.99,Human,HumanControl(Clone)_-16746,39.653,15.884,23.247,1,HumanControl(Clone)_-16618,,
0,123.99,Human,HumanControl(Clone)_-16794,37.307,19.090,13.667,1,RobotControl(Clone)_-17164,,
0,123.99,Human,HumanControl(Clone)_-16826,37.011,15.537,6.657,1,HumanControl(Clone)_-16698,,
0,123.99,Human,HumanControl(Clone)_-16986,24.590,14.473,14.290,1,HumanControl(Clone)_-16650,,
0,123.99,Human,HumanControl(Clone)_-17018,31.255,16.269,10.456,1,HumanControl(Clone)_-16650,,
0,123.99,Human,HumanControl(Clone)_-17130,36.588,13.846,1.136,1,HumanControl(Clone)_-16698,,
0,124.49,Robot,RobotControl(Clone)_-17146,6.242,12.647,,,,,0
0,124.49,Robot,RobotControl(Clone)_-17164,36.733,24.752,,,,,2
0,124.49,Robot,RobotControl(Clone)_-17182,6.244,8.952,,,,,0
0,124.49,Human,HumanControl(Clone)_-16570,7.199,8.339,98.863,0,,,
0,124.49,Human,HumanControl(Clone)_-16586,6.937,7.232,98.826,0,HumanControl(Clone)_-16570,,
0,124.49,Human,HumanControl(Clone)_-16602,36.233,26.425,6.408,1,HumanControl(Clone)_-16618,,
0,124.49,Human,HumanControl(Clone)_-16618,36.655,28.202,36.081,1,RobotControl(Clone)_-17164,,
0,124.49,Human,HumanControl(Clone)_-16634,38.814,16.579,26.209,1,HumanControl(Clone)_-16618,,
0,124.49,Human,HumanControl(Clone)_-16650,29.994,13.357,1.335,1,HumanControl(Clone)_-16666,,
0,124.49,Human,HumanControl(Clone)_-16666,35.268,26.685,0.748,1,HumanControl(Clone)_-16618,,
0,124.49,Human,HumanControl(Clone)_-16682,28.883,11.306,7.953,1,HumanControl(Clone)_-16666,,
0,124.49,Human,HumanControl(Clone)_-16698,37.887,19.643,0.839,1,HumanControl(Clone)_-16618,,
0,124.49,Human,HumanControl(Clone)_-16746,40.038,19.691,20.747,1,HumanControl(Clone)_-16618,,
0,124.49,Human,HumanControl(Clone)_-16794,36.930,27.176,13.667,1,RobotControl(Clone)_-17164,,
0,124.49,Human,HumanControl(Clone)_-16826,37.398,15.218,6.657,1,HumanControl(Clone)_-16698,,
0,124.49,Human,HumanControl(Clone)_-16986,26.715,15.347,14.290,1,HumanControl(Clone)_-16650,,
0,124.49,Human,HumanControl(Clone)_-17018,26.448,14.366,9.736,1,HumanControl(Clone)_-16650,,
0,124.49,Human,HumanControl(Clone)_-17130,38.252,14.225,0.496,1,HumanControl(Clone)_-16698,,
0,124.99,Robot,RobotControl(Clone)_-17146,6.242,12.647,,,,,0
0,124.99,Robot,RobotControl(Clone)_-17164,36.895,24.930,,,,,2
0,124.99,Robot,RobotControl(Clone)_-17182,5.940,9.142,,,,,0
0,124.99,Human,HumanControl(Clone)_-16570,6.921,8.168,98.863,0,,,
0,124.99,Human,HumanControl(Clone)_-16586,7.957,7.952,98.826,0,HumanControl(Clone)_-16570,,
0,124.99,Human,HumanControl(Clone)_-16602,36.112,28.386,5.163,1,HumanControl(Clone)_-16618,,
0,124.99,Human,HumanControl(Clone)_-16618,35.371,26.996,36.081,1,RobotControl(Clone)_-17164,,
0,124.99,Human,HumanControl(Clone)_-16634,38.480,18.112,25.541,1,HumanControl(Clone)_-16618,,
0,124.99,Human,HumanControl(Clone)_-16650,33.129,17.992,1.335,1,HumanControl(Clone)_-16666,,
0,124.99,Human,HumanControl(Clone)_-16666,35.039,28.742,0.748,1,HumanControl(Clone)_-16618,,
0,124.99,Human,HumanControl(Clone)_-16682,29.528,12.972,7.953,1,HumanControl(Clone)_-16666,,
0,124.99,Human,HumanControl(Clone)_-16698,36.453,26.825,0.400,1,HumanControl(Clone)_-16618,,
0,124.99,Human,HumanControl(Clone)_-16746,39.230,21.230,19.802,1,HumanControl(Clone)_-16618,,
0,124.99,Human,HumanControl(Clone)_-16794,37.617,27.696,13.442,1,RobotControl(Clone)_-17164,,
0,124.99,Human,HumanControl(Clone)_-16826,38.263,17.062,6.657,1,HumanControl(Clone)_-16698,,
0,124.99,Human,HumanControl(Clone)_-16986,28.518,14.495,14.290,1,HumanControl(Clone)_-16650,,
0,124.99,Human,HumanControl(Clone)_-17018,24.563,14.327,8.708,1,HumanControl(Clone)_-16650,,
0,125.49,Robot,RobotControl(Clone)_-17146,6.059,13.542,,,,,0
0,125.49,Robot,RobotControl(Clone)_-17164,37.008,27.484,,,,,2
0,125.49,Robot,RobotControl(Clone)_-17182,5.739,10.153,,,,,0
0,125.49,Human,HumanControl(Clone)_-16570,7.012,8.228,98.863,0,,,
0,125.49,Human,HumanControl(Clone)_-16586,8.045,8.235,98.826,0,HumanControl(Clone)_-16570,,
0,125.49,Human,HumanControl(Clone)_-16602,34.019,27.882,4.379,1,HumanControl(Clone)_-16618,,
0,125.49,Human,HumanControl(Clone)_-16618,35.807,24.777,36.081,1,RobotControl(Clone)_-17164,,
0,125.49,Human,HumanControl(Clone)_-16634,36.504,26.619,24.750,1,HumanControl(Clone)_-16618,,
0,125.49,Human,HumanControl(Clone)_-16650,35.418,21.334,0.651,1,HumanControl(Clone)_-16666,,
0,125.49,Human,HumanControl(Clone)_-16666,35.198,27.934,0.281,1,HumanControl(Clone)_-16618,,
0,125.49,Human,HumanControl(Clone)_-16682,36.215,16.614,7.232,1,HumanControl(Clone)_-16666,,
0,125.49,Human,HumanControl(Clone)_-16698,37.164,28.554,0.141,1,HumanControl(Clone)_-16618,,
0,125.49,Human,HumanControl(Clone)_-16746,33.213,25.154,19.071,1,HumanControl(Clone)_-16618,,
0,125.49,Human,HumanControl(Clone)_-16794,37.601,25.744,13.020,1,RobotControl(Clone)_-17164,,
0,125.49,Human,HumanControl(Clone)_-16826,38.089,20.927,6.657,1,HumanControl(Clone)_-16698,,
0,125.49,Human,HumanControl(Clone)_-16986,33.001,12.009,14.290,1,HumanControl(Clone)_-16650,,
0,125.49,Human,HumanControl(Clone)_-17018,26.733,14.103,8.708,1,HumanControl(Clone)_-16650,,
0,125.99,Robot,RobotControl(Clone)_-17146,5.925,14.321,,,,,0
0,125.99,Robot,RobotControl(Clone)_-17164,37.446,29.328,,,,,2
0,125.99,Robot,RobotControl(Clone)_-17182,5.547,10.840,,,,,0
0,125.99,Human,HumanControl(Clone)_-16570,7.056,8.376,98.863,0,,,
0,125.99,Human,HumanControl(Clone)_-16586,6.970,7.331,98.826,0,HumanControl(Clone)_-16570,,
0,125.99,Human,HumanControl(Clone)_-16602,33.826,25.839,3.251,1,HumanControl(Clone)_-16618,,
0,125.99,Human,HumanControl(Clone)_-16618,37.436,23.980,35.883,1,RobotControl(Clone)_-17164,,
0,125.99,Human,HumanControl(Clone)_-16634,36.462,28.419,24.231,1,HumanControl(Clone)_-16618,,
0,125.99,Human,HumanControl(Clone)_-16650,34.843,26.398,0.651,1,HumanControl(Clone)_-16666,,
0,125.99,Human,HumanControl(Clone)_-16666,33.309,26.749,0.281,1,HumanControl(Clone)_-16618,,
0,125.99,Human,HumanControl(Clone)_-16682,36.074,18.355,6.553,1,HumanControl(Clone)_-16666,,
0,125.99,Human,HumanControl(Clone)_-16746,34.860,25.155,19.071,1,HumanControl(Clone)_-16618,,
0,125.99,Human,HumanControl(Clone)_-16794,37.412,26.552,12.526,1,RobotControl(Clone)_-17164,,
0,125.99,Human,HumanControl(Clone)_-16826,36.935,21.862,6.657,1,,,
0,125.99,Human,HumanControl(Clone)_-16986,34.263,11.134,14.290,1,HumanControl(Clone)_-16650,,
0,125.99,Human,HumanControl(Clone)_-17018,33.916,12.585,8.708,1,HumanControl(Clone)_-16650,,
0,126.49,Robot,RobotControl(Clone)_-17146,5.925,14.321,,,,,0
0,126.49,Robot,RobotControl(Clone)_-17164,37.565,32.811,,,,,2
0,126.49,Robot,RobotControl(Clone)_-17182,5.346,11.484,,,,,0
0,126.49,Human,HumanControl(Clone)_-16570,7.068,8.293,98.863,0,,,
0,126.49,Human,HumanControl(Clone)_-16586,6.185,7.777,98.826,0,HumanControl(Clone)_-16570,,
0,126.49,Human,HumanControl(Clone)_-16602,35.524,23.100,2.450,1,HumanControl(Clone)_-16618,,
0,126.49,Human,HumanControl(Clone)_-16618,39.083,27.141,35.883,1,RobotControl(Clone)_-17164,,
0,126.49,Human,HumanControl(Clone)_-16634,35.340,26.406,24.128,1,HumanControl(Clone)_-16618,,
0,126.49,Human,HumanControl(Clone)_-16666,34.600,23.773,0.281,1,HumanControl(Clone)_-16618,,
0,126.49,Human,HumanControl(Clone)_-16682,38.369,27.864,5.335,1,HumanControl(Clone)_-16666,,
0,126.49,Human,HumanControl(Clone)_-16746,36.409,23.873,18.748,1,HumanControl(Clone)_-16618,,
0,126.49,Human,HumanControl(Clone)_-16794,37.501,28.928,12.526,1,RobotControl(Clone)_-17164,,
0,126.49,Human,HumanControl(Clone)_-16826,34.038,21.884,5.635,1,HumanControl(Clone)_-16986,,
0,126.49,Human,HumanControl(Clone)_-16986,34.852,13.349,14.290,1,,,
0,126.49,Human,HumanControl(Clone)_-17018,36.528,12.242,8.708,1,HumanControl(Clone)_-16826,,
0,126.99,Robot,RobotControl(Clone)_-17146,5.925,14.321,,,,,0
0,126.99,Robot,RobotControl(Clone)_-17164,37.560,34.545,,,,,2
0,126.99,Robot,RobotControl(Clone)_-17182,5.318,11.502,,,,,0
0,126.99,Human,HumanControl(Clone)_-16570,7.231,8.176,98.863,0,,,
0,126.99,Human,HumanControl(Clone)_-16586,6.548,8.992,98.826,0,HumanControl(Clone)_-16570,,
0,126.99,Human,HumanControl(Clone)_-16602,37.416,23.273,2.450,1,HumanControl(Clone)_-16618,,
0,126.99,Human,HumanControl(Clone)_-16618,38.698,29.017,35.883,1,RobotControl(Clone)_-17164,,
0,126.99,Human,HumanControl(Clone)_-16634,36.751,24.853,24.128,1,HumanControl(Clone)_-16618,,
0,126.99,Human,HumanControl(Clone)_-16666,35.595,24.970,0.059,1,HumanControl(Clone)_-16618,,
0,126.99,Human,HumanControl(Clone)_-16682,37.303,28.400,4.773,1,HumanControl(Clone)_-16666,,
0,126.99,Human,HumanControl(Clone)_-16746,38.685,23.813,18.470,1,HumanControl(Clone)_-16618,,
0,126.99,Human,HumanControl(Clone)_-16794,37.707,30.967,12.526,1,RobotControl(Clone)_-17164,,
0,126.99,Human,HumanControl(Clone)_-16826,34.046,21.802,4.550,1,HumanControl(Clone)_-16986,,
0,126.99,Human,HumanControl(Clone)_-16986,34.955,15.375,14.290,1,,,
0,126.99,Human,HumanControl(Clone)_-17018,36.513,14.241,8.662,1,HumanControl(Clone)_-16826,,
0,127.49,Robot,RobotControl(Clone)_-17146,7.437,10.798,,,,,0
0,127.49,Robot,RobotControl(Clone)_-17164,37.287,37.895,,,,,2
0,127.49,Robot,RobotControl(Clone)_-17182,5.235,12.550,,,,,0
0,127.49,Human,HumanControl(Clone)_-16570,7.043,8.233,98.863,0,,,
0,127.49,Human,HumanControl(Clone)_-16586,8.399,10.197,98.679,0,HumanControl(Clone)_-16570,,
0,127.49,Human,HumanControl(Clone)_-16602,39.278,25.396,2.450,1,HumanControl(Clone)_-16618,,
0,127.49,Human,HumanControl(Clone)_-16618,37.673,32.864,35.883,1,RobotControl(Clone)_-17164,,
0,127.49,Human,HumanControl(Clone)_-16634,39.842,26.565,24.128,1,HumanControl(Clone)_-16618,,
0,127.49,Human,HumanControl(Clone)_-16666,38.485,27.351,0.059,1,HumanControl(Clone)_-16618,,
0,127.49,Human,HumanControl(Clone)_-16682,35.162,25.054,4.773,1,HumanControl(Clone)_-16666,,
0,127.49,Human,HumanControl(Clone)_-16746,40.558,27.288,18.470,1,HumanControl(Clone)_-16618,,
0,127.49,Human,HumanControl(Clone)_-16794,37.751,34.985,12.526,1,RobotControl(Clone)_-17164,,
0,127.49,Human,HumanControl(Clone)_-16826,34.069,17.765,3.459,1,HumanControl(Clone)_-16986,,
0,127.49,Human,HumanControl(Clone)_-16986,38.750,16.360,14.290,1,,,
0,127.49,Human,HumanControl(Clone)_-17018,35.647,18.029,7.581,1,HumanControl(Clone)_-16826,,
0,127.99,Robot,RobotControl(Clone)_-17146,12.977,8.814,,,,,0
0,127.99,Robot,RobotControl(Clone)_-17164,37.129,39.567,,,,,2
0,127.99,Robot,RobotControl(Clone)_-17182,5.250,13.454,,,,,0
0,127.99,Human,HumanControl(Clone)_-16570,7.066,8.223,98.863,0,,,
0,127.99,Human,HumanControl(Clone)_-16586,8.360,9.378,98.468,0,HumanControl(Clone)_-16570,,
0,127.99,Human,HumanControl(Clone)_-16602,39.133,27.353,2.450,1,HumanControl(Clone)_-16618,,
0,127.99,Human,HumanControl(Clone)_-16618,37.399,34.839,35.883,1,RobotControl(Clone)_-17164,,
0,127.99,Human,HumanControl(Clone)_-16634,39.539,28.330,23.244,1,HumanControl(Clone)_-16618,,
0,127.99,Human,HumanControl(Clone)_-16666,38.977,29.358,0.059,1,HumanControl(Clone)_-16618,,
0,127.99,Human,HumanControl(Clone)_-16682,36.089,23.315,4.773,1,HumanControl(Clone)_-16666,,
0,127.99,Human,HumanControl(Clone)_-16746,40.480,28.813,18.470,1,HumanControl(Clone)_-16618,,
0,127.99,Human,HumanControl(Clone)_-16794,37.375,36.910,12.526,1,RobotControl(Clone)_-17164,,
0,127.99,Human,HumanControl(Clone)_-16826,35.041,16.054,3.003,1,HumanControl(Clone)_-16986,,
0,127.99,Human,HumanControl(Clone)_-16986,45.585,16.456,12.581,1,,,
0,127.99,Human,HumanControl(Clone)_-17018,34.803,19.857,7.128,1,HumanControl(Clone)_-16826,,
0,128.49,Robot,RobotControl(Clone)_-17146,16.764,9.268,,,,,0
0,128.49,Robot,RobotControl(Clone)_-17164,36.737,42.883,,,,,2
0,128.49,Robot,RobotControl(Clone)_-17182,5.360,14.231,,,,,0
0,128.49,Human,HumanControl(Clone)_-16570,7.054,8.212,98.863,0,,,
0,128.49,Human,HumanControl(Clone)_-16586,7.921,8.714,98.468,0,HumanControl(Clone)_-16570,,
0,128.49,Human,HumanControl(Clone)_-16602,38.156,30.866,2.450,1,HumanControl(Clone)_-16618,,
0,128.49,Human,HumanControl(Clone)_-16618,37.563,38.343,34.970,1,RobotControl(Clone)_-17164,,
0,128.49,Human,HumanControl(Clone)_-16634,37.784,32.105,22.775,1,HumanControl(Clone)_-16618,,
0,128.49,Human,HumanControl(Clone)_-16666,38.117,33.229,0.059,1,HumanControl(Clone)_-16618,,
0,128.49,Human,HumanControl(Clone)_-16682,38.909,25.322,3.980,1,HumanControl(Clone)_-16666,,
0,128.49,Human,HumanControl(Clone)_-16746,38.826,32.066,17.409,1,HumanControl(Clone)_-16618,,
0,128.49,Human,HumanControl(Clone)_-16794,36.913,39.230,12.526,1,RobotControl(Clone)_-17164,,
0,128.49,Human,HumanControl(Clone)_-16826,38.920,15.473,3.003,1,HumanControl(Clone)_-16986,,
0,128.49,Human,HumanControl(Clone)_-16986,47.381,16.468,10.542,1,,,
0,128.49,Human,HumanControl(Clone)_-17018,32.097,18.882,7.128,1,HumanControl(Clone)_-16826,,
0,128.99,Robot,RobotControl(Clone)_-17146,19.259,14.679,,,,,0
0,128.99,Robot,RobotControl(Clone)_-17164,36.503,48.382,,,,,2
0,128.99,Robot,RobotControl(Clone)_-17182,5.358,14.232,,,,,0
0,128.99,Human,HumanControl(Clone)_-16570,7.047,8.206,98.863,0,,,
0,128.99,Human,HumanControl(Clone)_-16586,7.918,8.703,98.468,0,HumanControl(Clone)_-16570,,
0,128.99,Human,HumanControl(Clone)_-16602,37.882,32.741,2.450,1,HumanControl(Clone)_-16618,,
0,128.99,Human,HumanControl(Clone)_-16618,37.191,40.267,34.566,1,RobotControl(Clone)_-17164,,
0,128.99,Human,HumanControl(Clone)_-16634,37.167,33.733,22.272,1,HumanControl(Clone)_-16618,,
0,128.99,Human,HumanControl(Clone)_-16666,37.621,35.192,0.059,1,HumanControl(Clone)_-16618,,
0,128.99,Human,HumanControl(Clone)_-16682,39.427,27.253,3.980,1,HumanControl(Clone)_-16666,,
0,128.99,Human,HumanControl(Clone)_-16746,38.203,33.997,16.676,1,HumanControl(Clone)_-16618,,
0,128.99,Human,HumanControl(Clone)_-16794,36.854,41.252,12.526,1,RobotControl(Clone)_-17164,,
0,128.99,Human,HumanControl(Clone)_-16826,45.659,15.734,1.293,1,HumanControl(Clone)_-16986,,
0,128.99,Human,HumanControl(Clone)_-16986,45.306,16.723,10.542,1,,,
0,128.99,Human,HumanControl(Clone)_-17018,33.127,17.171,7.128,1,HumanControl(Clone)_-16826,,
0,129.49,Robot,RobotControl(Clone)_-17146,20.845,17.176,,,,,0
0,129.49,Robot,RobotControl(Clone)_-17164,36.463,51.806,,,,,2
0,129.49,Robot,RobotControl(Clone)_-17182,6.441,10.382,,,,,0
0,129.49,Human,HumanControl(Clone)_-16570,7.044,8.204,98.863,0,,,
0,129.49,Human,HumanControl(Clone)_-16586,7.987,8.538,98.468,0,HumanControl(Clone)_-16570,,
0,129.49,Human,HumanControl(Clone)_-16602,37.568,36.706,2.450,1,HumanControl(Clone)_-16618,,
0,129.49,Human,HumanControl(Clone)_-16618,36.103,49.507,34.543,1,RobotControl(Clone)_-17164,,
0,129.49,Human,HumanControl(Clone)_-16634,36.470,37.308,22.272,1,HumanControl(Clone)_-16618,,
0,129.49,Human,HumanControl(Clone)_-16666,37.279,39.189,0.059,1,HumanControl(Clone)_-16618,,
0,129.49,Human,HumanControl(Clone)_-16682,39.152,31.232,3.980,1,HumanControl(Clone)_-16666,,
0,129.49,Human,HumanControl(Clone)_-16746,37.484,37.956,15.859,1,HumanControl(Clone)_-16618,,
0,129.49,Human,HumanControl(Clone)_-16794,36.822,48.809,12.526,1,RobotControl(Clone)_-17164,,
0,129.49,Human,HumanControl(Clone)_-16826,46.311,16.533,1.065,1,HumanControl(Clone)_-16986,,
0,129.49,Human,HumanControl(Clone)_-16986,37.284,16.624,10.542,1,,,
0,129.49,Human,HumanControl(Clone)_-17018,36.746,15.757,7.128,1,HumanControl(Clone)_-16826,,
0,129.99,Robot,RobotControl(Clone)_-17146,22.815,16.966,,,,,0
0,129.99,Robot,RobotControl(Clone)_-17164,36.691,51.139,,,,,2
0,129.99,Robot,RobotControl(Clone)_-17182,6.688,10.861,,,,,0
0,129.99,Human,HumanControl(Clone)_-16570,7.043,8.202,98.863,0,,,
0,129.99,Human,HumanControl(Clone)_-16586,7.986,8.535,98.468,0,HumanControl(Clone)_-16570,,
0,129.99,Human,HumanControl(Clone)_-16602,37.304,38.679,2.450,1,HumanControl(Clone)_-16618,,
0,129.99,Human,HumanControl(Clone)_-16618,35.804,51.709,33.986,1,RobotControl(Clone)_-17164,,
0,129.99,Human,HumanControl(Clone)_-16634,36.438,39.270,22.272,1,HumanControl(Clone)_-16618,,
0,129.99,Human,HumanControl(Clone)_-16666,37.019,41.178,0.059,1,HumanControl(Clone)_-16618,,
0,129.99,Human,HumanControl(Clone)_-16682,38.779,33.197,3.980,1,HumanControl(Clone)_-16666,,
0,129.99,Human,HumanControl(Clone)_-16746,37.241,39.977,15.859,1,HumanControl(Clone)_-16618,,
0,129.99,Human,HumanControl(Clone)_-16794,36.858,48.757,12.526,1,RobotControl(Clone)_-17164,,
0,129.99,Human,HumanControl(Clone)_-16986,35.307,16.682,10.542,1,,,
0,129.99,Human,HumanControl(Clone)_-17018,38.722,15.770,7.128,1,HumanControl(Clone)_-16986,,
0,130.49,Robot,RobotControl(Clone)_-17146,26.737,16.226,,,,,0
0,130.49,Robot,RobotControl(Clone)_-17164,36.581,54.472,,,,,2
0,130.49,Robot,RobotControl(Clone)_-17182,7.050,11.104,,,,,0
0,130.49,Human,HumanControl(Clone)_-16570,7.042,8.202,98.863,0,,,
0,130.49,Human,HumanControl(Clone)_-16586,7.986,8.534,98.468,0,HumanControl(Clone)_-16570,,
0,130.49,Human,HumanControl(Clone)_-16602,36.830,42.564,2.450,1,HumanControl(Clone)_-16618,,
0,130.49,Human,HumanControl(Clone)_-16618,35.984,50.543,33.518,1,RobotControl(Clone)_-17164,,
0,130.49,Human,HumanControl(Clone)_-16634,36.215,48.493,22.272,1,HumanControl(Clone)_-16618,,
0,130.49,Human,HumanControl(Clone)_-16666,36.071,49.540,0.015,1,HumanControl(Clone)_-16618,,
0,130.49,Human,HumanControl(Clone)_-16682,38.165,37.150,3.980,1,HumanControl(Clone)_-16666,,
0,130.49,Human,HumanControl(Clone)_-16746,36.688,44.018,15.859,1,HumanControl(Clone)_-16618,,
0,130.49,Human,HumanControl(Clone)_-16794,37.127,50.091,12.526,1,RobotControl(Clone)_-17164,,
0,130.49,Human,HumanControl(Clone)_-16986,35.714,18.624,10.542,1,,,
0,130.49,Human,HumanControl(Clone)_-17018,40.539,16.505,7.128,1,HumanControl(Clone)_-16986,,
0,130.99,Robot,RobotControl(Clone)_-17146,34.763,15.500,,,,,0
0,130.99,Robot,RobotControl(Clone)_-17164,36.511,56.137,,,,,2
0,130.99,Robot,RobotControl(Clone)_-17182,7.050,11.104,,,,,0
0,130.99,Human,HumanControl(Clone)_-16570,7.042,8.201,98.863,0,,,
0,130.99,Human,HumanControl(Clone)_-16586,8.024,8.391,98.468,0,HumanControl(Clone)_-16570,,
0,130.99,Human,HumanControl(Clone)_-16602,36.596,49.150,2.450,1,HumanControl(Clone)_-16618,,
0,130.99,Human,HumanControl(Clone)_-16618,36.643,52.885,33.518,1,RobotControl(Clone)_-17164,,
0,130.99,Human,HumanControl(Clone)_-16634,35.477,49.579,21.790,1,HumanControl(Clone)_-16618,,
0,130.99,Human,HumanControl(Clone)_-16682,37.758,39.108,3.980,1,,,
0,130.99,Human,HumanControl(Clone)_-16746,36.828,44.361,15.859,1,HumanControl(Clone)_-16618,,
0,130.99,Human,HumanControl(Clone)_-16794,36.638,51.793,12.526,1,RobotControl(Clone)_-17164,,
0,130.99,Human,HumanControl(Clone)_-16986,35.542,26.655,10.542,1,,,
0,130.99,Human,HumanControl(Clone)_-17018,38.534,16.548,7.128,1,HumanControl(Clone)_-16986,,
0,131.49,Robot,RobotControl(Clone)_-17146,36.919,16.745,,,,,0
0,131.49,Robot,RobotControl(Clone)_-17164,36.360,59.467,,,,,2
0,131.49,Robot,RobotControl(Clone)_-17182,7.531,11.391,,,,,0
0,131.49,Human,HumanControl(Clone)_-16570,7.041,8.201,98.863,0,,,
0,131.49,Human,HumanControl(Clone)_-16586,8.024,8.391,98.468,0,HumanControl(Clone)_-16570,,
0,131.49,Human,HumanControl(Clone)_-16602,36.458,53.128,2.450,1,HumanControl(Clone)_-16618,,
0,131.49,Human,HumanControl(Clone)_-16618,36.457,56.829,33.518,1,RobotControl(Clone)_-17164,,
0,131.49,Human,HumanControl(Clone)_-16634,36.177,51.243,21.790,1,HumanControl(Clone)_-16618,,
0,131.49,Human,HumanControl(Clone)_-16682,34.680,37.939,3.980,1,HumanControl(Clone)_-16986,,
0,131.49,Human,HumanControl(Clone)_-16746,33.966,50.589,15.859,1,HumanControl(Clone)_-16618,,
0,131.49,Human,HumanControl(Clone)_-16794,36.281,55.702,12.016,1,RobotControl(Clone)_-17164,,
0,131.49,Human,HumanControl(Clone)_-16986,35.549,28.448,10.179,1,,,
0,131.49,Human,HumanControl(Clone)_-17018,35.894,18.869,7.128,1,HumanControl(Clone)_-16986,,
0,131.99,Robot,RobotControl(Clone)_-17146,36.549,18.711,,,,,0
0,131.99,Robot,RobotControl(Clone)_-17164,36.284,61.133,,,,,2
0,131.99,Robot,RobotControl(Clone)_-17182,8.104,11.647,,,,,0
0,131.99,Human,HumanControl(Clone)_-16570,7.041,8.201,98.863,0,,,
0,131.99,Human,HumanControl(Clone)_-16586,8.023,8.391,98.468,0,HumanControl(Clone)_-16570,,
0,131.99,Human,HumanControl(Clone)_-16602,36.731,55.104,2.450,1,HumanControl(Clone)_-16618,,
0,131.99,Human,HumanControl(Clone)_-16618,36.502,56.751,33.518,1,RobotControl(Clone)_-17164,,
0,131.99,Human,HumanControl(Clone)_-16634,36.844,53.045,21.790,1,HumanControl(Clone)_-16618,,
0,131.99,Human,HumanControl(Clone)_-16682,34.044,38.762,3.980,1,HumanControl(Clone)_-16986,,
0,131.99,Human,HumanControl(Clone)_-16746,34.758,52.379,15.859,1,HumanControl(Clone)_-16618,,
0,131.99,Human,HumanControl(Clone)_-16794,36.014,57.690,11.471,1,RobotControl(Clone)_-17164,,
0,131.99,Human,HumanControl(Clone)_-16986,34.196,29.869,8.983,1,,,
0,131.99,Human,HumanControl(Clone)_-17018,35.092,26.631,7.128,1,HumanControl(Clone)_-16986,,
0,132.49,Robot,RobotControl(Clone)_-17146,33.002,24.899,,,,,0
0,132.49,Robot,RobotControl(Clone)_-17164,36.128,64.462,,,,,0
0,132.49,Robot,RobotControl(Clone)_-17182,8.392,11.584,,,,,0
0,132.49,Human,HumanControl(Clone)_-16570,7.041,8.201,98.863,0,,,
0,132.49,Human,HumanControl(Clone)_-16586,8.040,8.254,98.468,0,HumanControl(Clone)_-16570,,
0,132.49,Human,HumanControl(Clone)_-16602,36.610,55.740,2.075,1,HumanControl(Clone)_-16618,,
0,132.49,Human,HumanControl(Clone)_-16618,36.328,60.551,33.518,1,,,
0,132.49,Human,HumanControl(Clone)_-16634,37.082,56.810,21.790,1,HumanControl(Clone)_-16618,,
0,132.49,Human,HumanControl(Clone)_-16682,34.295,35.528,3.669,1,HumanControl(Clone)_-16986,,
0,132.49,Human,HumanControl(Clone)_-16746,35.745,56.271,15.704,1,HumanControl(Clone)_-16618,,
0,132.49,Human,HumanControl(Clone)_-16794,36.699,61.627,11.105,1,,,
0,132.49,Human,HumanControl(Clone)_-16986,26.435,33.250,8.893,1,,,
0,132.49,Human,HumanControl(Clone)_-17018,34.658,30.607,7.128,1,HumanControl(Clone)_-16986,,
0,132.99,Robot,RobotControl(Clone)_-17146,31.440,26.148,,,,,0
0,132.99,Robot,RobotControl(Clone)_-17164,35.614,65.250,,,,,0
0,132.99,Robot,RobotControl(Clone)_-17182,8.325,11.594,,,,,0
0,132.99,Human,HumanControl(Clone)_-16570,7.041,8.201,98.863,0,,,
0,132.99,Human,HumanControl(Clone)_-16586,8.040,8.254,98.468,0,HumanControl(Clone)_-16570,,
0,132.99,Human,HumanControl(Clone)_-16602,36.892,57.509,2.075,1,,,
0,132.99,Human,HumanControl(Clone)_-16618,36.229,62.513,33.518,1,,,
0,132.99,Human,HumanControl(Clone)_-16634,37.155,58.685,21.790,1,,,
0,132.99,Human,HumanControl(Clone)_-16682,33.994,33.575,2.492,1,HumanControl(Clone)_-16986,,
0,132.99,Human,HumanControl(Clone)_-16746,36.199,58.302,15.159,1,HumanControl(Clone)_-16618,,
0,132.99,Human,HumanControl(Clone)_-16794,36.506,63.641,11.105,1,,,
0,132.99,Human,HumanControl(Clone)_-16986,24.436,33.251,8.893,1,,,
0,132.99,Human,HumanControl(Clone)_-17018,33.499,32.237,7.128,1,HumanControl(Clone)_-16986,,
0,133.49,Robot,RobotControl(Clone)_-17146,31.213,30.056,,,,,0
0,133.49,Robot,RobotControl(Clone)_-17164,34.872,65.037,,,,,0
0,133.49,Robot,RobotControl(Clone)_-17182,8.342,11.578,,,,,0
0,133.49,Human,HumanControl(Clone)_-16570,7.041,8.201,98.863,0,,,
0,133.49,Human,HumanControl(Clone)_-16586,8.040,8.254,98.468,0,HumanControl(Clone)_-16570,,
0,133.49,Human,HumanControl(Clone)_-16602,36.763,60.732,2.075,1,,,
0,133.49,Human,HumanControl(Clone)_-16618,36.152,64.570,33.139,1,,,
0,133.49,Human,HumanControl(Clone)_-16634,36.330,63.704,21.642,1,,,
0,133.49,Human,HumanControl(Clone)_-16682,26.346,33.014,2.394,1,HumanControl(Clone)_-16986,,
0,133.49,Human,HumanControl(Clone)_-16746,36.773,61.752,15.116,1,,,
0,133.49,Human,HumanControl(Clone)_-16986,26.713,33.958,8.893,1,,,
0,133.49,Human,HumanControl(Clone)_-17018,24.471,34.001,5.987,1,HumanControl(Clone)_-16986,,
0,133.99,Robot,RobotControl(Clone)_-17146,26.851,33.042,,,,,1
0,133.99,Robot,RobotControl(Clone)_-17164,34.779,64.908,,,,,0
0,133.99,Robot,RobotControl(Clone)_-17182,8.354,11.728,,,,,0
0,133.99,Human,HumanControl(Clone)_-16570,7.041,8.201,98.863,0,,,
0,133.99,Human,HumanControl(Clone)_-16586,8.040,8.254,98.468,0,HumanControl(Clone)_-16570,,
0,133.99,Human,HumanControl(Clone)_-16602,36.684,62.454,2.075,1,,,
0,133.99,Human,HumanControl(Clone)_-16618,35.655,65.451,32.701,1,,,
0,133.99,Human,HumanControl(Clone)_-16634,36.530,64.547,21.599,1,,,
0,133.99,Human,HumanControl(Clone)_-16682,24.989,34.126,2.298,1,HumanControl(Clone)_-16986,,
0,133.99,Human,HumanControl(Clone)_-16746,36.829,63.551,15.116,1,,,
0,133.99,Human,HumanControl(Clone)_-16986,28.597,33.973,8.893,1,RobotControl(Clone)_-17146,,
0,133.99,Human,HumanControl(Clone)_-17018,26.058,34.135,4.737,1,HumanControl(Clone)_-16986,,
0,134.49,Robot,RobotControl(Clone)_-17146,25.230,33.180,,,,,1
0,134.49,Robot,RobotControl(Clone)_-17164,34.118,64.848,,,,,0
0,134.49,Robot,RobotControl(Clone)_-17182,8.387,12.277,,,,,0
0,134.49,Human,HumanControl(Clone)_-16570,7.041,8.201,98.863,0,,,
0,134.49,Human,HumanControl(Clone)_-16586,8.040,8.254,98.468,0,HumanControl(Clone)_-16570,,
0,134.49,Human,HumanControl(Clone)_-16602,36.293,64.304,1.843,1,,,
0,134.49,Human,HumanControl(Clone)_-16634,36.194,66.454,21.496,1,,,
0,134.49,Human,HumanControl(Clone)_-16682,26.134,33.642,1.959,1,HumanControl(Clone)_-16986,,
0,134.49,Human,HumanControl(Clone)_-16746,37.552,65.015,15.116,1,,,
0,134.49,Human,HumanControl(Clone)_-16986,29.842,32.790,8.041,1,RobotControl(Clone)_-17146,,
0,134.49,Human,HumanControl(Clone)_-17018,27.937,34.222,3.508,1,HumanControl(Clone)_-16986,,
0,134.99,Robot,RobotControl(Clone)_-17146,26.845,33.472,,,,,1
0,134.99,Robot,RobotControl(Clone)_-17164,33.574,64.697,,,,,0
0,134.99,Robot,RobotControl(Clone)_-17182,8.341,12.270,,,,,0
0,134.99,Human,HumanControl(Clone)_-16570,7.041,8.201,98.863,0,,,
0,134.99,Human,HumanControl(Clone)_-16586,8.038,8.123,98.468,0,HumanControl(Clone)_-16570,,
0,134.99,Human,HumanControl(Clone)_-16602,36.084,65.355,1.425,1,,,
0,134.99,Human,HumanControl(Clone)_-16682,28.173,33.957,0.708,1,HumanControl(Clone)_-16986,,
0,134.99,Human,HumanControl(Clone)_-16746,37.231,65.968,15.116,1,,,
0,134.99,Human,HumanControl(Clone)_-16986,27.936,32.914,8.041,1,RobotControl(Clone)_-17146,,
0,134.99,Human,HumanControl(Clone)_-17018,34.735,34.116,2.996,1,HumanControl(Clone)_-16986,,
0,135.49,Robot,RobotControl(Clone)_-17146,33.972,34.312,,,,,1
0,135.49,Robot,RobotControl(Clone)_-17164,33.560,64.669,,,,,0
0,135.49,Robot,RobotControl(Clone)_-17182,8.094,12.797,,,,,0
0,135.49,Human,HumanControl(Clone)_-16570,7.041,8.201,98.863,0,,,
0,135.49,Human,HumanControl(Clone)_-16586,8.038,8.123,98.468,0,HumanControl(Clone)_-16570,,
0,135.49,Human,HumanControl(Clone)_-16986,27.487,33.631,8.041,1,RobotControl(Clone)_-17146,,
0,135.49,Human,HumanControl(Clone)_-17018,36.495,33.898,2.702,1,HumanControl(Clone)_-16986,,
0,135.99,Robot,RobotControl(Clone)_-17146,35.634,34.397,,,,,1
0,135.99,Robot,RobotControl(Clone)_-17164,33.554,64.656,,,,,0
0,135.99,Robot,RobotControl(Clone)_-17182,7.633,13.635,,,,,0
0,135.99,Human,HumanControl(Clone)_-16570,7.041,8.201,98.863,0,,,
0,135.99,Human,HumanControl(Clone)_-16586,8.038,8.123,98.468,0,HumanControl(Clone)_-16570,,
0,135.99,Human,HumanControl(Clone)_-16986,27.478,33.615,8.041,1,RobotControl(Clone)_-17146,,
0,135.99,Human,HumanControl(Clone)_-17018,34.499,33.648,2.164,1,HumanControl(Clone)_-16986,,
0,136.49,Robot,RobotControl(Clone)_-17146,34.527,35.964,,,,,1
0,136.49,Robot,RobotControl(Clone)_-17164,31.234,61.389,,,,,0
0,136.49,Robot,RobotControl(Clone)_-17182,6.982,14.621,,,,,0
0,136.49,Human,HumanControl(Clone)_-16570,7.041,8.201,98.863,0,,,
0,136.49,Human,HumanControl(Clone)_-16586,8.038,8.123,98.468,0,HumanControl(Clone)_-16570,,
0,136.49,Human,HumanControl(Clone)_-16986,36.749,34.304,8.041,1,RobotControl(Clone)_-17146,,
0,136.49,Human,HumanControl(Clone)_-17018,33.752,34.196,1.725,1,HumanControl(Clone)_-16986,,
0,136.99,Robot,RobotControl(Clone)_-17146,34.493,37.626,,,,,1
0,136.99,Robot,RobotControl(Clone)_-17164,30.074,59.755,,,,,0
0,136.99,Robot,RobotControl(Clone)_-17182,6.979,14.621,,,,,0
0,136.99,Human,HumanControl(Clone)_-16570,7.041,8.201,98.863,0,,,
0,136.99,Human,HumanControl(Clone)_-16586,8.038,8.123,98.468,0,HumanControl(Clone)_-16570,,
0,136.99,Human,HumanControl(Clone)_-16986,38.379,35.456,8.041,1,RobotControl(Clone)_-17146,,
0,136.99,Human,HumanControl(Clone)_-17018,33.749,34.199,0.505,1,HumanControl(Clone)_-16986,,
0,137.49,Robot,RobotControl(Clone)_-17146,34.918,40.929,,,,,1
0,137.49,Robot,RobotControl(Clone)_-17164,27.756,56.494,,,,,0
0,137.49,Robot,RobotControl(Clone)_-17182,7.017,10.621,,,,,0
0,137.49,Human,HumanControl(Clone)_-16570,7.041,8.201,98.863,0,,,
0,137.49,Human,HumanControl(Clone)_-16586,8.038,8.123,98.468,0,HumanControl(Clone)_-16570,,
0,137.49,Human,HumanControl(Clone)_-16986,35.905,36.817,7.322,1,RobotControl(Clone)_-17146,,
0,137.99,Robot,RobotControl(Clone)_-17146,35.172,42.576,,,,,1
0,137.99,Robot,RobotControl(Clone)_-17164,26.597,54.863,,,,,0
0,137.99,Robot,RobotControl(Clone)_-17182,6.639,11.607,,,,,0
0,137.99,Human,HumanControl(Clone)_-16570,7.041,8.201,98.863,0,,,
0,137.99,Human,HumanControl(Clone)_-16586,8.038,8.123,98.468,0,HumanControl(Clone)_-16570,,
0,137.99,Human,HumanControl(Clone)_-16986,34.188,37.842,6.716,1,RobotControl(Clone)_-17146,,
0,138.49,Robot,RobotControl(Clone)_-17146,35.500,50.046,,,,,1
0,138.49,Robot,RobotControl(Clone)_-17164,24.279,51.603,,,,,0
0,138.49,Robot,RobotControl(Clone)_-17182,6.439,12.429,,,,,0
0,138.49,Human,HumanControl(Clone)_-16570,7.041,8.201,98.863,0,,,
0,138.49,Human,HumanControl(Clone)_-16586,8.023,8.010,98.468,0,HumanControl(Clone)_-16570,,
0,138.49,Human,HumanControl(Clone)_-16986,33.578,41.640,6.400,1,RobotControl(Clone)_-17146,,
0,138.99,Robot,RobotControl(Clone)_-17146,35.486,49.834,,,,,1
0,138.99,Robot,RobotControl(Clone)_-17164,23.120,49.973,,,,,0
0,138.99,Robot,RobotControl(Clone)_-17182,6.439,12.429,,,,,0
0,138.99,Human,HumanControl(Clone)_-16570,7.041,8.201,98.863,0,,,
0,138.99,Human,HumanControl(Clone)_-16586,8.023,8.010,98.468,0,HumanControl(Clone)_-16570,,
0,138.99,Human,HumanControl(Clone)_-16986,35.489,48.780,6.063,1,RobotControl(Clone)_-17146,,
0,139.49,Robot,RobotControl(Clone)_-17146,35.550,49.751,,,,,1
0,139.49,Robot,RobotControl(Clone)_-17164,22.026,41.399,,,,,0
0,139.49,Robot,RobotControl(Clone)_-17182,6.295,13.201,,,,,0
0,139.49,Human,HumanControl(Clone)_-16570,7.041,8.201,98.863,0,,,
0,139.49,Human,HumanControl(Clone)_-16586,8.020,7.997,98.468,0,HumanControl(Clone)_-16570,,
0,139.49,Human,HumanControl(Clone)_-16986,36.016,51.157,6.063,1,RobotControl(Clone)_-17146,,
0,139.99,Robot,RobotControl(Clone)_-17146,35.607,51.431,,,,,1
0,139.99,Robot,RobotControl(Clone)_-17164,22.975,39.639,,,,,0
0,139.99,Robot,RobotControl(Clone)_-17182,6.129,13.996,,,,,0
0,139.99,Human,HumanControl(Clone)_-16570,7.041,8.201,98.863,0,,,
0,139.99,Human,HumanControl(Clone)_-16586,8.018,7.986,98.468,0,HumanControl(Clone)_-16570,,
0,139.99,Human,HumanControl(Clone)_-16986,36.597,49.343,6.063,1,RobotControl(Clone)_-17146,,
0,140.49,Robot,RobotControl(Clone)_-17146,35.697,54.769,,,,,1
0,140.49,Robot,RobotControl(Clone)_-17164,20.420,38.285,,,,,0
0,140.49,Robot,RobotControl(Clone)_-17182,5.969,14.814,,,,,0
0,140.49,Human,HumanControl(Clone)_-16570,7.041,8.201,98.863,0,,,
0,140.49,Human,HumanControl(Clone)_-16586,8.016,7.976,98.468,0,HumanControl(Clone)_-16570,,
0,140.49,Human,HumanControl(Clone)_-16986,35.524,50.423,5.550,1,RobotControl(Clone)_-17146,,
0,140.99,Robot,RobotControl(Clone)_-17146,35.741,56.439,,,,,1
0,140.99,Robot,RobotControl(Clone)_-17164,18.669,37.318,,,,,0
0,140.99,Robot,RobotControl(Clone)_-17182,5.969,14.814,,,,,0
0,140.99,Human,HumanControl(Clone)_-16570,7.041,8.201,98.863,0,,,
0,140.99,Human,HumanControl(Clone)_-16586,8.016,7.976,98.468,0,HumanControl(Clone)_-16570,,
0,140.99,Human,HumanControl(Clone)_-16986,35.589,52.416,4.993,1,RobotControl(Clone)_-17146,,
0,141.49,Robot,RobotControl(Clone)_-17146,35.823,59.772,,,,,1
0,141.49,Robot,RobotControl(Clone)_-17164,15.169,35.382,,,,,0
0,141.49,Robot,RobotControl(Clone)_-17182,6.609,10.866,,,,,0
0,141.49,Human,HumanControl(Clone)_-16570,7.041,8.201,98.863,0,,,
0,141.49,Human,HumanControl(Clone)_-16586,8.014,7.968,98.468,0,HumanControl(Clone)_-16570,,
0,141.49,Human,HumanControl(Clone)_-16986,35.705,56.411,4.438,1,RobotControl(Clone)_-17146,,
0,141.99,Robot,RobotControl(Clone)_-17146,35.863,61.439,,,,,0
0,141.99,Robot,RobotControl(Clone)_-17164,13.419,34.415,,,,,0
0,141.99,Robot,RobotControl(Clone)_-17182,6.449,11.663,,,,,0
0,141.99,Human,HumanControl(Clone)_-16570,7.041,8.201,98.863,0,,,
0,141.99,Human,HumanControl(Clone)_-16586,8.012,7.960,98.468,0,HumanControl(Clone)_-16570,,
0,141.99,Human,HumanControl(Clone)_-16986,35.756,58.409,3.893,1,,,
0,142.49,Robot,RobotControl(Clone)_-17146,34.964,62.644,,,,,0
0,142.49,Robot,RobotControl(Clone)_-17164,5.112,33.731,,,,,0
0,142.49,Robot,RobotControl(Clone)_-17182,6.255,12.457,,,,,0
0,142.49,Human,HumanControl(Clone)_-16570,7.041,8.201,98.863,0,,,
0,142.49,Human,HumanControl(Clone)_-16586,8.010,7.954,98.468,0,HumanControl(Clone)_-16570,,
0,142.49,Human,HumanControl(Clone)_-16986,35.950,62.381,3.356,1,,,
0,142.99,Robot,RobotControl(Clone)_-17146,34.282,63.834,,,,,0
0,142.99,Robot,RobotControl(Clone)_-17164,4.241,34.396,,,,,0
0,142.99,Robot,RobotControl(Clone)_-17182,6.255,12.457,,,,,0
0,142.99,Human,HumanControl(Clone)_-16570,7.041,8.201,98.863,0,,,
0,142.99,Human,HumanControl(Clone)_-16586,8.010,7.954,98.468,0,HumanControl(Clone)_-16570,,
0,142.99,Human,HumanControl(Clone)_-16986,36.058,64.369,2.824,1,,,
0,143.49,Robot,RobotControl(Clone)_-17146,33.679,65.015,,,,,0
0,143.49,Robot,RobotControl(Clone)_-17164,4.483,31.552,,,,,0
0,143.49,Robot,RobotControl(Clone)_-17182,5.958,13.280,,,,,0
0,143.49,Human,HumanControl(Clone)_-16570,7.041,8.201,98.863,0,,,
0,143.49,Human,HumanControl(Clone)_-16586,8.009,7.948,98.468,0,HumanControl(Clone)_-16570,,
0,143.99,Robot,RobotControl(Clone)_-17146,33.671,65.017,,,,,0
0,143.99,Robot,RobotControl(Clone)_-17164,4.753,29.566,,,,,0
0,143.99,Robot,RobotControl(Clone)_-17182,5.353,14.719,,,,,0
0,143.99,Human,HumanControl(Clone)_-16570,7.041,8.201,98.863,0,,,
0,143.99,Human,HumanControl(Clone)_-16586,8.007,7.943,98.468,0,HumanControl(Clone)_-16570,,
0,144.49,Robot,RobotControl(Clone)_-17146,32.515,63.382,,,,,0
0,144.49,Robot,RobotControl(Clone)_-17164,5.206,25.590,,,,,0
0,144.49,Robot,RobotControl(Clone)_-17182,5.854,12.783,,,,,0
0,144.49,Human,HumanControl(Clone)_-16570,7.041,8.201,98.863,0,,,
0,144.49,Human,HumanControl(Clone)_-16586,8.006,7.939,98.468,0,HumanControl(Clone)_-16570,,
0,144.99,Robot,RobotControl(Clone)_-17146,31.362,61.747,,,,,0
0,144.99,Robot,RobotControl(Clone)_-17164,5.428,23.602,,,,,0
0,144.99,Robot,RobotControl(Clone)_-17182,6.356,10.847,,,,,0
0,144.99,Human,HumanControl(Clone)_-16570,7.041,8.201,98.863,0,,,
0,144.99,Human,HumanControl(Clone)_-16586,8.006,7.939,98.468,0,HumanControl(Clone)_-16570,,
0,145.49,Robot,RobotControl(Clone)_-17146,29.060,58.476,,,,,0
0,145.49,Robot,RobotControl(Clone)_-17164,5.851,19.624,,,,,0
0,145.49,Robot,RobotControl(Clone)_-17182,5.629,12.247,,,,,0
0,145.49,Human,HumanControl(Clone)_-16570,7.041,8.201,98.863,0,,,
0,145.49,Human,HumanControl(Clone)_-16586,8.005,7.935,98.468,0,HumanControl(Clone)_-16570,,
0,145.99,Robot,RobotControl(Clone)_-17146,27.909,56.840,,,,,0
0,145.99,Robot,RobotControl(Clone)_-17164,6.061,17.635,,,,,0
0,145.99,Robot,RobotControl(Clone)_-17182,4.863,13.628,,,,,0
0,145.99,Human,HumanControl(Clone)_-16570,7.041,8.201,98.863,0,,,
0,145.99,Human,HumanControl(Clone)_-16586,8.004,7.932,98.468,0,HumanControl(Clone)_-16570,,
0,146.49,Robot,RobotControl(Clone)_-17146,25.607,53.568,,,,,0
0,146.49,Robot,RobotControl(Clone)_-17164,6.476,13.657,,,,,0
0,146.49,Robot,RobotControl(Clone)_-17182,4.207,15.026,,,,,0
0,146.49,Human,HumanControl(Clone)_-16570,7.041,8.201,98.863,0,,,
0,146.49,Human,HumanControl(Clone)_-16586,8.003,7.929,98.468,0,HumanControl(Clone)_-16570,,
0,146.99,Robot,RobotControl(Clone)_-17146,24.457,51.932,,,,,0
0,146.99,Robot,RobotControl(Clone)_-17164,6.683,11.667,,,,,0
0,146.99,Robot,RobotControl(Clone)_-17182,4.240,15.027,,,,,0
0,146.99,Human,HumanControl(Clone)_-16570,7.041,8.201,98.863,0,,,
0,146.99,Human,HumanControl(Clone)_-16586,8.003,7.929,98.468,0,HumanControl(Clone)_-16570,,
0,147.49,Robot,RobotControl(Clone)_-17146,22.156,48.661,,,,,0
0,147.49,Robot,RobotControl(Clone)_-17164,6.202,10.671,,,,,0
0,147.49,Robot,RobotControl(Clone)_-17182,5.649,11.521,,,,,0
0,147.49,Human,HumanControl(Clone)_-16570,7.041,8.201,98.863,0,,,
0,147.49,Human,HumanControl(Clone)_-16586,8.003,7.926,98.468,0,HumanControl(Clone)_-16570,,
0,147.99,Robot,RobotControl(Clone)_-17146,22.044,41.413,,,,,0
0,147.99,Robot,RobotControl(Clone)_-17164,6.241,10.611,,,,,0
0,147.99,Robot,RobotControl(Clone)_-17182,4.879,12.959,,,,,0
0,147.99,Human,HumanControl(Clone)_-16570,7.041,8.201,98.863,0,,,
0,147.99,Human,HumanControl(Clone)_-16586,8.002,7.924,98.468,0,HumanControl(Clone)_-16570,,
0,148.49,Robot,RobotControl(Clone)_-17146,22.206,39.264,,,,,0
0,148.49,Robot,RobotControl(Clone)_-17164,5.524,11.833,,,,,0
0,148.49,Robot,RobotControl(Clone)_-17182,4.208,14.395,,,,,0
0,148.49,Human,HumanControl(Clone)_-16570,7.041,8.201,98.863,0,,,
0,148.49,Human,HumanControl(Clone)_-16586,8.001,7.922,98.468,0,HumanControl(Clone)_-16570,,
0,149.00,Robot,RobotControl(Clone)_-17146,20.452,38.301,,,,,0
0,149.00,Robot,RobotControl(Clone)_-17164,4.855,13.161,,,,,0
0,149.00,Robot,RobotControl(Clone)_-17182,4.243,14.381,,,,,0
0,149.00,Human,HumanControl(Clone)_-16570,7.041,8.201,98.863,0,,,
0,149.00,Human,HumanControl(Clone)_-16586,8.001,7.922,98.468,0,HumanControl(Clone)_-16570,,
0,149.50,Robot,RobotControl(Clone)_-17146,16.951,36.367,,,,,0
0,149.50,Robot,RobotControl(Clone)_-17164,5.192,14.495,,,,,0
0,149.50,Robot,RobotControl(Clone)_-17182,5.043,11.391,,,,,0
0,149.50,Human,HumanControl(Clone)_-16570,7.041,8.201,98.863,0,,,
0,149.50,Human,HumanControl(Clone)_-16586,8.001,7.920,98.468,0,HumanControl(Clone)_-16570,,
0,150.00,Robot,RobotControl(Clone)_-17146,15.201,35.399,,,,,0
0,150.00,Robot,RobotControl(Clone)_-17164,4.442,16.327,,,,,0
0,150.00,Robot,RobotControl(Clone)_-17182,4.340,12.752,,,,,0
0,150.00,Human,HumanControl(Clone)_-16570,7.041,8.201,98.863,0,,,
0,150.00,Human,HumanControl(Clone)_-16586,8.000,7.919,98.468,0,HumanControl(Clone)_-16570,,
0,150.02,Robot,RobotControl(Clone)_-17146,15.201,35.399,,,,,0
0,150.02,Robot,RobotControl(Clone)_-17164,4.445,16.328,,,,,0
0,150.02,Robot,RobotControl(Clone)_-17182,4.340,12.752,,,,,0
0,150.02,Human,HumanControl(Clone)_-16570,7.041,8.201,98.863,0,,,
0,150.02,Human,HumanControl(Clone)_-16586,8.000,7.919,98.468,0,HumanControl(Clone)_-16570,,
